Job_ID,Machine_ID,Job_Status,orig_Scheduled_start,orig_Scheduled_end,pred_abnormal_prob,priority_score,optimized_start,optimized_end,Processing_Time,Energy_Consumption
J001,M01,Completed,2023-03-18 08:00:00,2023-03-18 09:16:00,0.0,0.18068538734810777,2023-03-18 08:00:00,2023-03-18 09:16:00,76.0,11.42
J002,M01,Delayed,2023-03-18 08:10:00,2023-03-18 09:29:00,1.0,0.760514445851117,2023-03-18 09:16:00,2023-03-18 10:35:00,79.0,6.61
J010,M01,Delayed,2023-03-18 09:30:00,2023-03-18 09:57:00,0.9933333333333333,0.8645829845860196,2023-03-18 10:35:00,2023-03-18 11:02:00,27.0,3.66
J005,M01,Completed,2023-03-18 08:40:00,2023-03-18 09:26:00,0.0,0.3485231100210987,2023-03-18 11:02:00,2023-03-18 11:48:00,46.0,8.13
J011,M01,Completed,2023-03-18 09:40:00,2023-03-18 10:45:00,0.0,0.2619694233790324,2023-03-18 11:48:00,2023-03-18 12:53:00,65.0,9.98
J026,M01,Completed,2023-03-18 12:10:00,2023-03-18 12:31:00,0.0,0.42903633892674375,2023-03-18 12:53:00,2023-03-18 13:14:00,21.0,3.89
J016,M01,Completed,2023-03-18 10:30:00,2023-03-18 11:35:00,0.0,0.1947698129463999,2023-03-18 13:14:00,2023-03-18 14:19:00,65.0,12.29
J034,M01,Delayed,2023-03-18 13:30:00,2023-03-18 15:20:00,0.9933333333333333,0.5783547453389972,2023-03-18 14:19:00,2023-03-18 16:09:00,110.0,12.52
J038,M01,Completed,2023-03-18 14:10:00,2023-03-18 14:53:00,0.0,0.3730177941077285,2023-03-18 16:09:00,2023-03-18 16:52:00,43.0,4.98
J050,M01,Delayed,2023-03-18 16:10:00,2023-03-18 17:54:00,1.0,0.7365040777925507,2023-03-18 16:52:00,2023-03-18 18:36:00,104.0,3.09
J060,M01,Completed,2023-03-18 17:50:00,2023-03-18 18:56:00,0.0,0.3319930609188838,2023-03-18 18:36:00,2023-03-18 19:42:00,66.0,8.69
J058,M01,Completed,2023-03-18 17:30:00,2023-03-18 18:53:00,0.02,0.2973933571404316,2023-03-18 19:42:00,2023-03-18 21:05:00,83.0,8.42
J076,M01,Failed,2023-03-18 20:30:00,2023-03-18 22:09:00,0.94,0.5995068169430398,2023-03-18 21:05:00,2023-03-18 22:44:00,99.0,10.01
J077,M01,Completed,2023-03-18 20:40:00,2023-03-18 21:42:00,0.0,0.33990727590848746,2023-03-18 22:44:00,2023-03-18 23:46:00,62.0,7.46
J082,M01,Completed,2023-03-18 21:30:00,2023-03-18 21:54:00,0.006666666666666667,0.27278127664589635,2023-03-18 23:46:00,2023-03-19 00:10:00,24.0,13.39
J040,M01,Completed,2023-03-18 14:30:00,2023-03-18 15:20:00,0.0,0.2632441261358952,2023-03-19 00:10:00,2023-03-19 01:00:00,50.0,9.94
J056,M01,Completed,2023-03-18 17:10:00,2023-03-18 18:54:00,0.006666666666666667,0.1903400154310707,2023-03-19 01:00:00,2023-03-19 02:44:00,104.0,11.91
J113,M01,Completed,2023-03-19 02:40:00,2023-03-19 04:23:00,0.0,0.2598517834744374,2023-03-19 02:44:00,2023-03-19 04:27:00,103.0,2.25
J114,M01,Delayed,2023-03-19 02:50:00,2023-03-19 04:46:00,0.9933333333333333,0.6260256863707927,2023-03-19 04:27:00,2023-03-19 06:23:00,116.0,4.36
J132,M01,Delayed,2023-03-19 05:50:00,2023-03-19 07:00:00,1.0,0.7307805457618441,2023-03-19 06:23:00,2023-03-19 07:33:00,70.0,10.68
J124,M01,Completed,2023-03-19 04:30:00,2023-03-19 05:10:00,0.0,0.46283731688848473,2023-03-19 07:33:00,2023-03-19 08:13:00,40.0,4.42
J146,M01,Failed,2023-03-19 08:10:00,2023-03-19 09:12:00,0.9866666666666667,0.7964422752589495,2023-03-19 08:13:00,2023-03-19 09:15:00,62.0,2.21
J135,M01,Completed,2023-03-19 06:20:00,2023-03-19 06:43:00,0.013333333333333334,0.41977378972038826,2023-03-19 09:15:00,2023-03-19 09:38:00,23.0,8.31
J148,M01,Completed,2023-03-19 08:30:00,2023-03-19 09:09:00,0.0,0.34784756321402954,2023-03-19 09:38:00,2023-03-19 10:17:00,39.0,9.65
J126,M01,Completed,2023-03-19 04:50:00,2023-03-19 06:00:00,0.0,0.28307734448903665,2023-03-19 10:17:00,2023-03-19 11:27:00,70.0,5.07
J163,M01,Completed,2023-03-19 11:00:00,2023-03-19 11:43:00,0.0,0.3631245181292855,2023-03-19 11:27:00,2023-03-19 12:10:00,43.0,10.4
J167,M01,Completed,2023-03-19 11:40:00,2023-03-19 12:15:00,0.006666666666666667,0.36178494908018255,2023-03-19 12:10:00,2023-03-19 12:45:00,35.0,7.2
J133,M01,Completed,2023-03-19 06:00:00,2023-03-19 07:25:00,0.006666666666666667,0.25795120318873005,2023-03-19 12:45:00,2023-03-19 14:10:00,85.0,6.51
J182,M01,Failed,2023-03-19 14:10:00,2023-03-19 15:29:00,0.9866666666666667,0.7657914819315296,2023-03-19 14:10:00,2023-03-19 15:29:00,79.0,6.22
J174,M01,Delayed,2023-03-19 12:50:00,2023-03-19 14:43:00,1.0,0.6058962987166738,2023-03-19 15:29:00,2023-03-19 17:22:00,113.0,12.49
J186,M01,Completed,2023-03-19 14:50:00,2023-03-19 16:00:00,0.013333333333333334,0.26442125553678925,2023-03-19 17:22:00,2023-03-19 18:32:00,70.0,12.13
J208,M01,Completed,2023-03-19 18:30:00,2023-03-19 18:50:00,0.013333333333333334,0.48265259911437874,2023-03-19 18:32:00,2023-03-19 18:52:00,20.0,5.06
J209,M01,Delayed,2023-03-19 18:40:00,2023-03-19 20:26:00,0.9933333333333333,0.6129337332852844,2023-03-19 18:52:00,2023-03-19 20:38:00,106.0,11.95
J216,M01,Completed,2023-03-19 19:50:00,2023-03-19 20:32:00,0.0,0.285751937684678,2023-03-19 20:38:00,2023-03-19 21:20:00,42.0,10.46
J223,M01,Failed,2023-03-19 21:00:00,2023-03-19 21:58:00,0.9866666666666667,0.7012237547952607,2023-03-19 21:20:00,2023-03-19 22:18:00,58.0,10.74
J229,M01,Completed,2023-03-19 22:00:00,2023-03-19 22:59:00,0.0,0.25536896889133043,2023-03-19 22:18:00,2023-03-19 23:17:00,59.0,13.77
J230,M01,Completed,2023-03-19 22:10:00,2023-03-19 23:15:00,0.0,0.25476250863732236,2023-03-19 23:17:00,2023-03-20 00:22:00,65.0,11.13
J237,M01,Completed,2023-03-19 23:20:00,2023-03-20 00:43:00,0.0,0.3125624923987004,2023-03-20 00:22:00,2023-03-20 01:45:00,83.0,6.17
J246,M01,Completed,2023-03-20 00:50:00,2023-03-20 01:30:00,0.0,0.4317940185898704,2023-03-20 01:45:00,2023-03-20 02:25:00,40.0,3.02
J251,M01,Completed,2023-03-20 01:40:00,2023-03-20 02:01:00,0.02,0.4079750639139903,2023-03-20 02:25:00,2023-03-20 02:46:00,21.0,8.57
J256,M01,Completed,2023-03-20 02:30:00,2023-03-20 03:30:00,0.006666666666666667,0.3980635068801991,2023-03-20 02:46:00,2023-03-20 03:46:00,60.0,4.89
J261,M01,Delayed,2023-03-20 03:20:00,2023-03-20 05:04:00,1.0,0.706105993145981,2023-03-20 03:46:00,2023-03-20 05:30:00,104.0,4.72
J269,M01,Delayed,2023-03-20 04:40:00,2023-03-20 05:05:00,0.9933333333333333,0.9327611690570655,2023-03-20 05:30:00,2023-03-20 05:55:00,25.0,4.0
J273,M01,Delayed,2023-03-20 05:20:00,2023-03-20 06:38:00,0.9933333333333333,0.788890800192098,2023-03-20 05:55:00,2023-03-20 07:13:00,78.0,5.42
J271,M01,Completed,2023-03-20 05:00:00,2023-03-20 05:21:00,0.0,0.44751623179730815,2023-03-20 07:13:00,2023-03-20 07:34:00,21.0,7.47
J248,M01,Completed,2023-03-20 01:10:00,2023-03-20 02:01:00,0.0,0.35554589539448933,2023-03-20 07:34:00,2023-03-20 08:25:00,51.0,5.84
J255,M01,Completed,2023-03-20 02:20:00,2023-03-20 02:58:00,0.0,0.33855516780902545,2023-03-20 08:25:00,2023-03-20 09:03:00,38.0,11.78
J253,M01,Completed,2023-03-20 02:00:00,2023-03-20 02:43:00,0.0,0.3339925130987752,2023-03-20 09:03:00,2023-03-20 09:46:00,43.0,9.9
J297,M01,Delayed,2023-03-20 09:20:00,2023-03-20 10:39:00,0.98,0.8428831915420183,2023-03-20 09:46:00,2023-03-20 11:05:00,79.0,2.05
J283,M01,Completed,2023-03-20 07:00:00,2023-03-20 07:37:00,0.0,0.30825477824689607,2023-03-20 11:05:00,2023-03-20 11:42:00,37.0,9.47
J308,M01,Completed,2023-03-20 11:10:00,2023-03-20 12:00:00,0.0,0.4534117193547661,2023-03-20 11:42:00,2023-03-20 12:32:00,50.0,3.41
J178,M01,Completed,2023-03-19 13:30:00,2023-03-19 14:52:00,0.0,0.2523225662582858,2023-03-20 12:32:00,2023-03-20 13:54:00,82.0,10.58
J321,M01,Delayed,2023-03-20 13:20:00,2023-03-20 14:30:00,1.0,0.6781286770796677,2023-03-20 13:54:00,2023-03-20 15:04:00,70.0,10.34
J326,M01,Completed,2023-03-20 14:10:00,2023-03-20 15:10:00,0.006666666666666667,0.33721864221589365,2023-03-20 15:04:00,2023-03-20 16:04:00,60.0,4.74
J330,M01,Completed,2023-03-20 14:50:00,2023-03-20 15:44:00,0.006666666666666667,0.33387671956266735,2023-03-20 16:04:00,2023-03-20 16:58:00,54.0,8.66
J162,M01,Completed,2023-03-19 10:50:00,2023-03-19 11:48:00,0.0,0.24242036279630028,2023-03-20 16:58:00,2023-03-20 17:56:00,58.0,11.7
J323,M01,Completed,2023-03-20 13:40:00,2023-03-20 15:10:00,0.0,0.23637645579916833,2023-03-20 17:56:00,2023-03-20 19:26:00,90.0,5.88
J212,M01,Completed,2023-03-19 19:10:00,2023-03-19 20:46:00,0.0,0.23041350485882037,2023-03-20 19:26:00,2023-03-20 21:02:00,96.0,4.27
J358,M01,Failed,2023-03-20 19:30:00,2023-03-20 20:36:00,0.9866666666666667,0.7060299878007642,2023-03-20 21:02:00,2023-03-20 22:08:00,66.0,8.79
J371,M01,Completed,2023-03-20 21:40:00,2023-03-20 22:12:00,0.0,0.4413488617510628,2023-03-20 22:08:00,2023-03-20 22:40:00,32.0,4.38
J191,M01,Completed,2023-03-19 15:40:00,2023-03-19 17:34:00,0.006666666666666667,0.21203481719582654,2023-03-20 22:40:00,2023-03-21 00:34:00,114.0,5.81
J383,M01,Delayed,2023-03-20 23:40:00,2023-03-21 00:45:00,0.9866666666666667,0.8504851068920987,2023-03-21 00:34:00,2023-03-21 01:39:00,65.0,3.68
J378,M01,Failed,2023-03-20 22:50:00,2023-03-20 23:53:00,0.9933333333333333,0.7573123600701324,2023-03-21 01:39:00,2023-03-21 02:42:00,63.0,4.78
J379,M01,Completed,2023-03-20 23:00:00,2023-03-20 23:47:00,0.006666666666666667,0.43212581666359384,2023-03-21 02:42:00,2023-03-21 03:29:00,47.0,5.13
J404,M01,Delayed,2023-03-21 03:10:00,2023-03-21 04:39:00,0.9933333333333333,0.599965649044472,2023-03-21 03:29:00,2023-03-21 04:58:00,89.0,11.11
J412,M01,Delayed,2023-03-21 04:30:00,2023-03-21 05:16:00,1.0,0.9048697394381526,2023-03-21 04:58:00,2023-03-21 05:44:00,46.0,2.94
J417,M01,Failed,2023-03-21 05:20:00,2023-03-21 06:10:00,0.9933333333333333,0.7880836744399056,2023-03-21 05:44:00,2023-03-21 06:34:00,50.0,6.94
J424,M01,Failed,2023-03-21 06:30:00,2023-03-21 07:34:00,1.0,0.7517132649913347,2023-03-21 06:34:00,2023-03-21 07:38:00,64.0,8.93
J387,M01,Completed,2023-03-21 00:20:00,2023-03-21 01:02:00,0.0,0.3570663068707271,2023-03-21 07:38:00,2023-03-21 08:20:00,42.0,4.47
J431,M01,Completed,2023-03-21 07:40:00,2023-03-21 08:28:00,0.006666666666666667,0.47031485614418195,2023-03-21 08:20:00,2023-03-21 09:08:00,48.0,2.15
J393,M01,Completed,2023-03-21 01:20:00,2023-03-21 02:29:00,0.006666666666666667,0.3503190155444142,2023-03-21 09:08:00,2023-03-21 10:17:00,69.0,2.09
J389,M01,Completed,2023-03-21 00:40:00,2023-03-21 01:51:00,0.0,0.29861492108336163,2023-03-21 10:17:00,2023-03-21 11:28:00,71.0,9.02
J451,M01,Delayed,2023-03-21 11:00:00,2023-03-21 12:49:00,0.9933333333333333,0.6034007015917873,2023-03-21 11:28:00,2023-03-21 13:17:00,109.0,9.01
J447,M01,Completed,2023-03-21 10:20:00,2023-03-21 11:33:00,0.0,0.36338727022331907,2023-03-21 13:17:00,2023-03-21 14:30:00,73.0,3.13
J465,M01,Failed,2023-03-21 13:20:00,2023-03-21 13:48:00,0.98,0.9166924883014238,2023-03-21 14:30:00,2023-03-21 14:58:00,28.0,2.46
J471,M01,Completed,2023-03-21 14:20:00,2023-03-21 14:42:00,0.013333333333333334,0.49389656291564077,2023-03-21 14:58:00,2023-03-21 15:20:00,22.0,2.3
J466,M01,Completed,2023-03-21 13:30:00,2023-03-21 13:51:00,0.0,0.3855270259424114,2023-03-21 15:20:00,2023-03-21 15:41:00,21.0,11.49
J467,M01,Completed,2023-03-21 13:40:00,2023-03-21 14:17:00,0.0,0.28510418781719243,2023-03-21 15:41:00,2023-03-21 16:18:00,37.0,10.63
J481,M01,Delayed,2023-03-21 16:00:00,2023-03-21 16:38:00,0.9933333333333333,0.8471426364158137,2023-03-21 16:18:00,2023-03-21 16:56:00,38.0,8.81
J480,M01,Completed,2023-03-21 15:50:00,2023-03-21 16:44:00,0.0,0.4103922006298555,2023-03-21 16:56:00,2023-03-21 17:50:00,54.0,5.21
J487,M01,Delayed,2023-03-21 17:00:00,2023-03-21 18:40:00,1.0,0.6203993015972048,2023-03-21 17:50:00,2023-03-21 19:30:00,100.0,9.22
J495,M01,Completed,2023-03-21 18:20:00,2023-03-21 19:04:00,0.0,0.36284827335220105,2023-03-21 19:30:00,2023-03-21 20:14:00,44.0,6.16
J504,M01,Delayed,2023-03-21 19:50:00,2023-03-21 21:11:00,1.0,0.6170937990243655,2023-03-21 20:14:00,2023-03-21 21:35:00,81.0,13.88
J507,M01,Delayed,2023-03-21 20:20:00,2023-03-21 20:42:00,0.9733333333333334,0.7902474937943361,2023-03-21 21:35:00,2023-03-21 21:57:00,22.0,14.51
J516,M01,Failed,2023-03-21 21:50:00,2023-03-21 22:40:00,0.9866666666666667,0.8238086673386404,2023-03-21 21:57:00,2023-03-21 22:47:00,50.0,4.77
J510,M01,Failed,2023-03-21 20:50:00,2023-03-21 21:51:00,0.9933333333333333,0.660084546906897,2023-03-21 22:47:00,2023-03-21 23:48:00,61.0,14.14
J514,M01,Failed,2023-03-21 21:30:00,2023-03-21 23:26:00,0.98,0.5935719266918995,2023-03-21 23:48:00,2023-03-22 01:44:00,116.0,9.83
J538,M01,Completed,2023-03-22 01:30:00,2023-03-22 02:45:00,0.0,0.37860802256540343,2023-03-22 01:44:00,2023-03-22 02:59:00,75.0,2.16
J541,M01,Completed,2023-03-22 02:00:00,2023-03-22 02:53:00,0.0,0.40355892140266814,2023-03-22 02:59:00,2023-03-22 03:52:00,53.0,4.45
J527,M01,Completed,2023-03-21 23:40:00,2023-03-22 00:47:00,0.006666666666666667,0.36002623463310135,2023-03-22 03:52:00,2023-03-22 04:59:00,67.0,3.15
J497,M01,Completed,2023-03-21 18:40:00,2023-03-21 19:03:00,0.006666666666666667,0.3580552895445352,2023-03-22 04:59:00,2023-03-22 05:22:00,23.0,10.07
J560,M01,Delayed,2023-03-22 05:10:00,2023-03-22 06:29:00,1.0,0.6863838611068568,2023-03-22 05:22:00,2023-03-22 06:41:00,79.0,12.1
J551,M01,Completed,2023-03-22 03:40:00,2023-03-22 05:05:00,0.0,0.277464695865399,2023-03-22 06:41:00,2023-03-22 08:06:00,85.0,5.05
J455,M01,Completed,2023-03-21 11:40:00,2023-03-21 13:27:00,0.02,0.2730992371027752,2023-03-22 08:06:00,2023-03-22 09:53:00,107.0,2.35
J491,M01,Completed,2023-03-21 17:40:00,2023-03-21 18:16:00,0.0,0.26922168568893506,2023-03-22 09:53:00,2023-03-22 10:29:00,36.0,13.87
J384,M01,Completed,2023-03-20 23:50:00,2023-03-21 00:40:00,0.0,0.2689171367274735,2023-03-22 10:29:00,2023-03-22 11:19:00,50.0,11.62
J592,M01,Failed,2023-03-22 10:30:00,2023-03-22 11:39:00,0.9866666666666667,0.8004128754300921,2023-03-22 11:19:00,2023-03-22 12:28:00,69.0,6.62
J600,M01,Completed,2023-03-22 11:50:00,2023-03-22 12:53:00,0.0,0.27753631864305806,2023-03-22 12:28:00,2023-03-22 13:31:00,63.0,10.66
J610,M01,Failed,2023-03-22 13:30:00,2023-03-22 15:26:00,0.94,0.6892188041105435,2023-03-22 13:31:00,2023-03-22 15:27:00,116.0,2.46
J611,M01,Failed,2023-03-22 13:40:00,2023-03-22 14:50:00,1.0,0.7917309170595976,2023-03-22 15:27:00,2023-03-22 16:37:00,70.0,7.41
J616,M01,Failed,2023-03-22 14:30:00,2023-03-22 15:15:00,0.9666666666666667,0.790856125045837,2023-03-22 16:37:00,2023-03-22 17:22:00,45.0,6.11
J625,M01,Delayed,2023-03-22 16:00:00,2023-03-22 17:10:00,1.0,0.6523566525715231,2023-03-22 17:22:00,2023-03-22 18:32:00,70.0,11.67
J619,M01,Delayed,2023-03-22 15:00:00,2023-03-22 16:54:00,0.9733333333333334,0.5102292330344689,2023-03-22 18:32:00,2023-03-22 20:26:00,114.0,11.61
J651,M01,Delayed,2023-03-22 20:20:00,2023-03-22 20:57:00,1.0,0.873687152094618,2023-03-22 20:26:00,2023-03-22 21:03:00,37.0,6.08
J645,M01,Delayed,2023-03-22 19:20:00,2023-03-22 20:10:00,0.9933333333333333,0.7757880935459278,2023-03-22 21:03:00,2023-03-22 21:53:00,50.0,8.42
J641,M01,Delayed,2023-03-22 18:40:00,2023-03-22 20:33:00,0.98,0.714296777553782,2023-03-22 21:53:00,2023-03-22 23:46:00,113.0,3.17
J660,M01,Delayed,2023-03-22 21:50:00,2023-03-22 23:50:00,0.98,0.6551541204121208,2023-03-22 23:46:00,2023-03-23 01:46:00,120.0,3.14
J676,M01,Delayed,2023-03-23 00:30:00,2023-03-23 02:18:00,0.9933333333333333,0.601148845082311,2023-03-23 01:46:00,2023-03-23 03:34:00,108.0,12.39
J652,M01,Completed,2023-03-22 20:30:00,2023-03-22 20:55:00,0.0,0.4886707178541569,2023-03-23 03:34:00,2023-03-23 03:59:00,25.0,3.47
J695,M01,Delayed,2023-03-23 03:40:00,2023-03-23 05:00:00,1.0,0.6621657261394197,2023-03-23 03:59:00,2023-03-23 05:19:00,80.0,8.73
J696,M01,Delayed,2023-03-23 03:50:00,2023-03-23 05:44:00,0.98,0.6110217095904412,2023-03-23 05:19:00,2023-03-23 07:13:00,114.0,8.34
J640,M01,Completed,2023-03-22 18:30:00,2023-03-22 19:06:00,0.0,0.40779653452035064,2023-03-23 07:13:00,2023-03-23 07:49:00,36.0,6.59
J627,M01,Completed,2023-03-22 16:20:00,2023-03-22 17:32:00,0.0,0.3722501318876311,2023-03-23 07:49:00,2023-03-23 09:01:00,72.0,3.4
J727,M01,Delayed,2023-03-23 09:00:00,2023-03-23 09:30:00,1.0,0.7946566972059721,2023-03-23 09:01:00,2023-03-23 09:31:00,30.0,12.34
J694,M01,Completed,2023-03-23 03:30:00,2023-03-23 03:53:00,0.006666666666666667,0.3617155581801192,2023-03-23 09:31:00,2023-03-23 09:54:00,23.0,9.15
J614,M01,Completed,2023-03-22 14:10:00,2023-03-22 15:27:00,0.0,0.3451821003997219,2023-03-23 09:54:00,2023-03-23 11:11:00,77.0,5.71
J738,M01,Failed,2023-03-23 10:50:00,2023-03-23 12:04:00,0.98,0.6303010181219276,2023-03-23 11:11:00,2023-03-23 12:25:00,74.0,14.94
J741,M01,Failed,2023-03-23 11:20:00,2023-03-23 11:58:00,1.0,0.7172651458561123,2023-03-23 12:25:00,2023-03-23 13:03:00,38.0,12.99
J735,M01,Completed,2023-03-23 10:20:00,2023-03-23 11:14:00,0.013333333333333334,0.3791686482991062,2023-03-23 13:03:00,2023-03-23 13:57:00,54.0,6.6
J753,M01,Failed,2023-03-23 13:20:00,2023-03-23 14:10:00,0.98,0.8594200377079173,2023-03-23 13:57:00,2023-03-23 14:47:00,50.0,3.29
J720,M01,Completed,2023-03-23 07:50:00,2023-03-23 09:21:00,0.0,0.32904749827972485,2023-03-23 14:47:00,2023-03-23 16:18:00,91.0,2.78
J769,M01,Completed,2023-03-23 16:00:00,2023-03-23 16:59:00,0.0,0.337931968518204,2023-03-23 16:18:00,2023-03-23 17:17:00,59.0,4.32
J724,M01,Completed,2023-03-23 08:30:00,2023-03-23 09:02:00,0.006666666666666667,0.32450549852926397,2023-03-23 17:17:00,2023-03-23 17:49:00,32.0,9.08
J779,M01,Completed,2023-03-23 17:40:00,2023-03-23 18:44:00,0.0,0.367784766470502,2023-03-23 17:49:00,2023-03-23 18:53:00,64.0,3.28
J666,M01,Completed,2023-03-22 22:50:00,2023-03-23 00:01:00,0.006666666666666667,0.3209145193402691,2023-03-23 18:53:00,2023-03-23 20:04:00,71.0,2.99
J692,M01,Completed,2023-03-23 03:10:00,2023-03-23 04:33:00,0.006666666666666667,0.31636596599791733,2023-03-23 20:04:00,2023-03-23 21:27:00,83.0,4.07
J795,M01,Delayed,2023-03-23 20:20:00,2023-03-23 22:09:00,1.0,0.7190493239074442,2023-03-23 21:27:00,2023-03-23 23:16:00,109.0,3.07
J800,M01,Delayed,2023-03-23 21:10:00,2023-03-23 23:06:00,1.0,0.5383549076546602,2023-03-23 23:16:00,2023-03-24 01:12:00,116.0,10.24
J796,M01,Failed,2023-03-23 20:30:00,2023-03-23 22:29:00,0.8933333333333333,0.4683802090065812,2023-03-24 01:12:00,2023-03-24 03:11:00,119.0,11.52
J811,M01,Completed,2023-03-23 23:00:00,2023-03-23 23:29:00,0.0,0.37228350851204695,2023-03-24 03:11:00,2023-03-24 03:40:00,29.0,7.98
J688,M01,Completed,2023-03-23 02:30:00,2023-03-23 03:32:00,0.0,0.31343728443157415,2023-03-24 03:40:00,2023-03-24 04:42:00,62.0,7.47
J842,M01,Delayed,2023-03-24 04:10:00,2023-03-24 05:38:00,1.0,0.6314811504005279,2023-03-24 04:42:00,2023-03-24 06:10:00,88.0,13.86
J703,M01,Completed,2023-03-23 05:00:00,2023-03-23 05:41:00,0.0,0.31253469546338,2023-03-24 06:10:00,2023-03-24 06:51:00,41.0,7.52
J668,M01,Completed,2023-03-22 23:10:00,2023-03-22 23:39:00,0.0,0.3033146329743564,2023-03-24 06:51:00,2023-03-24 07:20:00,29.0,11.77
J818,M01,Completed,2023-03-24 00:10:00,2023-03-24 01:11:00,0.0,0.27872184800280986,2023-03-24 07:20:00,2023-03-24 08:21:00,61.0,11.59
J862,M01,Delayed,2023-03-24 07:30:00,2023-03-24 08:26:00,0.9933333333333333,0.8783914697499662,2023-03-24 08:21:00,2023-03-24 09:17:00,56.0,2.5
J866,M01,Completed,2023-03-24 08:10:00,2023-03-24 08:43:00,0.006666666666666667,0.4713014446293945,2023-03-24 09:17:00,2023-03-24 09:50:00,33.0,2.47
J632,M01,Completed,2023-03-22 17:10:00,2023-03-22 18:01:00,0.013333333333333334,0.27284727915619494,2023-03-24 09:50:00,2023-03-24 10:41:00,51.0,13.64
J648,M01,Completed,2023-03-22 19:50:00,2023-03-22 20:46:00,0.0,0.2687408189081619,2023-03-24 10:41:00,2023-03-24 11:37:00,56.0,11.0
J536,M01,Completed,2023-03-22 01:10:00,2023-03-22 02:50:00,0.0,0.26825264781891134,2023-03-24 11:37:00,2023-03-24 13:17:00,100.0,6.97
J890,M01,Completed,2023-03-24 12:10:00,2023-03-24 12:40:00,0.0,0.2821967698912228,2023-03-24 13:17:00,2023-03-24 13:47:00,30.0,13.66
J809,M01,Completed,2023-03-23 22:40:00,2023-03-24 00:13:00,0.0,0.2673944933736401,2023-03-24 13:47:00,2023-03-24 15:20:00,93.0,5.43
J906,M01,Delayed,2023-03-24 14:50:00,2023-03-24 15:50:00,1.0,0.7968632061472556,2023-03-24 15:20:00,2023-03-24 16:20:00,60.0,3.92
J667,M01,Completed,2023-03-22 23:00:00,2023-03-23 00:11:00,0.0,0.26271020169139586,2023-03-24 16:20:00,2023-03-24 17:31:00,71.0,6.57
J916,M01,Completed,2023-03-24 16:30:00,2023-03-24 17:01:00,0.006666666666666667,0.3239011686993775,2023-03-24 17:31:00,2023-03-24 18:02:00,31.0,8.94
J921,M01,Completed,2023-03-24 17:20:00,2023-03-24 18:50:00,0.0,0.26464411801472765,2023-03-24 18:02:00,2023-03-24 19:32:00,90.0,7.46
J932,M01,Failed,2023-03-24 19:10:00,2023-03-24 19:51:00,0.9933333333333333,0.7702760820226479,2023-03-24 19:32:00,2023-03-24 20:13:00,41.0,8.53
J929,M01,Failed,2023-03-24 18:40:00,2023-03-24 20:15:00,0.9666666666666667,0.7000240429131408,2023-03-24 20:13:00,2023-03-24 21:48:00,95.0,7.99
J946,M01,Completed,2023-03-24 21:30:00,2023-03-24 22:15:00,0.0,0.4283919368622315,2023-03-24 21:48:00,2023-03-24 22:33:00,45.0,2.43
J927,M01,Completed,2023-03-24 18:20:00,2023-03-24 19:20:00,0.0,0.33167836709076487,2023-03-24 22:33:00,2023-03-24 23:33:00,60.0,6.27
J954,M01,Completed,2023-03-24 22:50:00,2023-03-24 23:29:00,0.0,0.41792831636316524,2023-03-24 23:33:00,2023-03-25 00:12:00,39.0,3.74
J956,M01,Completed,2023-03-24 23:10:00,2023-03-25 00:01:00,0.0,0.3410711966983353,2023-03-25 00:12:00,2023-03-25 01:03:00,51.0,7.12
J835,M01,Completed,2023-03-24 03:00:00,2023-03-24 04:00:00,0.0,0.25732053728758836,2023-03-25 01:03:00,2023-03-25 02:03:00,60.0,13.14
J381,M01,Completed,2023-03-20 23:20:00,2023-03-21 00:49:00,0.0,0.2558670819402901,2023-03-25 02:03:00,2023-03-25 03:32:00,89.0,7.85
J977,M01,Failed,2023-03-25 02:40:00,2023-03-25 03:58:00,0.9866666666666667,0.7036321466270009,2023-03-25 03:32:00,2023-03-25 04:50:00,78.0,7.0
J982,M01,Completed,2023-03-25 03:30:00,2023-03-25 03:57:00,0.013333333333333334,0.28096642049648946,2023-03-25 04:50:00,2023-03-25 05:17:00,27.0,13.25
J552,M01,Completed,2023-03-22 03:50:00,2023-03-22 04:58:00,0.0,0.25084973421867934,2023-03-25 05:17:00,2023-03-25 06:25:00,68.0,11.58
J774,M01,Completed,2023-03-23 16:50:00,2023-03-23 17:59:00,0.006666666666666667,0.24931264457657412,2023-03-25 06:25:00,2023-03-25 07:34:00,69.0,13.76
J586,M01,Completed,2023-03-22 09:30:00,2023-03-22 10:58:00,0.006666666666666667,0.24849527249998687,2023-03-25 07:34:00,2023-03-25 09:02:00,88.0,10.05
J631,M01,Completed,2023-03-22 17:00:00,2023-03-22 18:45:00,0.02,0.24746579150122922,2023-03-25 09:02:00,2023-03-25 10:47:00,105.0,2.63
J940,M01,Completed,2023-03-24 20:30:00,2023-03-24 21:57:00,0.0,0.243568051789865,2023-03-25 10:47:00,2023-03-25 12:14:00,87.0,5.9
J617,M01,Completed,2023-03-22 14:40:00,2023-03-22 15:46:00,0.0,0.23770665099088123,2023-03-25 12:14:00,2023-03-25 13:20:00,66.0,11.05
J679,M01,Completed,2023-03-23 01:00:00,2023-03-23 02:16:00,0.006666666666666667,0.2370473968376209,2023-03-25 13:20:00,2023-03-25 14:36:00,76.0,10.69
J498,M01,Completed,2023-03-21 18:50:00,2023-03-21 20:27:00,0.0,0.23619577568729655,2023-03-25 14:36:00,2023-03-25 16:13:00,97.0,8.17
J992,M01,Completed,2023-03-25 05:10:00,2023-03-25 06:33:00,0.0,0.23596873352617148,2023-03-25 16:13:00,2023-03-25 17:36:00,83.0,6.7
J449,M01,Completed,2023-03-21 10:40:00,2023-03-21 12:38:00,0.0,0.23588909630171342,2023-03-25 17:36:00,2023-03-25 19:34:00,118.0,3.42
J429,M01,Completed,2023-03-21 07:20:00,2023-03-21 08:20:00,0.0,0.23069634380606083,2023-03-25 19:34:00,2023-03-25 20:34:00,60.0,13.16
J477,M01,Completed,2023-03-21 15:20:00,2023-03-21 15:55:00,0.006666666666666667,0.22785645012477007,2023-03-25 20:34:00,2023-03-25 21:09:00,35.0,14.52
J740,M01,Completed,2023-03-23 11:10:00,2023-03-23 12:08:00,0.0,0.22757639087818382,2023-03-25 21:09:00,2023-03-25 22:07:00,58.0,11.98
J742,M01,Completed,2023-03-23 11:30:00,2023-03-23 12:45:00,0.006666666666666667,0.22667558740031762,2023-03-25 22:07:00,2023-03-25 23:22:00,75.0,12.89
J601,M01,Completed,2023-03-22 12:00:00,2023-03-22 13:00:00,0.0,0.22323377837184658,2023-03-25 23:22:00,2023-03-26 00:22:00,60.0,12.62
J823,M01,Completed,2023-03-24 01:00:00,2023-03-24 02:34:00,0.0,0.2211417035383965,2023-03-26 00:22:00,2023-03-26 01:56:00,94.0,8.95
J962,M01,Completed,2023-03-25 00:10:00,2023-03-25 01:17:00,0.0,0.2136711236616464,2023-03-26 01:56:00,2023-03-26 03:03:00,67.0,10.74
J846,M01,Completed,2023-03-24 04:50:00,2023-03-24 06:21:00,0.0,0.21314034412659233,2023-03-26 03:03:00,2023-03-26 04:34:00,91.0,8.59
J422,M01,Completed,2023-03-21 06:10:00,2023-03-21 08:09:00,0.02,0.20835103274816266,2023-03-26 04:34:00,2023-03-26 06:33:00,119.0,6.31
J567,M01,Completed,2023-03-22 06:20:00,2023-03-22 07:48:00,0.0,0.20818244533191554,2023-03-26 06:33:00,2023-03-26 08:01:00,88.0,7.35
J277,M01,Completed,2023-03-20 06:00:00,2023-03-20 07:16:00,0.0,0.2081414600654402,2023-03-26 08:01:00,2023-03-26 09:17:00,76.0,12.37
J670,M01,Completed,2023-03-22 23:30:00,2023-03-23 00:54:00,0.013333333333333334,0.20549153918835478,2023-03-26 09:17:00,2023-03-26 10:41:00,84.0,10.61
J525,M01,Completed,2023-03-21 23:20:00,2023-03-22 00:52:00,0.0,0.20437893115017036,2023-03-26 10:41:00,2023-03-26 12:13:00,92.0,10.02
J870,M01,Completed,2023-03-24 08:50:00,2023-03-24 10:09:00,0.0,0.20341709614857026,2023-03-26 12:13:00,2023-03-26 13:32:00,79.0,12.19
J531,M01,Completed,2023-03-22 00:20:00,2023-03-22 01:50:00,0.02,0.19942425841514538,2023-03-26 13:32:00,2023-03-26 15:02:00,90.0,8.86
J356,M01,Completed,2023-03-20 19:10:00,2023-03-20 20:51:00,0.006666666666666667,0.19912638478463318,2023-03-26 15:02:00,2023-03-26 16:43:00,101.0,10.12
J894,M01,Completed,2023-03-24 12:50:00,2023-03-24 13:58:00,0.0,0.19825873474923705,2023-03-26 16:43:00,2023-03-26 17:51:00,68.0,12.26
J241,M01,Completed,2023-03-20 00:00:00,2023-03-20 01:35:00,0.02,0.19779955768857438,2023-03-26 17:51:00,2023-03-26 19:26:00,95.0,9.52
J802,M01,Completed,2023-03-23 21:30:00,2023-03-23 23:24:00,0.0,0.19651199124593263,2023-03-26 19:26:00,2023-03-26 21:20:00,114.0,8.67
J581,M01,Completed,2023-03-22 08:40:00,2023-03-22 09:47:00,0.0,0.19543470764201815,2023-03-26 21:20:00,2023-03-26 22:27:00,67.0,11.24
J783,M01,Completed,2023-03-23 18:20:00,2023-03-23 19:33:00,0.0,0.1914844986576644,2023-03-26 22:27:00,2023-03-26 23:40:00,73.0,12.23
J392,M01,Completed,2023-03-21 01:10:00,2023-03-21 02:46:00,0.006666666666666667,0.18968912065413987,2023-03-26 23:40:00,2023-03-27 01:16:00,96.0,10.86
J533,M01,Completed,2023-03-22 00:40:00,2023-03-22 02:32:00,0.02666666666666667,0.18879097512444923,2023-03-27 01:16:00,2023-03-27 03:08:00,112.0,6.86
J037,M01,Completed,2023-03-18 14:00:00,2023-03-18 15:19:00,0.0,0.1883052996963815,2023-03-27 03:08:00,2023-03-27 04:27:00,79.0,13.17
J700,M01,Completed,2023-03-23 04:30:00,2023-03-23 06:15:00,0.0,0.18648754211368557,2023-03-27 04:27:00,2023-03-27 06:12:00,105.0,8.39
J398,M01,Completed,2023-03-21 02:10:00,2023-03-21 03:32:00,0.0,0.18053747516238422,2023-03-27 06:12:00,2023-03-27 07:34:00,82.0,13.87
J137,M01,Completed,2023-03-19 06:40:00,2023-03-19 08:11:00,0.0,0.17432201843897727,2023-03-27 07:34:00,2023-03-27 09:05:00,91.0,11.79
J338,M01,Completed,2023-03-20 16:10:00,2023-03-20 17:21:00,0.006666666666666667,0.17265334985174866,2023-03-27 09:05:00,2023-03-27 10:16:00,71.0,13.97
J352,M01,Completed,2023-03-20 18:30:00,2023-03-20 20:03:00,0.0,0.17146867266205762,2023-03-27 10:16:00,2023-03-27 11:49:00,93.0,14.04
J503,M01,Completed,2023-03-21 19:40:00,2023-03-21 21:10:00,0.0,0.16985046465216852,2023-03-27 11:49:00,2023-03-27 13:19:00,90.0,14.29
J475,M01,Completed,2023-03-21 15:00:00,2023-03-21 16:46:00,0.013333333333333334,0.16336334862618307,2023-03-27 13:19:00,2023-03-27 15:05:00,106.0,8.41
J160,M01,Completed,2023-03-19 10:30:00,2023-03-19 12:28:00,0.006666666666666667,0.15458117924991793,2023-03-27 15:05:00,2023-03-27 17:03:00,118.0,9.57
J832,M01,Completed,2023-03-24 02:30:00,2023-03-24 04:10:00,0.0,0.14657915028232044,2023-03-27 17:03:00,2023-03-27 18:43:00,100.0,12.13
J347,M01,Completed,2023-03-20 17:40:00,2023-03-20 18:53:00,0.0,0.14146217994993898,2023-03-27 18:43:00,2023-03-27 19:56:00,73.0,14.45
J827,M01,Completed,2023-03-24 01:40:00,2023-03-24 03:19:00,0.013333333333333334,0.13622592623821053,2023-03-27 19:56:00,2023-03-27 21:35:00,99.0,12.67
J344,M01,Completed,2023-03-20 17:10:00,2023-03-20 18:44:00,0.0,0.13342105265051118,2023-03-27 21:35:00,2023-03-27 23:09:00,94.0,14.98
J111,M01,Completed,2023-03-19 02:20:00,2023-03-19 04:19:00,0.006666666666666667,0.13202274480853265,2023-03-27 23:09:00,2023-03-28 01:08:00,119.0,13.26
J023,M01,Completed,2023-03-18 11:40:00,2023-03-18 13:18:00,0.0,0.1306076776547432,2023-03-28 01:08:00,2023-03-28 02:46:00,98.0,13.49
J285,M01,Completed,2023-03-20 07:20:00,2023-03-20 09:06:00,0.0,0.12917278742137778,2023-03-28 02:46:00,2023-03-28 04:32:00,106.0,13.31
J822,M01,Completed,2023-03-24 00:50:00,2023-03-24 02:20:00,0.02,0.12721714078055732,2023-03-28 04:32:00,2023-03-28 06:02:00,90.0,12.86
J606,M01,Completed,2023-03-22 12:50:00,2023-03-22 14:33:00,0.0,0.12479111717000163,2023-03-28 06:02:00,2023-03-28 07:45:00,103.0,11.35
J620,M01,Completed,2023-03-22 15:10:00,2023-03-22 17:02:00,0.006666666666666667,0.11950610722531836,2023-03-28 07:45:00,2023-03-28 09:37:00,112.0,13.5
J234,M01,Completed,2023-03-19 22:50:00,2023-03-20 00:41:00,0.0,0.10532676623834623,2023-03-28 09:37:00,2023-03-28 11:28:00,111.0,9.95
J539,M01,Completed,2023-03-22 01:40:00,2023-03-22 03:36:00,0.013333333333333334,0.09948415372608396,2023-03-28 11:28:00,2023-03-28 13:24:00,116.0,10.59
J232,M01,Completed,2023-03-19 22:30:00,2023-03-20 00:16:00,0.0,0.09423385953225305,2023-03-28 13:24:00,2023-03-28 15:10:00,106.0,11.48
J416,M01,Completed,2023-03-21 05:10:00,2023-03-21 06:57:00,0.0,0.08944111920064352,2023-03-28 15:10:00,2023-03-28 16:57:00,107.0,11.97
J006,M02,Completed,2023-03-18 08:50:00,2023-03-18 10:30:00,0.006666666666666667,0.13915428317829087,2023-03-18 08:50:00,2023-03-18 10:30:00,100.0,13.83
J009,M02,Completed,2023-03-18 09:20:00,2023-03-18 10:02:00,0.0,0.38241224689462716,2023-03-18 10:30:00,2023-03-18 11:12:00,42.0,8.97
J019,M02,Completed,2023-03-18 11:00:00,2023-03-18 11:52:00,0.013333333333333334,0.44604423162449475,2023-03-18 11:12:00,2023-03-18 12:04:00,52.0,3.27
J024,M02,Delayed,2023-03-18 11:50:00,2023-03-18 13:14:00,0.9733333333333334,0.6284057943256867,2023-03-18 12:04:00,2023-03-18 13:28:00,84.0,8.81
J029,M02,Completed,2023-03-18 12:40:00,2023-03-18 14:36:00,0.02,0.20898498559475204,2023-03-18 13:28:00,2023-03-18 15:24:00,116.0,5.39
J039,M02,Failed,2023-03-18 14:20:00,2023-03-18 15:08:00,0.9933333333333333,0.7621905202002972,2023-03-18 15:24:00,2023-03-18 16:12:00,48.0,10.65
J049,M02,Completed,2023-03-18 16:00:00,2023-03-18 16:33:00,0.006666666666666667,0.43507208944107434,2023-03-18 16:12:00,2023-03-18 16:45:00,33.0,7.55
J047,M02,Completed,2023-03-18 15:40:00,2023-03-18 16:05:00,0.0,0.3865889907995757,2023-03-18 16:45:00,2023-03-18 17:10:00,25.0,10.09
J045,M02,Completed,2023-03-18 15:20:00,2023-03-18 16:38:00,0.0,0.33137665869174643,2023-03-18 17:10:00,2023-03-18 18:28:00,78.0,3.03
J063,M02,Failed,2023-03-18 18:20:00,2023-03-18 19:07:00,0.9933333333333333,0.7993859712384608,2023-03-18 18:28:00,2023-03-18 19:15:00,47.0,8.4
J067,M02,Delayed,2023-03-18 19:00:00,2023-03-18 19:23:00,1.0,0.9439994111509131,2023-03-18 19:15:00,2023-03-18 19:38:00,23.0,3.79
J061,M02,Failed,2023-03-18 18:00:00,2023-03-18 19:50:00,0.98,0.6788352874790874,2023-03-18 19:38:00,2023-03-18 21:28:00,110.0,6.98
J078,M02,Delayed,2023-03-18 20:50:00,2023-03-18 22:37:00,0.9933333333333333,0.7292017404173672,2023-03-18 21:28:00,2023-03-18 23:15:00,107.0,2.2
J090,M02,Delayed,2023-03-18 22:50:00,2023-03-18 23:17:00,1.0,0.7232093287889996,2023-03-18 23:15:00,2023-03-18 23:42:00,27.0,12.34
J062,M02,Delayed,2023-03-18 18:10:00,2023-03-18 19:48:00,1.0,0.672345696108607,2023-03-18 23:42:00,2023-03-19 01:20:00,98.0,9.93
J085,M02,Completed,2023-03-18 22:00:00,2023-03-18 22:44:00,0.0,0.43249482612108225,2023-03-19 01:20:00,2023-03-19 02:04:00,44.0,3.35
J057,M02,Completed,2023-03-18 17:20:00,2023-03-18 17:51:00,0.013333333333333334,0.4272217465419107,2023-03-19 02:04:00,2023-03-19 02:35:00,31.0,6.53
J064,M02,Completed,2023-03-18 18:30:00,2023-03-18 19:41:00,0.0,0.323287241821629,2023-03-19 02:35:00,2023-03-19 03:46:00,71.0,7.42
J118,M02,Failed,2023-03-19 03:30:00,2023-03-19 04:38:00,0.9533333333333334,0.6873122992238936,2023-03-19 03:46:00,2023-03-19 04:54:00,68.0,12.12
J117,M02,Completed,2023-03-19 03:20:00,2023-03-19 04:27:00,0.0,0.37480816053789706,2023-03-19 04:54:00,2023-03-19 06:01:00,67.0,5.41
J130,M02,Completed,2023-03-19 05:30:00,2023-03-19 06:48:00,0.05333333333333334,0.33738777744461246,2023-03-19 06:01:00,2023-03-19 07:19:00,78.0,2.49
J125,M02,Completed,2023-03-19 04:40:00,2023-03-19 05:56:00,0.0,0.32789554843791696,2023-03-19 07:19:00,2023-03-19 08:35:00,76.0,3.58
J035,M02,Completed,2023-03-18 13:40:00,2023-03-18 14:27:00,0.013333333333333334,0.32207545754082845,2023-03-19 08:35:00,2023-03-19 09:22:00,47.0,12.12
J151,M02,Failed,2023-03-19 09:00:00,2023-03-19 09:20:00,0.9533333333333334,0.7735014807370341,2023-03-19 09:22:00,2023-03-19 09:42:00,20.0,13.63
J100,M02,Completed,2023-03-19 00:30:00,2023-03-19 00:57:00,0.006666666666666667,0.29354082296552075,2023-03-19 09:42:00,2023-03-19 10:09:00,27.0,12.24
J048,M02,Completed,2023-03-18 15:50:00,2023-03-18 17:05:00,0.006666666666666667,0.2829633770300481,2023-03-19 10:09:00,2023-03-19 11:24:00,75.0,4.12
J159,M02,Completed,2023-03-19 10:20:00,2023-03-19 11:06:00,0.0,0.4222113784890944,2023-03-19 11:24:00,2023-03-19 12:10:00,46.0,3.01
J112,M02,Completed,2023-03-19 02:30:00,2023-03-19 03:44:00,0.0,0.2572554072266111,2023-03-19 12:10:00,2023-03-19 13:24:00,74.0,7.12
J172,M02,Failed,2023-03-19 12:30:00,2023-03-19 13:51:00,0.98,0.6904660751309208,2023-03-19 13:24:00,2023-03-19 14:45:00,81.0,11.61
J180,M02,Completed,2023-03-19 13:50:00,2023-03-19 14:59:00,0.0,0.37946201761590576,2023-03-19 14:45:00,2023-03-19 15:54:00,69.0,3.76
J173,M02,Completed,2023-03-19 12:40:00,2023-03-19 13:44:00,0.0,0.2732670535380251,2023-03-19 15:54:00,2023-03-19 16:58:00,64.0,12.14
J196,M02,Completed,2023-03-19 16:30:00,2023-03-19 17:26:00,0.0,0.2862589782214434,2023-03-19 16:58:00,2023-03-19 17:54:00,56.0,8.84
J202,M02,Failed,2023-03-19 17:30:00,2023-03-19 18:52:00,0.9266666666666666,0.6343105948978588,2023-03-19 17:54:00,2023-03-19 19:16:00,82.0,10.12
J195,M02,Completed,2023-03-19 16:20:00,2023-03-19 17:48:00,0.013333333333333334,0.26727663028435633,2023-03-19 19:16:00,2023-03-19 20:44:00,88.0,7.32
J221,M02,Delayed,2023-03-19 20:40:00,2023-03-19 22:15:00,1.0,0.6764735417445982,2023-03-19 20:44:00,2023-03-19 22:19:00,95.0,10.49
J215,M02,Completed,2023-03-19 19:40:00,2023-03-19 20:23:00,0.0,0.37153664327432084,2023-03-19 22:19:00,2023-03-19 23:02:00,43.0,6.1
J231,M02,Failed,2023-03-19 22:20:00,2023-03-19 22:56:00,0.9733333333333334,0.7479797098402421,2023-03-19 23:02:00,2023-03-19 23:38:00,36.0,14.64
J236,M02,Completed,2023-03-19 23:10:00,2023-03-19 23:36:00,0.0,0.35562654710427116,2023-03-19 23:38:00,2023-03-20 00:04:00,26.0,7.84
J240,M02,Failed,2023-03-19 23:50:00,2023-03-20 00:12:00,0.96,0.7981906013739037,2023-03-20 00:04:00,2023-03-20 00:26:00,22.0,9.51
J243,M02,Completed,2023-03-20 00:20:00,2023-03-20 01:16:00,0.0,0.39636732541197145,2023-03-20 00:26:00,2023-03-20 01:22:00,56.0,4.43
J245,M02,Completed,2023-03-20 00:40:00,2023-03-20 01:05:00,0.006666666666666667,0.5171749178252292,2023-03-20 01:22:00,2023-03-20 01:47:00,25.0,2.84
J228,M02,Completed,2023-03-19 21:50:00,2023-03-19 23:07:00,0.006666666666666667,0.3003591892287509,2023-03-20 01:47:00,2023-03-20 03:04:00,77.0,8.47
J204,M02,Completed,2023-03-19 17:50:00,2023-03-19 19:43:00,0.006666666666666667,0.26005281419057,2023-03-20 03:04:00,2023-03-20 04:57:00,113.0,5.93
J257,M02,Completed,2023-03-20 02:40:00,2023-03-20 04:40:00,0.02666666666666667,0.25397946678041566,2023-03-20 04:57:00,2023-03-20 06:57:00,120.0,5.09
J276,M02,Failed,2023-03-20 05:50:00,2023-03-20 07:08:00,1.0,0.7418197861102065,2023-03-20 06:57:00,2023-03-20 08:15:00,78.0,4.23
J284,M02,Delayed,2023-03-20 07:10:00,2023-03-20 08:21:00,1.0,0.6906958361111674,2023-03-20 08:15:00,2023-03-20 09:26:00,71.0,13.8
J288,M02,Completed,2023-03-20 07:50:00,2023-03-20 08:26:00,0.0,0.42931177211203253,2023-03-20 09:26:00,2023-03-20 10:02:00,36.0,6.56
J289,M02,Completed,2023-03-20 08:00:00,2023-03-20 09:37:00,0.006666666666666667,0.301882948507962,2023-03-20 10:02:00,2023-03-20 11:39:00,97.0,5.47
J307,M02,Delayed,2023-03-20 11:00:00,2023-03-20 12:29:00,0.9933333333333333,0.6532789631658191,2023-03-20 11:39:00,2023-03-20 13:08:00,89.0,6.97
J311,M02,Failed,2023-03-20 11:40:00,2023-03-20 13:05:00,0.98,0.6212646792007472,2023-03-20 13:08:00,2023-03-20 14:33:00,85.0,13.06
J287,M02,Completed,2023-03-20 07:40:00,2023-03-20 09:15:00,0.0,0.28144249889154516,2023-03-20 14:33:00,2023-03-20 16:08:00,95.0,5.56
J333,M02,Delayed,2023-03-20 15:20:00,2023-03-20 16:21:00,1.0,0.7256175177229484,2023-03-20 16:08:00,2023-03-20 17:09:00,61.0,11.45
J337,M02,Delayed,2023-03-20 16:00:00,2023-03-20 17:18:00,0.9933333333333333,0.590436878199218,2023-03-20 17:09:00,2023-03-20 18:27:00,78.0,13.17
J295,M02,Completed,2023-03-20 09:00:00,2023-03-20 09:39:00,0.0,0.2801244775548204,2023-03-20 18:27:00,2023-03-20 19:06:00,39.0,10.97
J353,M02,Completed,2023-03-20 18:40:00,2023-03-20 19:16:00,0.0,0.42772917259073473,2023-03-20 19:06:00,2023-03-20 19:42:00,36.0,5.98
J301,M02,Completed,2023-03-20 10:00:00,2023-03-20 11:27:00,0.006666666666666667,0.2748478878439924,2023-03-20 19:42:00,2023-03-20 21:09:00,87.0,5.09
J362,M02,Completed,2023-03-20 20:10:00,2023-03-20 21:00:00,0.013333333333333334,0.30129379540650675,2023-03-20 21:09:00,2023-03-20 21:59:00,50.0,12.64
J188,M02,Completed,2023-03-19 15:10:00,2023-03-19 16:40:00,0.006666666666666667,0.2516476890070099,2023-03-20 21:59:00,2023-03-20 23:29:00,90.0,9.18
J380,M02,Completed,2023-03-20 23:10:00,2023-03-20 23:56:00,0.0,0.34878281865916094,2023-03-20 23:29:00,2023-03-21 00:15:00,46.0,4.7
J385,M02,Completed,2023-03-21 00:00:00,2023-03-21 00:59:00,0.0,0.42721087124425094,2023-03-21 00:15:00,2023-03-21 01:14:00,59.0,3.65
J377,M02,Completed,2023-03-20 22:40:00,2023-03-20 23:41:00,0.006666666666666667,0.3135929675837772,2023-03-21 01:14:00,2023-03-21 02:15:00,61.0,6.11
J396,M02,Completed,2023-03-21 01:50:00,2023-03-21 02:57:00,0.006666666666666667,0.3130352027009352,2023-03-21 02:15:00,2023-03-21 03:22:00,67.0,6.88
J400,M02,Delayed,2023-03-21 02:30:00,2023-03-21 02:54:00,0.9933333333333333,0.9046601870346906,2023-03-21 03:22:00,2023-03-21 03:46:00,24.0,2.23
J407,M02,Delayed,2023-03-21 03:40:00,2023-03-21 05:40:00,0.9933333333333333,0.5417084360428723,2023-03-21 03:46:00,2023-03-21 05:46:00,120.0,11.91
J415,M02,Delayed,2023-03-21 05:00:00,2023-03-21 05:33:00,1.0,0.8219982343528397,2023-03-21 05:46:00,2023-03-21 06:19:00,33.0,7.35
J406,M02,Completed,2023-03-21 03:30:00,2023-03-21 04:57:00,0.0,0.3437344276307841,2023-03-21 06:19:00,2023-03-21 07:46:00,87.0,3.5
J425,M02,Delayed,2023-03-21 06:40:00,2023-03-21 08:30:00,1.0,0.586496164804989,2023-03-21 07:46:00,2023-03-21 09:36:00,110.0,10.48
J439,M02,Delayed,2023-03-21 09:00:00,2023-03-21 10:55:00,0.9933333333333333,0.5913832929963305,2023-03-21 09:36:00,2023-03-21 11:31:00,115.0,7.11
J435,M02,Completed,2023-03-21 08:20:00,2023-03-21 09:11:00,0.0,0.42886083269496467,2023-03-21 11:31:00,2023-03-21 12:22:00,51.0,4.84
J457,M02,Delayed,2023-03-21 12:00:00,2023-03-21 13:41:00,0.9933333333333333,0.5376440972885301,2023-03-21 12:22:00,2023-03-21 14:03:00,101.0,14.23
J463,M02,Completed,2023-03-21 13:00:00,2023-03-21 13:28:00,0.006666666666666667,0.36306939091238355,2023-03-21 14:03:00,2023-03-21 14:31:00,28.0,13.03
J374,M02,Completed,2023-03-20 22:10:00,2023-03-20 22:58:00,0.0,0.30076045937185725,2023-03-21 14:31:00,2023-03-21 15:19:00,48.0,7.49
J476,M02,Completed,2023-03-21 15:10:00,2023-03-21 16:33:00,0.0,0.3280760256519976,2023-03-21 15:19:00,2023-03-21 16:42:00,83.0,4.14
J479,M02,Completed,2023-03-21 15:40:00,2023-03-21 16:46:00,0.0,0.3197745810247663,2023-03-21 16:42:00,2023-03-21 17:48:00,66.0,3.68
J482,M02,Completed,2023-03-21 16:10:00,2023-03-21 17:23:00,0.0,0.29823286532582677,2023-03-21 17:48:00,2023-03-21 19:01:00,73.0,5.99
J461,M02,Completed,2023-03-21 12:40:00,2023-03-21 13:30:00,0.006666666666666667,0.2660899241282811,2023-03-21 19:01:00,2023-03-21 19:51:00,50.0,9.95
J501,M02,Completed,2023-03-21 19:20:00,2023-03-21 20:08:00,0.0,0.3590366432744459,2023-03-21 19:51:00,2023-03-21 20:39:00,48.0,6.1
J464,M02,Completed,2023-03-21 13:10:00,2023-03-21 14:42:00,0.006666666666666667,0.2654643915155468,2023-03-21 20:39:00,2023-03-21 22:11:00,92.0,2.84
J511,M02,Completed,2023-03-21 21:00:00,2023-03-21 22:14:00,0.006666666666666667,0.28808075316290593,2023-03-21 22:11:00,2023-03-21 23:25:00,74.0,9.07
J523,M02,Completed,2023-03-21 23:00:00,2023-03-21 23:52:00,0.0,0.34134683278141537,2023-03-21 23:25:00,2023-03-22 00:17:00,52.0,6.94
J267,M02,Completed,2023-03-20 04:20:00,2023-03-20 06:01:00,0.0,0.25127794912278234,2023-03-22 00:17:00,2023-03-22 01:58:00,101.0,8.25
J534,M02,Completed,2023-03-22 00:50:00,2023-03-22 01:51:00,0.013333333333333334,0.38595140607800815,2023-03-22 01:58:00,2023-03-22 02:59:00,61.0,3.66
J535,M02,Completed,2023-03-22 01:00:00,2023-03-22 01:45:00,0.02,0.367538428763012,2023-03-22 02:59:00,2023-03-22 03:44:00,45.0,6.96
J550,M02,Completed,2023-03-22 03:30:00,2023-03-22 04:01:00,0.006666666666666667,0.39649784929350607,2023-03-22 03:44:00,2023-03-22 04:15:00,31.0,6.28
J544,M02,Completed,2023-03-22 02:30:00,2023-03-22 03:59:00,0.02666666666666667,0.2843058272092724,2023-03-22 04:15:00,2023-03-22 05:44:00,89.0,5.76
J555,M02,Delayed,2023-03-22 04:20:00,2023-03-22 04:57:00,0.98,0.7108787683945454,2023-03-22 05:44:00,2023-03-22 06:21:00,37.0,12.3
J250,M02,Completed,2023-03-20 01:30:00,2023-03-20 02:49:00,0.0,0.2505947936644966,2023-03-22 06:21:00,2023-03-22 07:40:00,79.0,6.4
J574,M02,Completed,2023-03-22 07:30:00,2023-03-22 07:53:00,0.0,0.3919420322294681,2023-03-22 07:40:00,2023-03-22 08:03:00,23.0,5.63
J569,M02,Completed,2023-03-22 06:40:00,2023-03-22 07:32:00,0.0,0.25610558780892484,2023-03-22 08:03:00,2023-03-22 08:55:00,52.0,10.42
J181,M02,Completed,2023-03-19 14:00:00,2023-03-19 15:35:00,0.0,0.24743689892611545,2023-03-22 08:55:00,2023-03-22 10:30:00,95.0,6.4
J583,M02,Completed,2023-03-22 09:00:00,2023-03-22 09:56:00,0.0,0.28328450271306005,2023-03-22 10:30:00,2023-03-22 11:26:00,56.0,13.47
J596,M02,Completed,2023-03-22 11:10:00,2023-03-22 11:31:00,0.0,0.4738766586903214,2023-03-22 11:26:00,2023-03-22 11:47:00,21.0,3.03
J537,M02,Completed,2023-03-22 01:20:00,2023-03-22 02:08:00,0.006666666666666667,0.24609702553916732,2023-03-22 11:47:00,2023-03-22 12:35:00,48.0,13.96
J604,M02,Delayed,2023-03-22 12:30:00,2023-03-22 14:14:00,1.0,0.7282583284936975,2023-03-22 12:35:00,2023-03-22 14:19:00,104.0,4.99
J091,M02,Completed,2023-03-18 23:00:00,2023-03-19 00:00:00,0.013333333333333334,0.2460702025023792,2023-03-22 14:19:00,2023-03-22 15:19:00,60.0,14.6
J615,M02,Delayed,2023-03-22 14:20:00,2023-03-22 15:13:00,1.0,0.7540255849222257,2023-03-22 15:19:00,2023-03-22 16:12:00,53.0,12.27
J566,M02,Completed,2023-03-22 06:10:00,2023-03-22 07:58:00,0.0,0.24603295054177893,2023-03-22 16:12:00,2023-03-22 18:00:00,108.0,6.09
J154,M02,Completed,2023-03-19 09:30:00,2023-03-19 11:21:00,0.006666666666666667,0.23822166538765424,2023-03-22 18:00:00,2023-03-22 19:51:00,111.0,7.67
J646,M02,Failed,2023-03-22 19:30:00,2023-03-22 21:28:00,0.9,0.648546442810698,2023-03-22 19:51:00,2023-03-22 21:49:00,118.0,4.63
J658,M02,Delayed,2023-03-22 21:30:00,2023-03-22 22:30:00,1.0,0.8330276341772836,2023-03-22 21:49:00,2023-03-22 22:49:00,60.0,2.94
J654,M02,Delayed,2023-03-22 20:50:00,2023-03-22 21:49:00,1.0,0.812336464272399,2023-03-22 22:49:00,2023-03-22 23:48:00,59.0,3.42
J656,M02,Completed,2023-03-22 21:10:00,2023-03-22 21:33:00,0.0,0.3980248955181648,2023-03-22 23:48:00,2023-03-23 00:11:00,23.0,8.99
J672,M02,Delayed,2023-03-22 23:50:00,2023-03-23 00:20:00,1.0,0.8850799411226102,2023-03-23 00:11:00,2023-03-23 00:41:00,30.0,7.5
J673,M02,Delayed,2023-03-23 00:00:00,2023-03-23 01:42:00,1.0,0.6586042685228107,2023-03-23 00:41:00,2023-03-23 02:23:00,102.0,9.49
J687,M02,Failed,2023-03-23 02:20:00,2023-03-23 03:38:00,0.98,0.6931452335126506,2023-03-23 02:23:00,2023-03-23 03:41:00,78.0,11.24
J677,M02,Delayed,2023-03-23 00:40:00,2023-03-23 02:31:00,0.9933333333333333,0.5942981166799887,2023-03-23 03:41:00,2023-03-23 05:32:00,111.0,10.3
J701,M02,Failed,2023-03-23 04:40:00,2023-03-23 06:34:00,0.94,0.5919544694177101,2023-03-23 05:32:00,2023-03-23 07:26:00,114.0,6.02
J717,M02,Failed,2023-03-23 07:20:00,2023-03-23 08:56:00,0.96,0.7569961445224831,2023-03-23 07:26:00,2023-03-23 09:02:00,96.0,4.28
J721,M02,Delayed,2023-03-23 08:00:00,2023-03-23 09:06:00,1.0,0.720028202297123,2023-03-23 09:02:00,2023-03-23 10:08:00,66.0,7.93
J680,M02,Completed,2023-03-23 01:10:00,2023-03-23 01:34:00,0.0,0.36840563244367375,2023-03-23 10:08:00,2023-03-23 10:32:00,24.0,11.09
J734,M02,Delayed,2023-03-23 10:10:00,2023-03-23 11:21:00,1.0,0.76158817875853,2023-03-23 10:32:00,2023-03-23 11:43:00,71.0,8.52
J733,M02,Completed,2023-03-23 10:00:00,2023-03-23 11:22:00,0.02,0.33505141419243756,2023-03-23 11:43:00,2023-03-23 13:05:00,82.0,6.14
J748,M02,Delayed,2023-03-23 12:30:00,2023-03-23 14:04:00,1.0,0.7016737000020024,2023-03-23 13:05:00,2023-03-23 14:39:00,94.0,6.97
J749,M02,Delayed,2023-03-23 12:40:00,2023-03-23 13:49:00,0.9866666666666667,0.6634327999615423,2023-03-23 14:39:00,2023-03-23 15:48:00,69.0,12.09
J760,M02,Completed,2023-03-23 14:30:00,2023-03-23 14:56:00,0.0,0.442068944534529,2023-03-23 15:48:00,2023-03-23 16:14:00,26.0,6.33
J665,M02,Completed,2023-03-22 22:40:00,2023-03-22 23:25:00,0.0,0.3068929310678328,2023-03-23 16:14:00,2023-03-23 16:59:00,45.0,7.92
J081,M02,Completed,2023-03-18 21:20:00,2023-03-18 22:29:00,0.0,0.2356645903651863,2023-03-23 16:59:00,2023-03-23 18:08:00,69.0,11.72
J777,M02,Delayed,2023-03-23 17:20:00,2023-03-23 18:04:00,1.0,0.7200186661244701,2023-03-23 18:08:00,2023-03-23 18:52:00,44.0,12.18
J782,M02,Completed,2023-03-23 18:10:00,2023-03-23 18:52:00,0.0,0.40878078968365045,2023-03-23 18:52:00,2023-03-23 19:34:00,42.0,7.26
J789,M02,Failed,2023-03-23 19:20:00,2023-03-23 19:45:00,0.9733333333333334,0.711315444128452,2023-03-23 19:34:00,2023-03-23 19:59:00,25.0,13.34
J744,M02,Completed,2023-03-23 11:50:00,2023-03-23 13:28:00,0.0,0.23167085988975927,2023-03-23 19:59:00,2023-03-23 21:37:00,98.0,7.96
J797,M02,Delayed,2023-03-23 20:40:00,2023-03-23 22:19:00,1.0,0.718638456725002,2023-03-23 21:37:00,2023-03-23 23:16:00,99.0,2.67
J803,M02,Failed,2023-03-23 21:40:00,2023-03-23 23:24:00,0.9866666666666667,0.5979025276719316,2023-03-23 23:16:00,2023-03-24 01:00:00,104.0,9.3
J817,M02,Completed,2023-03-24 00:00:00,2023-03-24 01:06:00,0.0,0.3389362090720795,2023-03-24 01:00:00,2023-03-24 02:06:00,66.0,3.12
J825,M02,Failed,2023-03-24 01:20:00,2023-03-24 01:53:00,0.9933333333333333,0.7217170591818758,2023-03-24 02:06:00,2023-03-24 02:39:00,33.0,14.0
J806,M02,Completed,2023-03-23 22:10:00,2023-03-24 00:00:00,0.006666666666666667,0.2643997889894675,2023-03-24 02:39:00,2023-03-24 04:29:00,110.0,2.38
J838,M02,Completed,2023-03-24 03:30:00,2023-03-24 05:12:00,0.006666666666666667,0.3099121048593497,2023-03-24 04:29:00,2023-03-24 06:11:00,102.0,4.48
J851,M02,Failed,2023-03-24 05:40:00,2023-03-24 06:10:00,0.9,0.7355106923016244,2023-03-24 06:11:00,2023-03-24 06:41:00,30.0,13.94
J852,M02,Delayed,2023-03-24 05:50:00,2023-03-24 06:58:00,0.9933333333333333,0.6537682501896044,2023-03-24 06:41:00,2023-03-24 07:49:00,68.0,14.78
J848,M02,Completed,2023-03-24 05:10:00,2023-03-24 06:36:00,0.006666666666666667,0.23441886134849377,2023-03-24 07:49:00,2023-03-24 09:15:00,86.0,6.85
J867,M02,Delayed,2023-03-24 08:20:00,2023-03-24 09:41:00,0.9866666666666667,0.7776522537512482,2023-03-24 09:15:00,2023-03-24 10:36:00,81.0,3.42
J876,M02,Delayed,2023-03-24 09:50:00,2023-03-24 10:45:00,1.0,0.898138923384179,2023-03-24 10:36:00,2023-03-24 11:31:00,55.0,2.6
J880,M02,Failed,2023-03-24 10:30:00,2023-03-24 11:34:00,0.9733333333333334,0.7815669354120671,2023-03-24 11:31:00,2023-03-24 12:35:00,64.0,2.12
J888,M02,Delayed,2023-03-24 11:50:00,2023-03-24 13:12:00,0.98,0.7276203379999239,2023-03-24 12:35:00,2023-03-24 13:57:00,82.0,4.26
J883,M02,Completed,2023-03-24 11:00:00,2023-03-24 11:43:00,0.0,0.44461621961986986,2023-03-24 13:57:00,2023-03-24 14:40:00,43.0,3.75
J884,M02,Completed,2023-03-24 11:10:00,2023-03-24 11:42:00,0.0,0.325202288697446,2023-03-24 14:40:00,2023-03-24 15:12:00,32.0,13.96
J907,M02,Delayed,2023-03-24 15:00:00,2023-03-24 16:30:00,0.9933333333333333,0.5360526717329009,2023-03-24 15:12:00,2023-03-24 16:42:00,90.0,14.41
J915,M02,Delayed,2023-03-24 16:20:00,2023-03-24 17:43:00,0.9933333333333333,0.587014506734001,2023-03-24 16:42:00,2023-03-24 18:05:00,83.0,12.24
J925,M02,Completed,2023-03-24 18:00:00,2023-03-24 18:30:00,0.0,0.4383709369862319,2023-03-24 18:05:00,2023-03-24 18:35:00,30.0,5.58
J922,M02,Completed,2023-03-24 17:30:00,2023-03-24 18:16:00,0.0,0.36221868279817193,2023-03-24 18:35:00,2023-03-24 19:21:00,46.0,4.17
J933,M02,Completed,2023-03-24 19:20:00,2023-03-24 20:09:00,0.013333333333333334,0.3650566286590217,2023-03-24 19:21:00,2023-03-24 20:10:00,49.0,4.23
J910,M02,Completed,2023-03-24 15:30:00,2023-03-24 16:08:00,0.0,0.32263178185860975,2023-03-24 20:10:00,2023-03-24 20:48:00,38.0,12.13
J939,M02,Delayed,2023-03-24 20:20:00,2023-03-24 21:10:00,1.0,0.7488850784893468,2023-03-24 20:48:00,2023-03-24 21:38:00,50.0,7.97
J944,M02,Delayed,2023-03-24 21:10:00,2023-03-24 21:53:00,1.0,0.8206317205342137,2023-03-24 21:38:00,2023-03-24 22:21:00,43.0,6.5
J947,M02,Completed,2023-03-24 21:40:00,2023-03-24 23:08:00,0.0,0.27063019925509674,2023-03-24 22:21:00,2023-03-24 23:49:00,88.0,8.42
J957,M02,Delayed,2023-03-24 23:20:00,2023-03-25 00:50:00,0.9933333333333333,0.6840216690042129,2023-03-24 23:49:00,2023-03-25 01:19:00,90.0,8.91
J952,M02,Completed,2023-03-24 22:30:00,2023-03-24 22:54:00,0.0,0.40084892262538374,2023-03-25 01:19:00,2023-03-25 01:43:00,24.0,10.01
J969,M02,Delayed,2023-03-25 01:20:00,2023-03-25 01:52:00,0.9933333333333333,0.8062525256365899,2023-03-25 01:43:00,2023-03-25 02:15:00,32.0,8.68
J938,M02,Completed,2023-03-24 20:10:00,2023-03-24 20:57:00,0.006666666666666667,0.26661025444541236,2023-03-25 02:15:00,2023-03-25 03:02:00,47.0,9.72
J979,M02,Delayed,2023-03-25 03:00:00,2023-03-25 04:40:00,0.9933333333333333,0.5826024018741263,2023-03-25 03:02:00,2023-03-25 04:42:00,100.0,9.77
J985,M02,Delayed,2023-03-25 04:00:00,2023-03-25 05:43:00,0.9866666666666667,0.6670583731403846,2023-03-25 04:42:00,2023-03-25 06:25:00,103.0,5.66
J996,M02,Failed,2023-03-25 05:50:00,2023-03-25 06:40:00,0.9866666666666667,0.8033119745665238,2023-03-25 06:25:00,2023-03-25 07:15:00,50.0,3.71
J978,M02,Delayed,2023-03-25 02:50:00,2023-03-25 04:28:00,0.9866666666666667,0.5750215878534197,2023-03-25 07:15:00,2023-03-25 08:53:00,98.0,10.05
J991,M02,Completed,2023-03-25 05:00:00,2023-03-25 05:36:00,0.0,0.3433847340123413,2023-03-25 08:53:00,2023-03-25 09:29:00,36.0,6.33
J999,M02,Completed,2023-03-25 06:20:00,2023-03-25 07:35:00,0.0,0.2876897090557766,2023-03-25 09:29:00,2023-03-25 10:44:00,75.0,9.08
J948,M02,Completed,2023-03-24 21:50:00,2023-03-24 23:30:00,0.006666666666666667,0.2635222578476248,2023-03-25 10:44:00,2023-03-25 12:24:00,100.0,7.13
J891,M02,Completed,2023-03-24 12:20:00,2023-03-24 14:04:00,0.0,0.25910887473795235,2023-03-25 12:24:00,2023-03-25 14:08:00,104.0,3.16
J892,M02,Completed,2023-03-24 12:30:00,2023-03-24 13:13:00,0.006666666666666667,0.2522544536122833,2023-03-25 14:08:00,2023-03-25 14:51:00,43.0,14.03
J973,M02,Completed,2023-03-25 02:00:00,2023-03-25 03:01:00,0.0,0.25101824048898314,2023-03-25 14:51:00,2023-03-25 15:52:00,61.0,11.68
J935,M02,Completed,2023-03-24 19:40:00,2023-03-24 21:01:00,0.0,0.24923477256255266,2023-03-25 15:52:00,2023-03-25 17:13:00,81.0,5.14
J971,M02,Completed,2023-03-25 01:40:00,2023-03-25 03:39:00,0.0,0.2453843890824977,2023-03-25 17:13:00,2023-03-25 19:12:00,119.0,4.69
J965,M02,Completed,2023-03-25 00:40:00,2023-03-25 01:23:00,0.0,0.23710495882990984,2023-03-25 19:12:00,2023-03-25 19:55:00,43.0,12.77
J421,M02,Completed,2023-03-21 06:00:00,2023-03-21 07:36:00,0.0,0.23104654466929703,2023-03-25 19:55:00,2023-03-25 21:31:00,96.0,9.69
J493,M02,Completed,2023-03-21 18:00:00,2023-03-21 19:40:00,0.013333333333333334,0.23030507649787263,2023-03-25 21:31:00,2023-03-25 23:11:00,100.0,9.82
J833,M02,Completed,2023-03-24 02:40:00,2023-03-24 04:09:00,0.0,0.2299124497939434,2023-03-25 23:11:00,2023-03-26 00:40:00,89.0,6.12
J200,M02,Completed,2023-03-19 17:10:00,2023-03-19 18:34:00,0.006666666666666667,0.2275655967307306,2023-03-26 00:40:00,2023-03-26 02:04:00,84.0,7.96
J472,M02,Completed,2023-03-21 14:30:00,2023-03-21 15:49:00,0.0,0.2224894493495614,2023-03-26 02:04:00,2023-03-26 03:23:00,79.0,7.54
J928,M02,Completed,2023-03-24 18:30:00,2023-03-24 20:10:00,0.0,0.2218500182716139,2023-03-26 03:23:00,2023-03-26 05:03:00,100.0,7.59
J053,M02,Completed,2023-03-18 16:40:00,2023-03-18 18:17:00,0.0,0.2202034046281368,2023-03-26 05:03:00,2023-03-26 06:40:00,97.0,4.77
J348,M02,Completed,2023-03-20 17:50:00,2023-03-20 19:22:00,0.02666666666666667,0.2195563040223339,2023-03-26 06:40:00,2023-03-26 08:12:00,92.0,8.79
J459,M02,Completed,2023-03-21 12:20:00,2023-03-21 13:53:00,0.0,0.21909680235025847,2023-03-26 08:12:00,2023-03-26 09:45:00,93.0,10.61
J730,M02,Completed,2023-03-23 09:30:00,2023-03-23 11:29:00,0.006666666666666667,0.21525530577058705,2023-03-26 09:45:00,2023-03-26 11:44:00,119.0,2.06
J044,M02,Completed,2023-03-18 15:10:00,2023-03-18 16:59:00,0.013333333333333334,0.20864101367946059,2023-03-26 11:44:00,2023-03-26 13:33:00,109.0,5.67
J526,M02,Completed,2023-03-21 23:30:00,2023-03-22 00:46:00,0.0,0.2081333441694302,2023-03-26 13:33:00,2023-03-26 14:49:00,76.0,9.64
J628,M02,Completed,2023-03-22 16:30:00,2023-03-22 18:29:00,0.0,0.20681359819137696,2023-03-26 14:49:00,2023-03-26 16:48:00,119.0,6.85
J217,M02,Completed,2023-03-19 20:00:00,2023-03-19 21:49:00,0.0,0.20630128232104464,2023-03-26 16:48:00,2023-03-26 18:37:00,109.0,4.75
J394,M02,Completed,2023-03-21 01:30:00,2023-03-21 02:44:00,0.0,0.19678793168027806,2023-03-26 18:37:00,2023-03-26 19:51:00,74.0,10.7
J068,M02,Completed,2023-03-18 19:10:00,2023-03-18 21:06:00,0.013333333333333334,0.18781755468686784,2023-03-26 19:51:00,2023-03-26 21:47:00,116.0,9.64
J710,M02,Completed,2023-03-23 06:10:00,2023-03-23 07:27:00,0.0,0.18520563650608252,2023-03-26 21:47:00,2023-03-26 23:04:00,77.0,12.33
J505,M02,Completed,2023-03-21 20:00:00,2023-03-21 21:14:00,0.0,0.1839567017181558,2023-03-26 23:04:00,2023-03-27 00:18:00,74.0,13.58
J787,M02,Completed,2023-03-23 19:00:00,2023-03-23 20:32:00,0.0,0.18138254272508086,2023-03-27 00:18:00,2023-03-27 01:50:00,92.0,11.17
J923,M02,Completed,2023-03-24 17:40:00,2023-03-24 19:11:00,0.0,0.18098111027097463,2023-03-27 01:50:00,2023-03-27 03:21:00,91.0,14.43
J318,M02,Completed,2023-03-20 12:50:00,2023-03-20 14:17:00,0.0,0.1769527857965431,2023-03-27 03:21:00,2023-03-27 04:48:00,87.0,10.22
J122,M02,Completed,2023-03-19 04:10:00,2023-03-19 05:52:00,0.0,0.17227752304215851,2023-03-27 04:48:00,2023-03-27 06:30:00,102.0,7.75
J864,M02,Completed,2023-03-24 07:50:00,2023-03-24 09:09:00,0.0,0.17065728606162192,2023-03-27 06:30:00,2023-03-27 07:49:00,79.0,10.56
J618,M02,Completed,2023-03-22 14:50:00,2023-03-22 16:24:00,0.0,0.16846548717308407,2023-03-27 07:49:00,2023-03-27 09:23:00,94.0,13.39
J343,M02,Completed,2023-03-20 17:00:00,2023-03-20 18:40:00,0.0,0.1683013431953405,2023-03-27 09:23:00,2023-03-27 11:03:00,100.0,10.38
J966,M02,Completed,2023-03-25 00:50:00,2023-03-25 02:44:00,0.006666666666666667,0.16741768454560707,2023-03-27 11:03:00,2023-03-27 12:57:00,114.0,10.41
J873,M02,Completed,2023-03-24 09:20:00,2023-03-24 11:09:00,0.0,0.1659815160624439,2023-03-27 12:57:00,2023-03-27 14:46:00,109.0,8.73
J559,M02,Completed,2023-03-22 05:00:00,2023-03-22 06:54:00,0.02,0.16377600130321635,2023-03-27 14:46:00,2023-03-27 16:40:00,114.0,9.67
J177,M02,Completed,2023-03-19 13:20:00,2023-03-19 14:57:00,0.0,0.15900549853388896,2023-03-27 16:40:00,2023-03-27 18:17:00,97.0,9.08
J247,M02,Completed,2023-03-20 01:00:00,2023-03-20 02:24:00,0.0,0.1499115367628938,2023-03-27 18:17:00,2023-03-27 19:41:00,84.0,12.46
J644,M02,Completed,2023-03-22 19:10:00,2023-03-22 20:37:00,0.0,0.14885555737761796,2023-03-27 19:41:00,2023-03-27 21:08:00,87.0,14.09
J784,M02,Completed,2023-03-23 18:30:00,2023-03-23 20:28:00,0.013333333333333334,0.14737544130879462,2023-03-27 21:08:00,2023-03-27 23:06:00,118.0,7.16
J671,M02,Completed,2023-03-22 23:40:00,2023-03-23 01:36:00,0.0,0.14678529401186308,2023-03-27 23:06:00,2023-03-28 01:02:00,116.0,8.84
J981,M02,Completed,2023-03-25 03:20:00,2023-03-25 04:40:00,0.006666666666666667,0.14510526317486203,2023-03-28 01:02:00,2023-03-28 02:22:00,80.0,14.98
J564,M02,Completed,2023-03-22 05:50:00,2023-03-22 07:42:00,0.013333333333333334,0.13962252973449135,2023-03-28 02:22:00,2023-03-28 04:14:00,112.0,12.39
J452,M02,Completed,2023-03-21 11:10:00,2023-03-21 13:00:00,0.006666666666666667,0.13856283732829397,2023-03-28 04:14:00,2023-03-28 06:04:00,110.0,7.81
J021,M02,Completed,2023-03-18 11:20:00,2023-03-18 13:07:00,0.0,0.1359857769109871,2023-03-28 06:04:00,2023-03-28 07:51:00,107.0,13.73
J941,M02,Completed,2023-03-24 20:40:00,2023-03-24 22:25:00,0.0,0.13219626264792933,2023-03-28 07:51:00,2023-03-28 09:36:00,105.0,14.3
J420,M02,Completed,2023-03-21 05:50:00,2023-03-21 07:45:00,0.0,0.12843555980977892,2023-03-28 09:36:00,2023-03-28 11:31:00,115.0,12.24
J908,M02,Completed,2023-03-24 15:10:00,2023-03-24 16:56:00,0.006666666666666667,0.12294095687910553,2023-03-28 11:31:00,2023-03-28 13:17:00,106.0,14.25
J519,M02,Completed,2023-03-21 22:20:00,2023-03-21 23:56:00,0.0,0.12280891127171702,2023-03-28 13:17:00,2023-03-28 14:53:00,96.0,14.32
J754,M02,Completed,2023-03-23 13:30:00,2023-03-23 15:27:00,0.006666666666666667,0.11522345089070853,2023-03-28 14:53:00,2023-03-28 16:50:00,117.0,8.53
J316,M02,Completed,2023-03-20 12:30:00,2023-03-20 14:15:00,0.0,0.11191464109316085,2023-03-28 16:50:00,2023-03-28 18:35:00,105.0,14.25
J937,M02,Completed,2023-03-24 20:00:00,2023-03-24 21:43:00,0.006666666666666667,0.10755819098339917,2023-03-28 18:35:00,2023-03-28 20:18:00,103.0,14.71
J814,M02,Completed,2023-03-23 23:30:00,2023-03-24 01:14:00,0.0,0.09644604960757991,2023-03-28 20:18:00,2023-03-28 22:02:00,104.0,14.05
J987,M02,Completed,2023-03-25 04:20:00,2023-03-25 06:20:00,0.013333333333333334,0.07990333970252733,2023-03-28 22:02:00,2023-03-29 00:02:00,120.0,10.87
J731,M02,Completed,2023-03-23 09:40:00,2023-03-23 11:35:00,0.0,0.03829231426878097,2023-03-29 00:02:00,2023-03-29 01:57:00,115.0,13.99
J840,M02,Completed,2023-03-24 03:50:00,2023-03-24 05:48:00,0.013333333333333334,0.03137495436378197,2023-03-29 01:57:00,2023-03-29 03:55:00,118.0,14.0
J012,M03,Delayed,2023-03-18 09:50:00,2023-03-18 10:18:00,0.9866666666666667,0.8382941195997196,2023-03-18 09:50:00,2023-03-18 10:18:00,28.0,8.08
J013,M03,Completed,2023-03-18 10:00:00,2023-03-18 10:43:00,0.0,0.358965121950261,2023-03-18 10:18:00,2023-03-18 11:01:00,43.0,5.55
J017,M03,Completed,2023-03-18 10:40:00,2023-03-18 12:35:00,0.0,0.19792791057404596,2023-03-18 11:01:00,2023-03-18 12:56:00,115.0,9.44
J022,M03,Delayed,2023-03-18 11:30:00,2023-03-18 12:34:00,1.0,0.7887339199403038,2023-03-18 12:56:00,2023-03-18 14:00:00,64.0,4.14
J027,M03,Failed,2023-03-18 12:20:00,2023-03-18 13:47:00,0.9666666666666667,0.6736295292616533,2023-03-18 14:00:00,2023-03-18 15:27:00,87.0,11.34
J031,M03,Completed,2023-03-18 13:00:00,2023-03-18 13:37:00,0.0,0.40478523313536713,2023-03-18 15:27:00,2023-03-18 16:04:00,37.0,3.21
J046,M03,Delayed,2023-03-18 15:30:00,2023-03-18 16:00:00,0.9933333333333333,0.8664243797092669,2023-03-18 16:04:00,2023-03-18 16:34:00,30.0,7.15
J032,M03,Completed,2023-03-18 13:10:00,2023-03-18 14:28:00,0.0,0.35997301465411213,2023-03-18 16:34:00,2023-03-18 17:52:00,78.0,4.93
J043,M03,Completed,2023-03-18 15:00:00,2023-03-18 16:15:00,0.013333333333333334,0.3427989895713851,2023-03-18 17:52:00,2023-03-18 19:07:00,75.0,4.53
J065,M03,Failed,2023-03-18 18:40:00,2023-03-18 19:03:00,0.9666666666666667,0.8510056604102887,2023-03-18 19:07:00,2023-03-18 19:30:00,23.0,6.8
J066,M03,Delayed,2023-03-18 18:50:00,2023-03-18 19:42:00,0.9933333333333333,0.8262926993110695,2023-03-18 19:30:00,2023-03-18 20:22:00,52.0,2.09
J028,M03,Completed,2023-03-18 12:30:00,2023-03-18 14:03:00,0.0,0.23960972690950125,2023-03-18 20:22:00,2023-03-18 21:55:00,93.0,4.16
J083,M03,Completed,2023-03-18 21:40:00,2023-03-18 22:39:00,0.006666666666666667,0.27282337784690647,2023-03-18 21:55:00,2023-03-18 22:54:00,59.0,12.15
J087,M03,Delayed,2023-03-18 22:20:00,2023-03-18 23:19:00,0.9933333333333333,0.6070761875383307,2023-03-18 22:54:00,2023-03-18 23:53:00,59.0,14.83
J092,M03,Failed,2023-03-18 23:10:00,2023-03-19 00:40:00,0.9666666666666667,0.6312636444269057,2023-03-18 23:53:00,2023-03-19 01:23:00,90.0,8.14
J093,M03,Delayed,2023-03-18 23:20:00,2023-03-19 00:46:00,1.0,0.6182893718015637,2023-03-19 01:23:00,2023-03-19 02:49:00,86.0,9.92
J105,M03,Completed,2023-03-19 01:20:00,2023-03-19 02:03:00,0.0,0.28142991926292094,2023-03-19 02:49:00,2023-03-19 03:32:00,43.0,13.65
J106,M03,Completed,2023-03-19 01:30:00,2023-03-19 03:17:00,0.0,0.2277968388691529,2023-03-19 03:32:00,2023-03-19 05:19:00,107.0,8.8
J095,M03,Completed,2023-03-18 23:40:00,2023-03-19 01:33:00,0.006666666666666667,0.16195193362236923,2023-03-19 05:19:00,2023-03-19 07:12:00,113.0,9.22
J138,M03,Delayed,2023-03-19 06:50:00,2023-03-19 07:55:00,1.0,0.7362075432870452,2023-03-19 07:12:00,2023-03-19 08:17:00,65.0,11.48
J143,M03,Delayed,2023-03-19 07:40:00,2023-03-19 08:13:00,1.0,0.8956540392416894,2023-03-19 08:17:00,2023-03-19 08:50:00,33.0,4.28
J147,M03,Delayed,2023-03-19 08:20:00,2023-03-19 08:49:00,0.9866666666666667,0.7892251142062648,2023-03-19 08:50:00,2023-03-19 09:19:00,29.0,11.1
J150,M03,Delayed,2023-03-19 08:50:00,2023-03-19 09:43:00,1.0,0.7257051693899423,2023-03-19 09:19:00,2023-03-19 10:12:00,53.0,12.4
J134,M03,Failed,2023-03-19 06:10:00,2023-03-19 07:21:00,1.0,0.65520096941632,2023-03-19 10:12:00,2023-03-19 11:23:00,71.0,13.03
J144,M03,Completed,2023-03-19 07:50:00,2023-03-19 08:37:00,0.02,0.3894304467786619,2023-03-19 11:23:00,2023-03-19 12:10:00,47.0,6.24
J168,M03,Delayed,2023-03-19 11:50:00,2023-03-19 12:27:00,0.9733333333333334,0.683125288708966,2023-03-19 12:10:00,2023-03-19 12:47:00,37.0,12.54
J169,M03,Completed,2023-03-19 12:00:00,2023-03-19 12:23:00,0.0,0.4006990829133298,2023-03-19 12:47:00,2023-03-19 13:10:00,23.0,7.11
J139,M03,Completed,2023-03-19 07:00:00,2023-03-19 07:45:00,0.006666666666666667,0.38925421012440675,2023-03-19 13:10:00,2023-03-19 13:55:00,45.0,4.48
J179,M03,Delayed,2023-03-19 13:40:00,2023-03-19 15:15:00,1.0,0.624990361941043,2023-03-19 13:55:00,2023-03-19 15:30:00,95.0,14.17
J155,M03,Completed,2023-03-19 09:40:00,2023-03-19 10:20:00,0.03333333333333333,0.3832709085698419,2023-03-19 15:30:00,2023-03-19 16:10:00,40.0,9.87
J157,M03,Completed,2023-03-19 10:00:00,2023-03-19 10:59:00,0.0,0.29977103032420166,2023-03-19 16:10:00,2023-03-19 17:09:00,59.0,8.16
J189,M03,Completed,2023-03-19 15:20:00,2023-03-19 16:10:00,0.006666666666666667,0.29854133020600104,2023-03-19 17:09:00,2023-03-19 17:59:00,50.0,11.6
J194,M03,Completed,2023-03-19 16:10:00,2023-03-19 17:07:00,0.0,0.27849582032700854,2023-03-19 17:59:00,2023-03-19 18:56:00,57.0,8.84
J192,M03,Completed,2023-03-19 15:50:00,2023-03-19 17:30:00,0.02,0.27260629793390817,2023-03-19 18:56:00,2023-03-19 20:36:00,100.0,6.93
J213,M03,Failed,2023-03-19 19:20:00,2023-03-19 20:13:00,0.9666666666666667,0.8432052708436711,2023-03-19 20:36:00,2023-03-19 21:29:00,53.0,4.49
J222,M03,Failed,2023-03-19 20:50:00,2023-03-19 22:49:00,0.9733333333333334,0.6757067519929352,2023-03-19 21:29:00,2023-03-19 23:28:00,119.0,3.14
J211,M03,Completed,2023-03-19 19:00:00,2023-03-19 19:25:00,0.0,0.4391191210562839,2023-03-19 23:28:00,2023-03-19 23:53:00,25.0,8.39
J239,M03,Failed,2023-03-19 23:40:00,2023-03-20 01:09:00,0.9733333333333334,0.7350511905758418,2023-03-19 23:53:00,2023-03-20 01:22:00,89.0,2.79
J244,M03,Delayed,2023-03-20 00:30:00,2023-03-20 01:12:00,1.0,0.7498654786048796,2023-03-20 01:22:00,2023-03-20 02:04:00,42.0,10.91
J225,M03,Completed,2023-03-19 21:20:00,2023-03-19 21:42:00,0.0,0.37522359291984775,2023-03-20 02:04:00,2023-03-20 02:26:00,22.0,13.02
J235,M03,Completed,2023-03-19 23:00:00,2023-03-19 23:56:00,0.013333333333333334,0.3426099906699752,2023-03-20 02:26:00,2023-03-20 03:22:00,56.0,6.94
J259,M03,Completed,2023-03-20 03:00:00,2023-03-20 03:24:00,0.013333333333333334,0.3837835490855502,2023-03-20 03:22:00,2023-03-20 03:46:00,24.0,7.41
J249,M03,Completed,2023-03-20 01:20:00,2023-03-20 02:27:00,0.0,0.3326014486943283,2023-03-20 03:46:00,2023-03-20 04:53:00,67.0,3.71
J170,M03,Completed,2023-03-19 12:10:00,2023-03-19 13:52:00,0.0,0.24299537394732892,2023-03-20 04:53:00,2023-03-20 06:35:00,102.0,2.14
J141,M03,Completed,2023-03-19 07:20:00,2023-03-19 09:00:00,0.006666666666666667,0.2335786633188876,2023-03-20 06:35:00,2023-03-20 08:15:00,100.0,6.0
J282,M03,Completed,2023-03-20 06:50:00,2023-03-20 07:20:00,0.0,0.35644909306095107,2023-03-20 08:15:00,2023-03-20 08:45:00,30.0,10.21
J291,M03,Completed,2023-03-20 08:20:00,2023-03-20 08:46:00,0.0,0.2902854766230187,2023-03-20 08:45:00,2023-03-20 09:11:00,26.0,12.76
J296,M03,Failed,2023-03-20 09:10:00,2023-03-20 10:26:00,1.0,0.6445716832093932,2023-03-20 09:11:00,2023-03-20 10:27:00,76.0,13.25
J281,M03,Completed,2023-03-20 06:40:00,2023-03-20 07:39:00,0.04,0.2890082984976538,2023-03-20 10:27:00,2023-03-20 11:26:00,59.0,8.66
J309,M03,Delayed,2023-03-20 11:20:00,2023-03-20 12:31:00,1.0,0.7151733753696645,2023-03-20 11:26:00,2023-03-20 12:37:00,71.0,11.53
J294,M03,Completed,2023-03-20 08:50:00,2023-03-20 10:20:00,0.013333333333333334,0.2712203465520283,2023-03-20 12:37:00,2023-03-20 14:07:00,90.0,6.74
J325,M03,Failed,2023-03-20 14:00:00,2023-03-20 15:52:00,0.9733333333333334,0.6773645249926566,2023-03-20 14:07:00,2023-03-20 15:59:00,112.0,4.85
J319,M03,Completed,2023-03-20 13:00:00,2023-03-20 13:23:00,0.006666666666666667,0.41489090208887214,2023-03-20 15:59:00,2023-03-20 16:22:00,23.0,10.48
J304,M03,Completed,2023-03-20 10:30:00,2023-03-20 11:45:00,0.0,0.25066499615635557,2023-03-20 16:22:00,2023-03-20 17:37:00,75.0,6.02
J341,M03,Failed,2023-03-20 16:40:00,2023-03-20 18:16:00,0.9866666666666667,0.5664599273433326,2023-03-20 17:37:00,2023-03-20 19:13:00,96.0,13.66
J355,M03,Completed,2023-03-20 19:00:00,2023-03-20 20:27:00,0.0,0.3228238242159909,2023-03-20 19:13:00,2023-03-20 20:40:00,87.0,5.88
J354,M03,Completed,2023-03-20 18:50:00,2023-03-20 19:51:00,0.0,0.24741884106613315,2023-03-20 20:40:00,2023-03-20 21:41:00,61.0,13.62
J368,M03,Completed,2023-03-20 21:10:00,2023-03-20 22:13:00,0.0,0.30901381732192695,2023-03-20 21:41:00,2023-03-20 22:44:00,63.0,8.96
J372,M03,Delayed,2023-03-20 21:50:00,2023-03-20 23:08:00,1.0,0.7357612705095398,2023-03-20 22:44:00,2023-03-21 00:02:00,78.0,9.06
J366,M03,Completed,2023-03-20 20:50:00,2023-03-20 21:37:00,0.0,0.25912622247303335,2023-03-21 00:02:00,2023-03-21 00:49:00,47.0,12.4
J142,M03,Completed,2023-03-19 07:30:00,2023-03-19 09:20:00,0.006666666666666667,0.23274779856840638,2023-03-21 00:49:00,2023-03-21 02:39:00,110.0,3.75
J391,M03,Completed,2023-03-21 01:00:00,2023-03-21 01:35:00,0.006666666666666667,0.4562255610127993,2023-03-21 02:39:00,2023-03-21 03:14:00,35.0,4.83
J395,M03,Completed,2023-03-21 01:40:00,2023-03-21 02:46:00,0.0,0.22868989166895723,2023-03-21 03:14:00,2023-03-21 04:20:00,66.0,13.0
J411,M03,Delayed,2023-03-21 04:20:00,2023-03-21 05:56:00,0.9933333333333333,0.5925902280324582,2023-03-21 04:20:00,2023-03-21 05:56:00,96.0,12.16
J414,M03,Delayed,2023-03-21 04:50:00,2023-03-21 05:21:00,0.9933333333333333,0.9157890065763774,2023-03-21 05:56:00,2023-03-21 06:27:00,31.0,2.08
J408,M03,Completed,2023-03-21 03:50:00,2023-03-21 04:44:00,0.006666666666666667,0.33938741225362146,2023-03-21 06:27:00,2023-03-21 07:21:00,54.0,7.62
J322,M03,Completed,2023-03-20 13:30:00,2023-03-20 14:50:00,0.0,0.22821085096530352,2023-03-21 07:21:00,2023-03-21 08:41:00,80.0,10.42
J432,M03,Delayed,2023-03-21 07:50:00,2023-03-21 09:35:00,1.0,0.5432277924512582,2023-03-21 08:41:00,2023-03-21 10:26:00,105.0,12.39
J446,M03,Failed,2023-03-21 10:10:00,2023-03-21 11:12:00,0.9933333333333333,0.6688331773477465,2023-03-21 10:26:00,2023-03-21 11:28:00,62.0,10.68
J444,M03,Completed,2023-03-21 09:50:00,2023-03-21 10:46:00,0.0,0.2500702025082792,2023-03-21 11:28:00,2023-03-21 12:24:00,56.0,14.6
J454,M03,Delayed,2023-03-21 11:30:00,2023-03-21 12:25:00,1.0,0.7778126644139597,2023-03-21 12:24:00,2023-03-21 13:19:00,55.0,6.99
J453,M03,Completed,2023-03-21 11:20:00,2023-03-21 13:13:00,0.006666666666666667,0.21511104573910217,2023-03-21 13:19:00,2023-03-21 15:12:00,113.0,5.09
J405,M03,Completed,2023-03-21 03:20:00,2023-03-21 05:00:00,0.0,0.21475672605936202,2023-03-21 15:12:00,2023-03-21 16:52:00,100.0,8.05
J483,M03,Completed,2023-03-21 16:20:00,2023-03-21 16:53:00,0.0,0.48582771984168593,2023-03-21 16:52:00,2023-03-21 17:25:00,33.0,3.04
J486,M03,Completed,2023-03-21 16:50:00,2023-03-21 17:43:00,0.02,0.36122994359472715,2023-03-21 17:25:00,2023-03-21 18:18:00,53.0,8.12
J485,M03,Completed,2023-03-21 16:40:00,2023-03-21 17:14:00,0.0,0.328265430358147,2023-03-21 18:18:00,2023-03-21 18:52:00,34.0,9.0
J278,M03,Completed,2023-03-20 06:10:00,2023-03-20 07:08:00,0.0,0.20913301953721736,2023-03-21 18:52:00,2023-03-21 19:50:00,58.0,14.2
J500,M03,Failed,2023-03-21 19:10:00,2023-03-21 19:58:00,0.9933333333333333,0.7868628409385645,2023-03-21 19:50:00,2023-03-21 20:38:00,48.0,9.05
J350,M03,Completed,2023-03-20 18:10:00,2023-03-20 19:27:00,0.006666666666666667,0.19585486752105702,2023-03-21 20:38:00,2023-03-21 21:55:00,77.0,10.81
J515,M03,Delayed,2023-03-21 21:40:00,2023-03-21 22:20:00,1.0,0.8747413054027745,2023-03-21 21:55:00,2023-03-21 22:35:00,40.0,4.16
J513,M03,Failed,2023-03-21 21:20:00,2023-03-21 22:32:00,0.9866666666666667,0.5901412973080903,2023-03-21 22:35:00,2023-03-21 23:47:00,72.0,14.65
J524,M03,Completed,2023-03-21 23:10:00,2023-03-22 00:12:00,0.0,0.22709633568920642,2023-03-21 23:47:00,2023-03-22 00:49:00,62.0,10.68
J528,M03,Failed,2023-03-21 23:50:00,2023-03-22 00:18:00,0.9733333333333334,0.8486395320948216,2023-03-22 00:49:00,2023-03-22 01:17:00,28.0,7.02
J532,M03,Completed,2023-03-22 00:30:00,2023-03-22 02:16:00,0.0,0.27200442316925616,2023-03-22 01:17:00,2023-03-22 03:03:00,106.0,4.73
J542,M03,Completed,2023-03-22 02:10:00,2023-03-22 02:57:00,0.0,0.2630421418011217,2023-03-22 03:03:00,2023-03-22 03:50:00,47.0,13.17
J509,M03,Completed,2023-03-21 20:40:00,2023-03-21 22:23:00,0.0,0.20112922535002625,2023-03-22 03:50:00,2023-03-22 05:33:00,103.0,9.13
J558,M03,Completed,2023-03-22 04:50:00,2023-03-22 05:46:00,0.0,0.31706691556513156,2023-03-22 05:33:00,2023-03-22 06:29:00,56.0,8.89
J553,M03,Completed,2023-03-22 04:00:00,2023-03-22 05:03:00,0.0,0.26664884552818596,2023-03-22 06:29:00,2023-03-22 07:32:00,63.0,12.39
J568,M03,Delayed,2023-03-22 06:30:00,2023-03-22 07:44:00,1.0,0.7789593389222005,2023-03-22 07:32:00,2023-03-22 08:46:00,74.0,2.47
J573,M03,Failed,2023-03-22 07:20:00,2023-03-22 08:30:00,0.9733333333333334,0.7578666959955314,2023-03-22 08:46:00,2023-03-22 09:56:00,70.0,6.78
J582,M03,Delayed,2023-03-22 08:50:00,2023-03-22 10:25:00,1.0,0.7183353280493405,2023-03-22 09:56:00,2023-03-22 11:31:00,95.0,6.41
J571,M03,Failed,2023-03-22 07:00:00,2023-03-22 08:25:00,0.98,0.6409538404201951,2023-03-22 11:31:00,2023-03-22 12:56:00,85.0,8.37
J576,M03,Completed,2023-03-22 07:50:00,2023-03-22 08:55:00,0.0,0.37506036197395376,2023-03-22 12:56:00,2023-03-22 14:01:00,65.0,3.67
J609,M03,Failed,2023-03-22 13:20:00,2023-03-22 14:45:00,0.9866666666666667,0.8044740692749891,2023-03-22 14:01:00,2023-03-22 15:26:00,85.0,3.08
J612,M03,Failed,2023-03-22 13:50:00,2023-03-22 15:32:00,0.9866666666666667,0.6041117960256589,2023-03-22 15:26:00,2023-03-22 17:08:00,102.0,14.0
J622,M03,Delayed,2023-03-22 15:30:00,2023-03-22 17:17:00,0.9733333333333334,0.766953353458049,2023-03-22 17:08:00,2023-03-22 18:55:00,107.0,2.24
J629,M03,Delayed,2023-03-22 16:40:00,2023-03-22 18:32:00,1.0,0.6872381604952043,2023-03-22 18:55:00,2023-03-22 20:47:00,112.0,2.94
J649,M03,Delayed,2023-03-22 20:00:00,2023-03-22 20:57:00,1.0,0.8109533128704339,2023-03-22 20:47:00,2023-03-22 21:44:00,57.0,2.81
J659,M03,Delayed,2023-03-22 21:40:00,2023-03-22 22:41:00,1.0,0.6743818727158876,2023-03-22 21:44:00,2023-03-22 22:45:00,61.0,14.09
J662,M03,Delayed,2023-03-22 22:10:00,2023-03-22 22:40:00,0.9933333333333333,0.8721217379839813,2023-03-22 22:45:00,2023-03-22 23:15:00,30.0,4.05
J663,M03,Delayed,2023-03-22 22:20:00,2023-03-23 00:12:00,0.9933333333333333,0.6513484960946717,2023-03-22 23:15:00,2023-03-23 01:07:00,112.0,9.51
J675,M03,Failed,2023-03-23 00:20:00,2023-03-23 00:45:00,0.94,0.8434444462829493,2023-03-23 01:07:00,2023-03-23 01:32:00,25.0,4.14
J678,M03,Delayed,2023-03-23 00:50:00,2023-03-23 01:48:00,0.9866666666666667,0.6161570015649623,2023-03-23 01:32:00,2023-03-23 02:30:00,58.0,14.55
J608,M03,Failed,2023-03-22 13:10:00,2023-03-22 15:08:00,0.9933333333333333,0.5925591847299552,2023-03-23 02:30:00,2023-03-23 04:28:00,118.0,7.23
J699,M03,Failed,2023-03-23 04:20:00,2023-03-23 05:20:00,0.9866666666666667,0.7078619481956757,2023-03-23 04:28:00,2023-03-23 05:28:00,60.0,8.62
J705,M03,Failed,2023-03-23 05:20:00,2023-03-23 06:45:00,1.0,0.7134120232579314,2023-03-23 05:28:00,2023-03-23 06:53:00,85.0,5.62
J607,M03,Failed,2023-03-22 13:00:00,2023-03-22 14:19:00,0.98,0.5860069995379454,2023-03-23 06:53:00,2023-03-23 08:12:00,79.0,13.93
J633,M03,Delayed,2023-03-22 17:20:00,2023-03-22 18:58:00,0.9933333333333333,0.5264044957798284,2023-03-23 08:12:00,2023-03-23 09:50:00,98.0,14.08
J728,M03,Delayed,2023-03-23 09:10:00,2023-03-23 10:17:00,1.0,0.743588341076943,2023-03-23 09:50:00,2023-03-23 10:57:00,67.0,6.24
J689,M03,Completed,2023-03-23 02:40:00,2023-03-23 03:05:00,0.0,0.450891226723685,2023-03-23 10:57:00,2023-03-23 11:22:00,25.0,5.92
J682,M03,Completed,2023-03-23 01:30:00,2023-03-23 02:16:00,0.0,0.42738120359167414,2023-03-23 11:22:00,2023-03-23 12:08:00,46.0,4.04
J745,M03,Delayed,2023-03-23 12:00:00,2023-03-23 12:35:00,1.0,0.8631857926828389,2023-03-23 12:08:00,2023-03-23 12:43:00,35.0,5.72
J693,M03,Completed,2023-03-23 03:20:00,2023-03-23 04:19:00,0.0,0.40737156596574703,2023-03-23 12:43:00,2023-03-23 13:42:00,59.0,3.23
J669,M03,Completed,2023-03-22 23:20:00,2023-03-22 23:59:00,0.006666666666666667,0.3726022197031956,2023-03-23 13:42:00,2023-03-23 14:21:00,39.0,5.85
J756,M03,Completed,2023-03-23 13:50:00,2023-03-23 14:19:00,0.006666666666666667,0.3688354299488398,2023-03-23 14:21:00,2023-03-23 14:50:00,29.0,11.47
J686,M03,Completed,2023-03-23 02:10:00,2023-03-23 02:47:00,0.0,0.36634835451128256,2023-03-23 14:50:00,2023-03-23 15:27:00,37.0,5.02
J765,M03,Failed,2023-03-23 15:20:00,2023-03-23 15:41:00,0.9133333333333333,0.7885491007666305,2023-03-23 15:27:00,2023-03-23 15:48:00,21.0,12.69
J746,M03,Completed,2023-03-23 12:10:00,2023-03-23 12:40:00,0.0,0.353665341081886,2023-03-23 15:48:00,2023-03-23 16:18:00,30.0,7.66
J613,M03,Completed,2023-03-22 14:00:00,2023-03-22 15:06:00,0.0,0.35226656657764227,2023-03-23 16:18:00,2023-03-23 17:24:00,66.0,6.01
J775,M03,Completed,2023-03-23 17:00:00,2023-03-23 17:34:00,0.0,0.4365761068100291,2023-03-23 17:24:00,2023-03-23 17:58:00,34.0,3.0
J780,M03,Delayed,2023-03-23 17:50:00,2023-03-23 18:21:00,0.98,0.7275628166035834,2023-03-23 17:58:00,2023-03-23 18:29:00,31.0,14.58
J578,M03,Completed,2023-03-22 08:10:00,2023-03-22 09:34:00,0.0,0.3022103640049707,2023-03-23 18:29:00,2023-03-23 19:53:00,84.0,4.29
J590,M03,Completed,2023-03-22 10:10:00,2023-03-22 12:00:00,0.0,0.29196019153966135,2023-03-23 19:53:00,2023-03-23 21:43:00,110.0,3.47
J801,M03,Completed,2023-03-23 21:20:00,2023-03-23 22:15:00,0.006666666666666667,0.34099811306150496,2023-03-23 21:43:00,2023-03-23 22:38:00,55.0,9.06
J804,M03,Completed,2023-03-23 21:50:00,2023-03-23 22:24:00,0.0,0.4236231384224387,2023-03-23 22:38:00,2023-03-23 23:12:00,34.0,3.84
J798,M03,Completed,2023-03-23 20:50:00,2023-03-23 21:34:00,0.0,0.31464391512069956,2023-03-23 23:12:00,2023-03-23 23:56:00,44.0,10.31
J805,M03,Completed,2023-03-23 22:00:00,2023-03-23 22:54:00,0.0,0.2782248508834909,2023-03-23 23:56:00,2023-03-24 00:50:00,54.0,8.32
J603,M03,Completed,2023-03-22 12:20:00,2023-03-22 13:50:00,0.0,0.2773292618682457,2023-03-24 00:50:00,2023-03-24 02:20:00,90.0,7.32
J829,M03,Failed,2023-03-24 02:00:00,2023-03-24 03:30:00,0.9733333333333334,0.6253402178938618,2023-03-24 02:20:00,2023-03-24 03:50:00,90.0,9.06
J836,M03,Delayed,2023-03-24 03:10:00,2023-03-24 04:58:00,1.0,0.5462338185026747,2023-03-24 03:50:00,2023-03-24 05:38:00,108.0,12.05
J826,M03,Completed,2023-03-24 01:30:00,2023-03-24 02:37:00,0.006666666666666667,0.348883110825725,2023-03-24 05:38:00,2023-03-24 06:45:00,67.0,3.19
J828,M03,Completed,2023-03-24 01:50:00,2023-03-24 02:48:00,0.02,0.323306902571092,2023-03-24 06:45:00,2023-03-24 07:43:00,58.0,10.11
J861,M03,Failed,2023-03-24 07:20:00,2023-03-24 08:28:00,0.96,0.6024212145363742,2023-03-24 07:43:00,2023-03-24 08:51:00,68.0,12.7
J624,M03,Completed,2023-03-22 15:50:00,2023-03-22 16:19:00,0.0,0.27623594937499635,2023-03-24 08:51:00,2023-03-24 09:20:00,29.0,14.55
J684,M03,Completed,2023-03-23 01:50:00,2023-03-23 02:18:00,0.013333333333333334,0.27569078441345934,2023-03-24 09:20:00,2023-03-24 09:48:00,28.0,13.43
J874,M03,Completed,2023-03-24 09:30:00,2023-03-24 10:44:00,0.0,0.2904981130649799,2023-03-24 09:48:00,2023-03-24 11:02:00,74.0,9.06
J706,M03,Completed,2023-03-23 05:30:00,2023-03-23 06:55:00,0.02666666666666667,0.2733952237943792,2023-03-24 11:02:00,2023-03-24 12:27:00,85.0,8.14
J889,M03,Failed,2023-03-24 12:00:00,2023-03-24 13:18:00,0.9933333333333333,0.8006629058594992,2023-03-24 12:27:00,2023-03-24 13:45:00,78.0,2.95
J634,M03,Completed,2023-03-22 17:30:00,2023-03-22 18:57:00,0.013333333333333334,0.2731569005442751,2023-03-24 13:45:00,2023-03-24 15:12:00,87.0,9.49
J905,M03,Completed,2023-03-24 14:40:00,2023-03-24 15:28:00,0.0,0.3429996347945721,2023-03-24 15:12:00,2023-03-24 16:00:00,48.0,7.14
J900,M03,Completed,2023-03-24 13:50:00,2023-03-24 14:49:00,0.0,0.3131460252504785,2023-03-24 16:00:00,2023-03-24 16:59:00,59.0,6.61
J589,M03,Completed,2023-03-22 10:00:00,2023-03-22 10:54:00,0.0,0.2705431562863704,2023-03-24 16:59:00,2023-03-24 17:53:00,54.0,11.89
J593,M03,Completed,2023-03-22 10:40:00,2023-03-22 12:07:00,0.0,0.2702125350089706,2023-03-24 17:53:00,2023-03-24 19:20:00,87.0,6.22
J931,M03,Completed,2023-03-24 19:00:00,2023-03-24 19:55:00,0.0,0.3577278537591088,2023-03-24 19:20:00,2023-03-24 20:15:00,55.0,5.05
J674,M03,Completed,2023-03-23 00:10:00,2023-03-23 01:49:00,0.0,0.26749411598441075,2023-03-24 20:15:00,2023-03-24 21:54:00,99.0,6.84
J761,M03,Completed,2023-03-23 14:40:00,2023-03-23 16:07:00,0.0,0.25723927688380216,2023-03-24 21:54:00,2023-03-24 23:21:00,87.0,6.72
J791,M03,Completed,2023-03-23 19:40:00,2023-03-23 21:26:00,0.0,0.2545714807518449,2023-03-24 23:21:00,2023-03-25 01:07:00,106.0,3.13
J964,M03,Completed,2023-03-25 00:30:00,2023-03-25 01:36:00,0.0,0.27313253257698455,2023-03-25 01:07:00,2023-03-25 02:13:00,66.0,8.07
J972,M03,Completed,2023-03-25 01:50:00,2023-03-25 02:49:00,0.013333333333333334,0.32419005397603207,2023-03-25 02:13:00,2023-03-25 03:12:00,59.0,10.72
J980,M03,Failed,2023-03-25 03:10:00,2023-03-25 04:21:00,0.9733333333333334,0.6807735052374537,2023-03-25 03:12:00,2023-03-25 04:23:00,71.0,12.3
J968,M03,Completed,2023-03-25 01:10:00,2023-03-25 01:42:00,0.0,0.30162155583304584,2023-03-25 04:23:00,2023-03-25 04:55:00,32.0,13.1
J911,M03,Completed,2023-03-24 15:40:00,2023-03-24 17:32:00,0.006666666666666667,0.2536212717644911,2023-03-25 04:55:00,2023-03-25 06:47:00,112.0,4.12
J995,M03,Failed,2023-03-25 05:40:00,2023-03-25 07:38:00,0.92,0.49015610884501026,2023-03-25 06:47:00,2023-03-25 08:45:00,118.0,14.12
J914,M03,Completed,2023-03-24 16:10:00,2023-03-24 17:22:00,0.013333333333333334,0.24518597574116952,2023-03-25 08:45:00,2023-03-25 09:57:00,72.0,9.64
J858,M03,Completed,2023-03-24 06:50:00,2023-03-24 08:44:00,0.006666666666666667,0.24498129286653503,2023-03-25 09:57:00,2023-03-25 11:51:00,114.0,5.38
J872,M03,Completed,2023-03-24 09:10:00,2023-03-24 10:41:00,0.013333333333333334,0.24324861015712707,2023-03-25 11:51:00,2023-03-25 13:22:00,91.0,5.32
J863,M03,Completed,2023-03-24 07:40:00,2023-03-24 08:57:00,0.0,0.23428245344854498,2023-03-25 13:22:00,2023-03-25 14:39:00,77.0,9.83
J767,M03,Completed,2023-03-23 15:40:00,2023-03-23 17:32:00,0.006666666666666667,0.22709041107484373,2023-03-25 14:39:00,2023-03-25 16:31:00,112.0,3.11
J989,M03,Completed,2023-03-25 04:40:00,2023-03-25 06:09:00,0.0,0.2263252242126614,2023-03-25 16:31:00,2023-03-25 18:00:00,89.0,5.67
J778,M03,Completed,2023-03-23 17:30:00,2023-03-23 18:45:00,0.0,0.22448717690154452,2023-03-25 18:00:00,2023-03-25 19:15:00,75.0,13.52
J899,M03,Completed,2023-03-24 13:40:00,2023-03-24 14:55:00,0.006666666666666667,0.22382690826296045,2023-03-25 19:15:00,2023-03-25 20:30:00,75.0,14.44
J685,M03,Completed,2023-03-23 02:00:00,2023-03-23 03:21:00,0.006666666666666667,0.21322978128817732,2023-03-25 20:30:00,2023-03-25 21:51:00,81.0,10.4
J871,M03,Completed,2023-03-24 09:00:00,2023-03-24 10:12:00,0.0,0.2086012255168396,2023-03-25 21:51:00,2023-03-25 23:03:00,72.0,13.33
J930,M03,Completed,2023-03-24 18:50:00,2023-03-24 20:31:00,0.0,0.20661212110139682,2023-03-25 23:03:00,2023-03-26 00:44:00,101.0,9.44
J570,M03,Completed,2023-03-22 06:50:00,2023-03-22 07:57:00,0.0,0.2020532199988595,2023-03-26 00:44:00,2023-03-26 01:51:00,67.0,13.2
J949,M03,Completed,2023-03-24 22:00:00,2023-03-24 22:57:00,0.0,0.198639471674446,2023-03-26 01:51:00,2023-03-26 02:48:00,57.0,14.36
J793,M03,Completed,2023-03-23 20:00:00,2023-03-23 21:39:00,0.006666666666666667,0.19816525992135456,2023-03-26 02:48:00,2023-03-26 04:27:00,99.0,8.8
J853,M03,Completed,2023-03-24 06:00:00,2023-03-24 07:26:00,0.0,0.19684514873877337,2023-03-26 04:27:00,2023-03-26 05:53:00,86.0,11.14
J306,M03,Completed,2023-03-20 10:50:00,2023-03-20 12:07:00,0.006666666666666667,0.19561950656613075,2023-03-26 05:53:00,2023-03-26 07:10:00,77.0,9.46
J339,M03,Completed,2023-03-20 16:20:00,2023-03-20 17:34:00,0.0,0.1946696830908357,2023-03-26 07:10:00,2023-03-26 08:24:00,74.0,11.52
J990,M03,Completed,2023-03-25 04:50:00,2023-03-25 06:17:00,0.0,0.18422868564699715,2023-03-26 08:24:00,2023-03-26 09:51:00,87.0,12.82
J975,M03,Completed,2023-03-25 02:20:00,2023-03-25 03:53:00,0.02666666666666667,0.17921594367915294,2023-03-26 09:51:00,2023-03-26 11:24:00,93.0,10.22
J953,M03,Completed,2023-03-24 22:40:00,2023-03-25 00:23:00,0.013333333333333334,0.17776185935858974,2023-03-26 11:24:00,2023-03-26 13:07:00,103.0,7.28
J776,M03,Completed,2023-03-23 17:10:00,2023-03-23 19:08:00,0.006666666666666667,0.16328953456261358,2023-03-26 13:07:00,2023-03-26 15:05:00,118.0,7.64
J579,M03,Completed,2023-03-22 08:20:00,2023-03-22 09:54:00,0.0,0.15238789921805423,2023-03-26 15:05:00,2023-03-26 16:39:00,94.0,13.75
J875,M03,Completed,2023-03-24 09:40:00,2023-03-24 11:05:00,0.0,0.1428260560996497,2023-03-26 16:39:00,2023-03-26 18:04:00,85.0,13.44
J998,M03,Completed,2023-03-25 06:10:00,2023-03-25 07:52:00,0.0,0.14278030274013778,2023-03-26 18:04:00,2023-03-26 19:46:00,102.0,14.1
J458,M03,Completed,2023-03-21 12:10:00,2023-03-21 14:00:00,0.013333333333333334,0.13937966157755952,2023-03-26 19:46:00,2023-03-26 21:36:00,110.0,12.73
J657,M03,Completed,2023-03-22 21:20:00,2023-03-22 23:01:00,0.0,0.1345510895754129,2023-03-26 21:36:00,2023-03-26 23:17:00,101.0,10.7
J712,M03,Completed,2023-03-23 06:30:00,2023-03-23 07:50:00,0.0,0.13315343101423013,2023-03-26 23:17:00,2023-03-27 00:37:00,80.0,12.83
J098,M03,Completed,2023-03-19 00:10:00,2023-03-19 01:41:00,0.013333333333333334,0.12197279147608653,2023-03-27 00:37:00,2023-03-27 02:08:00,91.0,14.55
J881,M03,Completed,2023-03-24 10:40:00,2023-03-24 12:25:00,0.0,0.11277086801210184,2023-03-27 02:08:00,2023-03-27 03:53:00,105.0,10.44
J275,M03,Completed,2023-03-20 05:40:00,2023-03-20 07:14:00,0.0,0.10135920953233166,2023-03-27 03:53:00,2023-03-27 05:27:00,94.0,14.67
J902,M03,Completed,2023-03-24 14:10:00,2023-03-24 15:53:00,0.0,0.08544931625580998,2023-03-27 05:27:00,2023-03-27 07:10:00,103.0,13.56
J903,M03,Completed,2023-03-24 14:20:00,2023-03-24 15:55:00,0.006666666666666667,0.08373641603918658,2023-03-27 07:10:00,2023-03-27 08:45:00,95.0,14.48
J443,M03,Completed,2023-03-21 09:40:00,2023-03-21 11:29:00,0.0,0.08243649314070929,2023-03-27 08:45:00,2023-03-27 10:34:00,109.0,12.1
J003,M04,Failed,2023-03-18 08:20:00,2023-03-18 09:16:00,0.9866666666666667,0.7005182806244864,2023-03-18 08:20:00,2023-03-18 09:16:00,56.0,11.11
J007,M04,Completed,2023-03-18 09:00:00,2023-03-18 09:22:00,0.0,0.32018565111415676,2023-03-18 09:16:00,2023-03-18 09:38:00,22.0,14.2
J004,M04,Completed,2023-03-18 08:30:00,2023-03-18 10:16:00,0.006666666666666667,0.09729472874198711,2023-03-18 09:38:00,2023-03-18 11:24:00,106.0,12.5
J014,M04,Completed,2023-03-18 10:10:00,2023-03-18 12:02:00,0.013333333333333334,0.24705263157940252,2023-03-18 11:24:00,2023-03-18 13:16:00,112.0,2.01
J025,M04,Failed,2023-03-18 12:00:00,2023-03-18 13:59:00,0.9533333333333334,0.6733252643587766,2023-03-18 13:16:00,2023-03-18 15:15:00,119.0,5.1
J033,M04,Delayed,2023-03-18 13:20:00,2023-03-18 15:03:00,1.0,0.6998245947789582,2023-03-18 15:15:00,2023-03-18 16:58:00,103.0,8.02
J051,M04,Failed,2023-03-18 16:20:00,2023-03-18 16:44:00,0.9866666666666667,0.8504123681890619,2023-03-18 16:58:00,2023-03-18 17:22:00,24.0,7.26
J036,M04,Completed,2023-03-18 13:50:00,2023-03-18 15:29:00,0.0,0.22650073044017735,2023-03-18 17:22:00,2023-03-18 19:01:00,99.0,4.72
J041,M04,Completed,2023-03-18 14:40:00,2023-03-18 16:08:00,0.006666666666666667,0.22397715376633365,2023-03-18 19:01:00,2023-03-18 20:29:00,88.0,11.64
J070,M04,Failed,2023-03-18 19:30:00,2023-03-18 20:24:00,0.9266666666666666,0.8645345935872927,2023-03-18 20:29:00,2023-03-18 21:23:00,54.0,2.46
J069,M04,Completed,2023-03-18 19:20:00,2023-03-18 19:49:00,0.013333333333333334,0.4167690825012975,2023-03-18 21:23:00,2023-03-18 21:52:00,29.0,9.58
J071,M04,Completed,2023-03-18 19:40:00,2023-03-18 20:05:00,0.02,0.38613397313794523,2023-03-18 21:52:00,2023-03-18 22:17:00,25.0,7.29
J074,M04,Completed,2023-03-18 20:10:00,2023-03-18 21:15:00,0.0,0.23691565557723457,2023-03-18 22:17:00,2023-03-18 23:22:00,65.0,12.97
J089,M04,Completed,2023-03-18 22:40:00,2023-03-18 23:35:00,0.0,0.26988140650019743,2023-03-18 23:22:00,2023-03-19 00:17:00,55.0,14.16
J097,M04,Delayed,2023-03-19 00:00:00,2023-03-19 00:57:00,1.0,0.8430557354637696,2023-03-19 00:17:00,2023-03-19 01:14:00,57.0,3.8
J088,M04,Completed,2023-03-18 22:30:00,2023-03-18 23:30:00,0.013333333333333334,0.2658932759888632,2023-03-19 01:14:00,2023-03-19 02:14:00,60.0,9.56
J107,M04,Failed,2023-03-19 01:40:00,2023-03-19 03:23:00,1.0,0.5541686275768588,2023-03-19 02:14:00,2023-03-19 03:57:00,103.0,13.37
J120,M04,Completed,2023-03-19 03:50:00,2023-03-19 04:23:00,0.0,0.40578876355092114,2023-03-19 03:57:00,2023-03-19 04:30:00,33.0,5.5
J119,M04,Completed,2023-03-19 03:40:00,2023-03-19 04:38:00,0.013333333333333334,0.34362386884997786,2023-03-19 04:30:00,2023-03-19 05:28:00,58.0,6.55
J127,M04,Delayed,2023-03-19 05:00:00,2023-03-19 05:27:00,0.9933333333333333,0.8666363060171699,2023-03-19 05:28:00,2023-03-19 05:55:00,27.0,6.94
J128,M04,Completed,2023-03-19 05:10:00,2023-03-19 05:50:00,0.0,0.31797264944703413,2023-03-19 05:55:00,2023-03-19 06:35:00,40.0,10.06
J136,M04,Completed,2023-03-19 06:30:00,2023-03-19 07:48:00,0.006666666666666667,0.3201089153139306,2023-03-19 06:35:00,2023-03-19 07:53:00,78.0,2.59
J116,M04,Completed,2023-03-19 03:10:00,2023-03-19 04:27:00,0.006666666666666667,0.30112208335581175,2023-03-19 07:53:00,2023-03-19 09:10:00,77.0,5.69
J123,M04,Completed,2023-03-19 04:20:00,2023-03-19 05:45:00,0.0,0.2897359290762406,2023-03-19 09:10:00,2023-03-19 10:35:00,85.0,8.35
J156,M04,Failed,2023-03-19 09:50:00,2023-03-19 10:59:00,0.9933333333333333,0.6074464752456169,2023-03-19 10:35:00,2023-03-19 11:44:00,69.0,14.55
J166,M04,Failed,2023-03-19 11:30:00,2023-03-19 12:31:00,0.9933333333333333,0.6741696826435106,2023-03-19 11:44:00,2023-03-19 12:45:00,61.0,11.52
J165,M04,Completed,2023-03-19 11:20:00,2023-03-19 11:49:00,0.0,0.43509241976118046,2023-03-19 12:45:00,2023-03-19 13:14:00,29.0,7.32
J175,M04,Failed,2023-03-19 13:00:00,2023-03-19 13:40:00,0.9933333333333333,0.7890078719822669,2023-03-19 13:14:00,2023-03-19 13:54:00,40.0,8.16
J161,M04,Completed,2023-03-19 10:40:00,2023-03-19 11:34:00,0.0,0.2897981171255638,2023-03-19 13:54:00,2023-03-19 14:48:00,54.0,10.3
J185,M04,Completed,2023-03-19 14:40:00,2023-03-19 15:30:00,0.006666666666666667,0.3890781966520975,2023-03-19 14:48:00,2023-03-19 15:38:00,50.0,6.07
J190,M04,Delayed,2023-03-19 15:30:00,2023-03-19 16:20:00,1.0,0.708463863542856,2023-03-19 15:38:00,2023-03-19 16:28:00,50.0,10.25
J187,M04,Failed,2023-03-19 15:00:00,2023-03-19 16:50:00,0.9733333333333334,0.6353207397437164,2023-03-19 16:28:00,2023-03-19 18:18:00,110.0,10.29
J206,M04,Delayed,2023-03-19 18:10:00,2023-03-19 19:39:00,1.0,0.7478424903244907,2023-03-19 18:18:00,2023-03-19 19:47:00,89.0,3.08
J201,M04,Failed,2023-03-19 17:20:00,2023-03-19 18:12:00,0.9933333333333333,0.7265645818008568,2023-03-19 19:47:00,2023-03-19 20:39:00,52.0,9.24
J205,M04,Failed,2023-03-19 18:00:00,2023-03-19 19:29:00,0.88,0.6369906460470276,2023-03-19 20:39:00,2023-03-19 22:08:00,89.0,10.18
J214,M04,Completed,2023-03-19 19:30:00,2023-03-19 20:06:00,0.0,0.44390009333764474,2023-03-19 22:08:00,2023-03-19 22:44:00,36.0,4.59
J198,M04,Completed,2023-03-19 16:50:00,2023-03-19 18:04:00,0.07333333333333333,0.37790301502719437,2023-03-19 22:44:00,2023-03-19 23:58:00,74.0,2.46
J233,M04,Completed,2023-03-19 22:40:00,2023-03-20 00:08:00,0.0,0.3694939739503584,2023-03-19 23:58:00,2023-03-20 01:26:00,88.0,2.35
J210,M04,Completed,2023-03-19 18:50:00,2023-03-19 20:06:00,0.006666666666666667,0.282236700085583,2023-03-20 01:26:00,2023-03-20 02:42:00,76.0,10.49
J131,M04,Completed,2023-03-19 05:40:00,2023-03-19 06:58:00,0.006666666666666667,0.27442454247298,2023-03-20 02:42:00,2023-03-20 04:00:00,78.0,4.87
J260,M04,Failed,2023-03-20 03:10:00,2023-03-20 03:57:00,0.98,0.8053853219707781,2023-03-20 04:00:00,2023-03-20 04:47:00,47.0,4.55
J264,M04,Delayed,2023-03-20 03:50:00,2023-03-20 05:02:00,1.0,0.6547664646890634,2023-03-20 04:47:00,2023-03-20 05:59:00,72.0,13.92
J263,M04,Completed,2023-03-20 03:40:00,2023-03-20 04:18:00,0.013333333333333334,0.3126962220606261,2023-03-20 05:59:00,2023-03-20 06:37:00,38.0,14.87
J279,M04,Completed,2023-03-20 06:20:00,2023-03-20 07:24:00,0.006666666666666667,0.4309519539006167,2023-03-20 06:37:00,2023-03-20 07:41:00,64.0,2.45
J265,M04,Completed,2023-03-20 04:00:00,2023-03-20 05:37:00,0.0,0.2831340543027385,2023-03-20 07:41:00,2023-03-20 09:18:00,97.0,6.15
J272,M04,Completed,2023-03-20 05:10:00,2023-03-20 06:05:00,0.0,0.2614936290382981,2023-03-20 09:18:00,2023-03-20 10:13:00,55.0,13.68
J299,M04,Delayed,2023-03-20 09:40:00,2023-03-20 10:03:00,1.0,0.9209421535130896,2023-03-20 10:13:00,2023-03-20 10:36:00,23.0,3.92
J302,M04,Delayed,2023-03-20 10:10:00,2023-03-20 11:02:00,1.0,0.6303518236182108,2023-03-20 10:36:00,2023-03-20 11:28:00,52.0,14.65
J300,M04,Completed,2023-03-20 09:50:00,2023-03-20 10:10:00,0.02,0.4306146573056877,2023-03-20 11:28:00,2023-03-20 11:48:00,20.0,6.24
J310,M04,Completed,2023-03-20 11:30:00,2023-03-20 12:20:00,0.0,0.30524794060368377,2023-03-20 11:48:00,2023-03-20 12:38:00,50.0,8.24
J312,M04,Failed,2023-03-20 11:50:00,2023-03-20 13:25:00,0.98,0.6395467471264132,2023-03-20 12:38:00,2023-03-20 14:13:00,95.0,6.84
J320,M04,Completed,2023-03-20 13:10:00,2023-03-20 13:49:00,0.0,0.4287021669485792,2023-03-20 14:13:00,2023-03-20 14:52:00,39.0,2.7
J042,M04,Completed,2023-03-18 14:50:00,2023-03-18 15:38:00,0.0,0.22279511424982082,2023-03-20 14:52:00,2023-03-20 15:40:00,48.0,13.57
J334,M04,Failed,2023-03-20 15:30:00,2023-03-20 16:37:00,0.9933333333333333,0.8080233124675017,2023-03-20 15:40:00,2023-03-20 16:47:00,67.0,5.28
J331,M04,Completed,2023-03-20 15:00:00,2023-03-20 15:27:00,0.0,0.3848921600548154,2023-03-20 16:47:00,2023-03-20 17:14:00,27.0,5.78
J342,M04,Failed,2023-03-20 16:50:00,2023-03-20 18:48:00,0.9466666666666667,0.5901567580965358,2023-03-20 17:14:00,2023-03-20 19:12:00,118.0,5.0
J346,M04,Completed,2023-03-20 17:30:00,2023-03-20 17:59:00,0.0,0.34600424056934576,2023-03-20 19:12:00,2023-03-20 19:41:00,29.0,13.78
J351,M04,Completed,2023-03-20 18:20:00,2023-03-20 19:11:00,0.006666666666666667,0.3180719271282745,2023-03-20 19:41:00,2023-03-20 20:32:00,51.0,9.83
J363,M04,Completed,2023-03-20 20:20:00,2023-03-20 22:18:00,0.006666666666666667,0.26317996997345033,2023-03-20 20:32:00,2023-03-20 22:30:00,118.0,3.21
J370,M04,Failed,2023-03-20 21:30:00,2023-03-20 22:17:00,1.0,0.6804446491647976,2023-03-20 22:30:00,2023-03-20 23:17:00,47.0,14.26
J369,M04,Completed,2023-03-20 21:20:00,2023-03-20 22:36:00,0.0,0.29615022522497575,2023-03-20 23:17:00,2023-03-21 00:33:00,76.0,5.98
J376,M04,Completed,2023-03-20 22:30:00,2023-03-20 23:22:00,0.006666666666666667,0.25849689568347817,2023-03-21 00:33:00,2023-03-21 01:25:00,52.0,13.19
J390,M04,Delayed,2023-03-21 00:50:00,2023-03-21 02:06:00,1.0,0.6475542746137865,2023-03-21 01:25:00,2023-03-21 02:41:00,76.0,11.35
J401,M04,Failed,2023-03-21 02:40:00,2023-03-21 03:29:00,0.98,0.7403804524383376,2023-03-21 02:41:00,2023-03-21 03:30:00,49.0,8.1
J359,M04,Completed,2023-03-20 19:40:00,2023-03-20 21:10:00,0.0,0.2253550704172601,2023-03-21 03:30:00,2023-03-21 05:00:00,90.0,7.96
J413,M04,Completed,2023-03-21 04:40:00,2023-03-21 05:02:00,0.006666666666666667,0.4190303128724271,2023-03-21 05:00:00,2023-03-21 05:22:00,22.0,4.23
J270,M04,Completed,2023-03-20 04:50:00,2023-03-20 06:05:00,0.0,0.2155637503715006,2023-03-21 05:22:00,2023-03-21 06:37:00,75.0,14.44
J418,M04,Completed,2023-03-21 05:30:00,2023-03-21 06:10:00,0.0,0.3734326177914117,2023-03-21 06:37:00,2023-03-21 07:17:00,40.0,8.17
J199,M04,Completed,2023-03-19 17:00:00,2023-03-19 18:30:00,0.0,0.21496266689537655,2023-03-21 07:17:00,2023-03-21 08:47:00,90.0,7.61
J436,M04,Delayed,2023-03-21 08:30:00,2023-03-21 09:29:00,0.9933333333333333,0.7853337048723124,2023-03-21 08:47:00,2023-03-21 09:46:00,59.0,3.27
J441,M04,Failed,2023-03-21 09:20:00,2023-03-21 10:22:00,0.9933333333333333,0.8173986928999373,2023-03-21 09:46:00,2023-03-21 10:48:00,62.0,4.8
J438,M04,Delayed,2023-03-21 08:50:00,2023-03-21 10:39:00,0.98,0.567359716331612,2023-03-21 10:48:00,2023-03-21 12:37:00,109.0,14.03
J440,M04,Completed,2023-03-21 09:10:00,2023-03-21 10:48:00,0.0,0.3451310717066431,2023-03-21 12:37:00,2023-03-21 14:15:00,98.0,2.65
J433,M04,Completed,2023-03-21 08:00:00,2023-03-21 08:46:00,0.0,0.32151746947604076,2023-03-21 14:15:00,2023-03-21 15:01:00,46.0,9.54
J474,M04,Delayed,2023-03-21 14:50:00,2023-03-21 15:42:00,1.0,0.8533441540823221,2023-03-21 15:01:00,2023-03-21 15:53:00,52.0,5.65
J445,M04,Completed,2023-03-21 10:00:00,2023-03-21 10:56:00,0.0,0.3182315464933009,2023-03-21 15:53:00,2023-03-21 16:49:00,56.0,5.06
J460,M04,Completed,2023-03-21 12:30:00,2023-03-21 14:15:00,0.0,0.2585607474812375,2023-03-21 16:49:00,2023-03-21 18:34:00,105.0,4.74
J496,M04,Failed,2023-03-21 18:30:00,2023-03-21 19:08:00,0.9733333333333334,0.8396643667333774,2023-03-21 18:34:00,2023-03-21 19:12:00,38.0,8.37
J489,M04,Completed,2023-03-21 17:20:00,2023-03-21 17:57:00,0.0,0.4057713143757863,2023-03-21 19:12:00,2023-03-21 19:49:00,37.0,4.17
J492,M04,Completed,2023-03-21 17:50:00,2023-03-21 18:55:00,0.0,0.3253261575378786,2023-03-21 19:49:00,2023-03-21 20:54:00,65.0,5.53
J508,M04,Delayed,2023-03-21 20:30:00,2023-03-21 21:47:00,1.0,0.7796076974836905,2023-03-21 20:54:00,2023-03-21 22:11:00,77.0,6.72
J473,M04,Completed,2023-03-21 14:40:00,2023-03-21 16:00:00,0.013333333333333334,0.24345079739458575,2023-03-21 22:11:00,2023-03-21 23:31:00,80.0,12.21
J522,M04,Delayed,2023-03-21 22:50:00,2023-03-21 23:14:00,0.9933333333333333,0.8225800831592377,2023-03-21 23:31:00,2023-03-21 23:55:00,24.0,11.99
J520,M04,Failed,2023-03-21 22:30:00,2023-03-21 23:04:00,0.9933333333333333,0.8181538769314645,2023-03-21 23:55:00,2023-03-22 00:29:00,34.0,6.56
J530,M04,Delayed,2023-03-22 00:10:00,2023-03-22 01:37:00,0.9933333333333333,0.6705299066390328,2023-03-22 00:29:00,2023-03-22 01:56:00,87.0,9.93
J529,M04,Failed,2023-03-22 00:00:00,2023-03-22 01:42:00,0.9933333333333333,0.6348600409571997,2023-03-22 01:56:00,2023-03-22 03:38:00,102.0,9.47
J548,M04,Completed,2023-03-22 03:10:00,2023-03-22 03:31:00,0.0,0.44134003571673136,2023-03-22 03:38:00,2023-03-22 03:59:00,21.0,5.14
J546,M04,Completed,2023-03-22 02:50:00,2023-03-22 04:25:00,0.006666666666666667,0.27480893154816444,2023-03-22 03:59:00,2023-03-22 05:34:00,95.0,7.55
J557,M04,Completed,2023-03-22 04:40:00,2023-03-22 05:24:00,0.0,0.35439962667756764,2023-03-22 05:34:00,2023-03-22 06:18:00,44.0,4.66
J561,M04,Completed,2023-03-22 05:20:00,2023-03-22 06:04:00,0.0,0.3509016759426078,2023-03-22 06:18:00,2023-03-22 07:02:00,44.0,8.3
J547,M04,Completed,2023-03-22 03:00:00,2023-03-22 04:40:00,0.0,0.22456478514193495,2023-03-22 07:02:00,2023-03-22 08:42:00,100.0,6.39
J577,M04,Delayed,2023-03-22 08:00:00,2023-03-22 09:39:00,1.0,0.7017573951677553,2023-03-22 08:42:00,2023-03-22 10:21:00,99.0,5.13
J588,M04,Failed,2023-03-22 09:50:00,2023-03-22 11:26:00,0.9266666666666666,0.512795154413649,2023-03-22 10:21:00,2023-03-22 11:57:00,96.0,13.0
J599,M04,Delayed,2023-03-22 11:40:00,2023-03-22 13:05:00,0.9933333333333333,0.7515190313346229,2023-03-22 11:57:00,2023-03-22 13:22:00,85.0,7.05
J602,M04,Delayed,2023-03-22 12:10:00,2023-03-22 13:29:00,1.0,0.7612124128198857,2023-03-22 13:22:00,2023-03-22 14:41:00,79.0,7.93
J580,M04,Completed,2023-03-22 08:30:00,2023-03-22 08:58:00,0.006666666666666667,0.3916292253451512,2023-03-22 14:41:00,2023-03-22 15:09:00,28.0,9.13
J605,M04,Completed,2023-03-22 12:40:00,2023-03-22 13:05:00,0.0,0.3676546078111787,2023-03-22 15:09:00,2023-03-22 15:34:00,25.0,9.27
J598,M04,Completed,2023-03-22 11:30:00,2023-03-22 13:12:00,0.14,0.333102463117277,2023-03-22 15:34:00,2023-03-22 17:16:00,102.0,2.43
J597,M04,Completed,2023-03-22 11:20:00,2023-03-22 12:24:00,0.0,0.25926713469728163,2023-03-22 17:16:00,2023-03-22 18:20:00,64.0,11.0
J635,M04,Failed,2023-03-22 17:40:00,2023-03-22 19:23:00,0.96,0.6836750188523282,2023-03-22 18:20:00,2023-03-22 20:03:00,103.0,7.9
J642,M04,Delayed,2023-03-22 18:50:00,2023-03-22 19:33:00,1.0,0.7375168400471755,2023-03-22 20:03:00,2023-03-22 20:46:00,43.0,11.89
J653,M04,Delayed,2023-03-22 20:40:00,2023-03-22 21:01:00,0.9933333333333333,0.8265537267906147,2023-03-22 20:46:00,2023-03-22 21:07:00,21.0,12.56
J637,M04,Failed,2023-03-22 18:00:00,2023-03-22 19:25:00,0.9866666666666667,0.6126589493765283,2023-03-22 21:07:00,2023-03-22 22:32:00,85.0,13.13
J655,M04,Completed,2023-03-22 21:00:00,2023-03-22 21:46:00,0.0,0.397539057750827,2023-03-22 22:32:00,2023-03-22 23:18:00,46.0,4.61
J517,M04,Completed,2023-03-21 22:00:00,2023-03-21 23:06:00,0.013333333333333334,0.22210619649732927,2023-03-22 23:18:00,2023-03-23 00:24:00,66.0,14.84
J193,M04,Completed,2023-03-19 16:00:00,2023-03-19 17:20:00,0.0,0.21387818043219559,2023-03-23 00:24:00,2023-03-23 01:44:00,80.0,14.08
J683,M04,Completed,2023-03-23 01:40:00,2023-03-23 02:26:00,0.0,0.3555758227581945,2023-03-23 01:44:00,2023-03-23 02:30:00,46.0,6.99
J681,M04,Completed,2023-03-23 01:20:00,2023-03-23 02:27:00,0.006666666666666667,0.29068402792789044,2023-03-23 02:30:00,2023-03-23 03:37:00,67.0,11.06
J623,M04,Completed,2023-03-22 15:40:00,2023-03-22 17:29:00,0.0,0.2119824088086329,2023-03-23 03:37:00,2023-03-23 05:26:00,109.0,9.16
J697,M04,Delayed,2023-03-23 04:00:00,2023-03-23 05:14:00,0.9933333333333333,0.72316950003043,2023-03-23 05:26:00,2023-03-23 06:40:00,74.0,7.6
J707,M04,Delayed,2023-03-23 05:40:00,2023-03-23 06:21:00,0.9866666666666667,0.7973251831878332,2023-03-23 06:40:00,2023-03-23 07:21:00,41.0,6.24
J714,M04,Delayed,2023-03-23 06:50:00,2023-03-23 07:32:00,0.9933333333333333,0.8318307831502878,2023-03-23 07:21:00,2023-03-23 08:03:00,42.0,5.4
J709,M04,Failed,2023-03-23 06:00:00,2023-03-23 07:21:00,0.9866666666666667,0.6423237629127402,2023-03-23 08:03:00,2023-03-23 09:24:00,81.0,13.22
J729,M04,Delayed,2023-03-23 09:20:00,2023-03-23 10:09:00,1.0,0.80566418411351,2023-03-23 09:24:00,2023-03-23 10:13:00,49.0,4.45
J723,M04,Failed,2023-03-23 08:20:00,2023-03-23 10:19:00,0.9133333333333333,0.6689153305204016,2023-03-23 10:13:00,2023-03-23 12:12:00,119.0,4.56
J743,M04,Failed,2023-03-23 11:40:00,2023-03-23 12:33:00,1.0,0.8052531140332766,2023-03-23 12:12:00,2023-03-23 13:05:00,53.0,6.9
J732,M04,Completed,2023-03-23 09:50:00,2023-03-23 10:21:00,0.0,0.507039220063702,2023-03-23 13:05:00,2023-03-23 13:36:00,31.0,2.33
J752,M04,Delayed,2023-03-23 13:10:00,2023-03-23 15:00:00,0.9866666666666667,0.5182107287884319,2023-03-23 13:36:00,2023-03-23 15:26:00,110.0,12.13
J759,M04,Delayed,2023-03-23 14:20:00,2023-03-23 16:13:00,0.9866666666666667,0.5800772831817478,2023-03-23 15:26:00,2023-03-23 17:19:00,113.0,12.41
J766,M04,Delayed,2023-03-23 15:30:00,2023-03-23 17:08:00,1.0,0.6941084684967831,2023-03-23 17:19:00,2023-03-23 18:57:00,98.0,8.86
J772,M04,Delayed,2023-03-23 16:30:00,2023-03-23 17:41:00,1.0,0.6444595824100521,2023-03-23 18:57:00,2023-03-23 20:08:00,71.0,12.02
J788,M04,Failed,2023-03-23 19:10:00,2023-03-23 20:35:00,0.9866666666666667,0.7025911816457361,2023-03-23 20:08:00,2023-03-23 21:33:00,85.0,5.25
J755,M04,Delayed,2023-03-23 13:40:00,2023-03-23 15:40:00,0.9933333333333333,0.5195155212199998,2023-03-23 21:33:00,2023-03-23 23:33:00,120.0,10.96
J758,M04,Completed,2023-03-23 14:10:00,2023-03-23 14:42:00,0.006666666666666667,0.4550618431207427,2023-03-23 23:33:00,2023-03-24 00:05:00,32.0,2.32
J815,M04,Failed,2023-03-23 23:40:00,2023-03-24 01:23:00,0.98,0.7120030227368237,2023-03-24 00:05:00,2023-03-24 01:48:00,103.0,4.94
J820,M04,Delayed,2023-03-24 00:30:00,2023-03-24 02:19:00,0.9933333333333333,0.5665342486474323,2023-03-24 01:48:00,2023-03-24 03:37:00,109.0,13.79
J830,M04,Completed,2023-03-24 02:10:00,2023-03-24 02:34:00,0.0,0.5086564135882673,2023-03-24 03:37:00,2023-03-24 04:01:00,24.0,3.36
J841,M04,Delayed,2023-03-24 04:00:00,2023-03-24 05:31:00,1.0,0.7122699139357788,2023-03-24 04:01:00,2023-03-24 05:32:00,91.0,4.38
J847,M04,Failed,2023-03-24 05:00:00,2023-03-24 06:13:00,0.9933333333333333,0.7390444949566819,2023-03-24 05:32:00,2023-03-24 06:45:00,73.0,6.05
J856,M04,Failed,2023-03-24 06:30:00,2023-03-24 07:32:00,0.9666666666666667,0.7106699667076702,2023-03-24 06:45:00,2023-03-24 07:47:00,62.0,7.53
J859,M04,Delayed,2023-03-24 07:00:00,2023-03-24 07:28:00,0.9933333333333333,0.8208258324581907,2023-03-24 07:47:00,2023-03-24 08:15:00,28.0,10.09
J821,M04,Completed,2023-03-24 00:40:00,2023-03-24 01:04:00,0.0,0.37553138823507165,2023-03-24 08:15:00,2023-03-24 08:39:00,24.0,8.58
J868,M04,Delayed,2023-03-24 08:30:00,2023-03-24 09:03:00,0.9933333333333333,0.8820019270847435,2023-03-24 08:39:00,2023-03-24 09:12:00,33.0,7.36
J711,M04,Completed,2023-03-23 06:20:00,2023-03-23 06:58:00,0.0,0.3369928580253057,2023-03-24 09:12:00,2023-03-24 09:50:00,38.0,11.54
J810,M04,Completed,2023-03-23 22:50:00,2023-03-24 00:14:00,0.0,0.334982347933487,2023-03-24 09:50:00,2023-03-24 11:14:00,84.0,3.53
J757,M04,Completed,2023-03-23 14:00:00,2023-03-23 15:07:00,0.0,0.3320739155221937,2023-03-24 11:14:00,2023-03-24 12:21:00,67.0,7.84
J886,M04,Completed,2023-03-24 11:30:00,2023-03-24 11:55:00,0.013333333333333334,0.3769131396396543,2023-03-24 12:21:00,2023-03-24 12:46:00,25.0,9.4
J764,M04,Completed,2023-03-23 15:10:00,2023-03-23 16:47:00,0.0,0.3281610396500765,2023-03-24 12:46:00,2023-03-24 14:23:00,97.0,3.23
J792,M04,Completed,2023-03-23 19:50:00,2023-03-23 21:00:00,0.0,0.32465913241813876,2023-03-24 14:23:00,2023-03-24 15:33:00,70.0,4.08
J722,M04,Completed,2023-03-23 08:10:00,2023-03-23 08:50:00,0.0,0.30771010024662876,2023-03-24 15:33:00,2023-03-24 16:13:00,40.0,14.48
J912,M04,Failed,2023-03-24 15:50:00,2023-03-24 17:02:00,1.0,0.6290674832352209,2023-03-24 16:13:00,2023-03-24 17:25:00,72.0,13.88
J918,M04,Failed,2023-03-24 16:50:00,2023-03-24 18:46:00,0.9666666666666667,0.5689743533523188,2023-03-24 17:25:00,2023-03-24 19:21:00,116.0,12.06
J924,M04,Delayed,2023-03-24 17:50:00,2023-03-24 19:14:00,0.9733333333333334,0.7125797991074461,2023-03-24 19:21:00,2023-03-24 20:45:00,84.0,3.01
J920,M04,Completed,2023-03-24 17:10:00,2023-03-24 17:53:00,0.013333333333333334,0.37635172260257355,2023-03-24 20:45:00,2023-03-24 21:28:00,43.0,9.59
J945,M04,Delayed,2023-03-24 21:20:00,2023-03-24 21:53:00,0.9933333333333333,0.8680872251398701,2023-03-24 21:28:00,2023-03-24 22:01:00,33.0,2.46
J943,M04,Failed,2023-03-24 21:00:00,2023-03-24 22:11:00,0.9866666666666667,0.6137263924650508,2023-03-24 22:01:00,2023-03-24 23:12:00,71.0,12.6
J955,M04,Failed,2023-03-24 23:00:00,2023-03-24 23:55:00,0.9066666666666666,0.5997456271735268,2023-03-24 23:12:00,2023-03-25 00:07:00,55.0,14.79
J942,M04,Completed,2023-03-24 20:50:00,2023-03-24 21:10:00,0.006666666666666667,0.4547246276866071,2023-03-25 00:07:00,2023-03-25 00:27:00,20.0,4.97
J917,M04,Completed,2023-03-24 16:40:00,2023-03-24 17:20:00,0.0,0.3716146573151877,2023-03-25 00:27:00,2023-03-25 01:07:00,40.0,6.24
J960,M04,Completed,2023-03-24 23:50:00,2023-03-25 01:18:00,0.0,0.3642713955310546,2023-03-25 01:07:00,2023-03-25 02:35:00,88.0,3.03
J970,M04,Completed,2023-03-25 01:30:00,2023-03-25 02:45:00,0.006666666666666667,0.36811940510666846,2023-03-25 02:35:00,2023-03-25 03:50:00,75.0,4.4
J984,M04,Delayed,2023-03-25 03:50:00,2023-03-25 05:04:00,1.0,0.7353891567251343,2023-03-25 03:50:00,2023-03-25 05:04:00,74.0,9.05
J718,M04,Completed,2023-03-23 07:30:00,2023-03-23 09:11:00,0.013333333333333334,0.3024591364687344,2023-03-25 05:04:00,2023-03-25 06:45:00,101.0,5.32
J719,M04,Completed,2023-03-23 07:40:00,2023-03-23 09:12:00,0.0,0.2981946191683204,2023-03-25 06:45:00,2023-03-25 08:17:00,92.0,4.96
J950,M04,Completed,2023-03-24 22:10:00,2023-03-24 23:42:00,0.0,0.2919453800334415,2023-03-25 08:17:00,2023-03-25 09:49:00,92.0,4.0
J869,M04,Completed,2023-03-24 08:40:00,2023-03-24 09:19:00,0.0,0.2852212596030981,2023-03-25 09:49:00,2023-03-25 10:28:00,39.0,13.37
J961,M04,Completed,2023-03-25 00:00:00,2023-03-25 01:33:00,0.0,0.2744796696898819,2023-03-25 10:28:00,2023-03-25 12:01:00,93.0,2.24
J844,M04,Completed,2023-03-24 04:30:00,2023-03-24 05:28:00,0.0,0.2668573225796414,2023-03-25 12:01:00,2023-03-25 12:59:00,58.0,8.75
J768,M04,Completed,2023-03-23 15:50:00,2023-03-23 17:17:00,0.013333333333333334,0.2588201720607152,2023-03-25 12:59:00,2023-03-25 14:26:00,87.0,5.3
J896,M04,Completed,2023-03-24 13:10:00,2023-03-24 14:59:00,0.04,0.25540950775995114,2023-03-25 14:26:00,2023-03-25 16:15:00,109.0,2.05
J834,M04,Completed,2023-03-24 02:50:00,2023-03-24 04:01:00,0.0,0.2550366229902853,2023-03-25 16:15:00,2023-03-25 17:26:00,71.0,12.87
J785,M04,Completed,2023-03-23 18:40:00,2023-03-23 20:17:00,0.0,0.245614271810329,2023-03-25 17:26:00,2023-03-25 19:03:00,97.0,5.17
J845,M04,Completed,2023-03-24 04:40:00,2023-03-24 05:20:00,0.02,0.23170827416562254,2023-03-25 19:03:00,2023-03-25 19:43:00,40.0,14.19
J857,M04,Completed,2023-03-24 06:40:00,2023-03-24 07:42:00,0.0,0.22650793330433774,2023-03-25 19:43:00,2023-03-25 20:45:00,62.0,13.79
J988,M04,Completed,2023-03-25 04:30:00,2023-03-25 06:14:00,0.0,0.2243079170663157,2023-03-25 20:45:00,2023-03-25 22:29:00,104.0,8.83
J865,M04,Completed,2023-03-24 08:00:00,2023-03-24 09:17:00,0.006666666666666667,0.22183384735053985,2023-03-25 22:29:00,2023-03-25 23:46:00,77.0,7.76
J554,M04,Completed,2023-03-22 04:10:00,2023-03-22 05:43:00,0.006666666666666667,0.20980527939883886,2023-03-25 23:46:00,2023-03-26 01:19:00,93.0,6.97
J549,M04,Completed,2023-03-22 03:20:00,2023-03-22 04:21:00,0.0,0.20971239298996336,2023-03-26 01:19:00,2023-03-26 02:20:00,61.0,14.7
J650,M04,Completed,2023-03-22 20:10:00,2023-03-22 21:50:00,0.0,0.20726169704600172,2023-03-26 02:20:00,2023-03-26 04:00:00,100.0,9.56
J963,M04,Completed,2023-03-25 00:20:00,2023-03-25 02:01:00,0.006666666666666667,0.20678373169861763,2023-03-26 04:00:00,2023-03-26 05:41:00,101.0,11.33
J286,M04,Completed,2023-03-20 07:30:00,2023-03-20 09:17:00,0.006666666666666667,0.20543872500068477,2023-03-26 05:41:00,2023-03-26 07:28:00,107.0,6.69
J226,M04,Completed,2023-03-19 21:30:00,2023-03-19 23:15:00,0.0,0.20456975612869963,2023-03-26 07:28:00,2023-03-26 09:13:00,105.0,7.9
J327,M04,Completed,2023-03-20 14:20:00,2023-03-20 15:33:00,0.0,0.20071632919693666,2023-03-26 09:13:00,2023-03-26 10:26:00,73.0,11.29
J484,M04,Completed,2023-03-21 16:30:00,2023-03-21 18:21:00,0.006666666666666667,0.1988514588398746,2023-03-26 10:26:00,2023-03-26 12:17:00,111.0,6.81
J268,M04,Completed,2023-03-20 04:30:00,2023-03-20 06:15:00,0.006666666666666667,0.19544055107790415,2023-03-26 12:17:00,2023-03-26 14:02:00,105.0,6.98
J855,M04,Completed,2023-03-24 06:20:00,2023-03-24 07:50:00,0.006666666666666667,0.19463352677492265,2023-03-26 14:02:00,2023-03-26 15:32:00,90.0,13.56
J298,M04,Completed,2023-03-20 09:30:00,2023-03-20 11:26:00,0.006666666666666667,0.19118447429976299,2023-03-26 15:32:00,2023-03-26 17:28:00,116.0,4.79
J292,M04,Completed,2023-03-20 08:30:00,2023-03-20 10:03:00,0.0,0.18948190156832762,2023-03-26 17:28:00,2023-03-26 19:01:00,93.0,9.8
J183,M04,Completed,2023-03-19 14:20:00,2023-03-19 16:06:00,0.006666666666666667,0.1800971472742389,2023-03-26 19:01:00,2023-03-26 20:47:00,106.0,12.25
J349,M04,Completed,2023-03-20 18:00:00,2023-03-20 19:26:00,0.006666666666666667,0.17456819382061736,2023-03-26 20:47:00,2023-03-26 22:13:00,86.0,10.39
J860,M04,Completed,2023-03-24 07:10:00,2023-03-24 08:52:00,0.0,0.17260621678896487,2023-03-26 22:13:00,2023-03-26 23:55:00,102.0,8.07
J115,M04,Completed,2023-03-19 03:00:00,2023-03-19 04:54:00,0.0,0.1680779531841911,2023-03-26 23:55:00,2023-03-27 01:49:00,114.0,9.49
J762,M04,Completed,2023-03-23 14:50:00,2023-03-23 16:06:00,0.0,0.16720894373394082,2023-03-27 01:49:00,2023-03-27 03:05:00,76.0,11.27
J293,M04,Completed,2023-03-20 08:40:00,2023-03-20 10:23:00,0.0,0.1611178631006539,2023-03-27 03:05:00,2023-03-27 04:48:00,103.0,13.09
J184,M04,Completed,2023-03-19 14:30:00,2023-03-19 15:59:00,0.0,0.15891865845869066,2023-03-27 04:48:00,2023-03-27 06:17:00,89.0,9.7
J959,M04,Completed,2023-03-24 23:40:00,2023-03-25 01:04:00,0.0,0.1562216451105068,2023-03-27 06:17:00,2023-03-27 07:41:00,84.0,14.44
J080,M04,Completed,2023-03-18 21:10:00,2023-03-18 22:32:00,0.006666666666666667,0.1561828511299419,2023-03-27 07:41:00,2023-03-27 09:03:00,82.0,14.62
J572,M04,Completed,2023-03-22 07:10:00,2023-03-22 08:40:00,0.0,0.15590329912814907,2023-03-27 09:03:00,2023-03-27 10:33:00,90.0,11.44
J887,M04,Completed,2023-03-24 11:40:00,2023-03-24 13:25:00,0.0,0.1547827983759004,2023-03-27 10:33:00,2023-03-27 12:18:00,105.0,11.47
J661,M04,Completed,2023-03-22 22:00:00,2023-03-22 23:19:00,0.0,0.1452748245130178,2023-03-27 12:18:00,2023-03-27 13:37:00,79.0,13.23
J469,M04,Completed,2023-03-21 14:00:00,2023-03-21 15:59:00,0.0,0.12893346996521057,2023-03-27 13:37:00,2023-03-27 15:36:00,119.0,9.17
J382,M04,Completed,2023-03-20 23:30:00,2023-03-21 00:42:00,0.0,0.12755589824807775,2023-03-27 15:36:00,2023-03-27 16:48:00,72.0,14.49
J073,M04,Completed,2023-03-18 20:00:00,2023-03-18 21:52:00,0.0,0.12521446254101404,2023-03-27 16:48:00,2023-03-27 18:40:00,112.0,11.57
J739,M04,Completed,2023-03-23 11:00:00,2023-03-23 12:38:00,0.0,0.11502515929270195,2023-03-27 18:40:00,2023-03-27 20:18:00,98.0,11.77
J402,M04,Completed,2023-03-21 02:50:00,2023-03-21 04:43:00,0.006666666666666667,0.1115806314302594,2023-03-27 20:18:00,2023-03-27 22:11:00,113.0,10.78
J725,M04,Completed,2023-03-23 08:40:00,2023-03-23 10:37:00,0.0,0.10612435581788573,2023-03-27 22:11:00,2023-03-28 00:08:00,117.0,12.68
J893,M04,Completed,2023-03-24 12:40:00,2023-03-24 14:35:00,0.0,0.10273657835593644,2023-03-28 00:08:00,2023-03-28 02:03:00,115.0,12.2
J909,M04,Completed,2023-03-24 15:20:00,2023-03-24 17:16:00,0.0,0.09443777139335699,2023-03-28 02:03:00,2023-03-28 03:59:00,116.0,13.6
J102,M04,Completed,2023-03-19 00:50:00,2023-03-19 02:40:00,0.006666666666666667,0.09237122105278672,2023-03-28 03:59:00,2023-03-28 05:49:00,110.0,14.56
J008,M05,Completed,2023-03-18 09:10:00,2023-03-18 10:29:00,0.0,0.1618758876946242,2023-03-18 09:10:00,2023-03-18 10:29:00,79.0,13.86
J015,M05,Completed,2023-03-18 10:20:00,2023-03-18 12:04:00,0.0,0.2196656251358706,2023-03-18 10:29:00,2023-03-18 12:13:00,104.0,3.67
J018,M05,Completed,2023-03-18 10:50:00,2023-03-18 11:45:00,0.0,0.25095919735336847,2023-03-18 12:13:00,2023-03-18 13:08:00,55.0,10.95
J030,M05,Completed,2023-03-18 12:50:00,2023-03-18 13:56:00,0.006666666666666667,0.2618729050951788,2023-03-18 13:08:00,2023-03-18 14:14:00,66.0,10.36
J020,M05,Completed,2023-03-18 11:10:00,2023-03-18 11:52:00,0.0,0.24928722154143157,2023-03-18 14:14:00,2023-03-18 14:56:00,42.0,14.19
J052,M05,Completed,2023-03-18 16:30:00,2023-03-18 16:53:00,0.006666666666666667,0.42410244289056637,2023-03-18 16:30:00,2023-03-18 16:53:00,23.0,9.2
J054,M05,Delayed,2023-03-18 16:50:00,2023-03-18 17:54:00,1.0,0.8077697516165909,2023-03-18 16:53:00,2023-03-18 17:57:00,64.0,6.66
J059,M05,Delayed,2023-03-18 17:40:00,2023-03-18 18:42:00,1.0,0.7904429245266321,2023-03-18 17:57:00,2023-03-18 18:59:00,62.0,6.06
J055,M05,Completed,2023-03-18 17:00:00,2023-03-18 18:56:00,0.006666666666666667,0.04198997688754753,2023-03-18 18:59:00,2023-03-18 20:55:00,116.0,13.1
J075,M05,Completed,2023-03-18 20:20:00,2023-03-18 21:45:00,0.0,0.2814820638813774,2023-03-18 20:55:00,2023-03-18 22:20:00,85.0,7.52
J079,M05,Delayed,2023-03-18 21:00:00,2023-03-18 22:24:00,0.9933333333333333,0.6639488288479022,2023-03-18 22:20:00,2023-03-18 23:44:00,84.0,7.43
J094,M05,Delayed,2023-03-18 23:30:00,2023-03-19 00:21:00,1.0,0.8045679296000803,2023-03-18 23:44:00,2023-03-19 00:35:00,51.0,7.61
J099,M05,Failed,2023-03-19 00:20:00,2023-03-19 00:53:00,0.92,0.9136125670510812,2023-03-19 00:35:00,2023-03-19 01:08:00,33.0,3.17
J084,M05,Delayed,2023-03-18 21:50:00,2023-03-18 23:07:00,0.9933333333333333,0.6313737568232776,2023-03-19 01:08:00,2023-03-19 02:25:00,77.0,11.36
J103,M05,Delayed,2023-03-19 01:00:00,2023-03-19 02:45:00,1.0,0.5805446775678875,2023-03-19 02:25:00,2023-03-19 04:10:00,105.0,9.97
J096,M05,Delayed,2023-03-18 23:50:00,2023-03-19 01:40:00,0.9866666666666667,0.535461063567641,2023-03-19 04:10:00,2023-03-19 06:00:00,110.0,10.67
J101,M05,Completed,2023-03-19 00:40:00,2023-03-19 01:17:00,0.0,0.4023991600118525,2023-03-19 06:00:00,2023-03-19 06:37:00,37.0,4.73
J129,M05,Completed,2023-03-19 05:20:00,2023-03-19 06:05:00,0.0,0.3779354177742515,2023-03-19 06:37:00,2023-03-19 07:22:00,45.0,7.75
J121,M05,Completed,2023-03-19 04:00:00,2023-03-19 04:39:00,0.0,0.35131305036984334,2023-03-19 07:22:00,2023-03-19 08:01:00,39.0,8.06
J145,M05,Completed,2023-03-19 08:00:00,2023-03-19 08:22:00,0.0,0.3745702633717931,2023-03-19 08:01:00,2023-03-19 08:23:00,22.0,7.26
J104,M05,Completed,2023-03-19 01:10:00,2023-03-19 02:12:00,0.0,0.30885180376830507,2023-03-19 08:23:00,2023-03-19 09:25:00,62.0,8.45
J149,M05,Failed,2023-03-19 08:40:00,2023-03-19 10:20:00,0.9733333333333334,0.5574720606113723,2023-03-19 09:25:00,2023-03-19 11:05:00,100.0,11.84
J153,M05,Completed,2023-03-19 09:20:00,2023-03-19 10:26:00,0.0,0.3293229314692769,2023-03-19 11:05:00,2023-03-19 12:11:00,66.0,5.45
J164,M05,Delayed,2023-03-19 11:10:00,2023-03-19 12:06:00,0.9933333333333333,0.783447672328351,2023-03-19 12:11:00,2023-03-19 13:07:00,56.0,4.22
J109,M05,Completed,2023-03-19 02:00:00,2023-03-19 03:42:00,0.013333333333333334,0.2816821409739752,2023-03-19 13:07:00,2023-03-19 14:49:00,102.0,5.14
J072,M05,Completed,2023-03-18 19:50:00,2023-03-18 20:58:00,0.0,0.2677023901423381,2023-03-19 14:49:00,2023-03-19 15:57:00,68.0,6.05
J176,M05,Completed,2023-03-19 13:10:00,2023-03-19 14:50:00,0.006666666666666667,0.2646463093006381,2023-03-19 15:57:00,2023-03-19 17:37:00,100.0,2.62
J197,M05,Delayed,2023-03-19 16:40:00,2023-03-19 17:01:00,0.98,0.827042384831978,2023-03-19 17:37:00,2023-03-19 17:58:00,21.0,9.75
J203,M05,Delayed,2023-03-19 17:40:00,2023-03-19 18:41:00,1.0,0.8223752176703356,2023-03-19 17:58:00,2023-03-19 18:59:00,61.0,3.81
J207,M05,Completed,2023-03-19 18:20:00,2023-03-19 18:41:00,0.006666666666666667,0.5165349795067514,2023-03-19 18:59:00,2023-03-19 19:20:00,21.0,3.53
J158,M05,Completed,2023-03-19 10:10:00,2023-03-19 12:03:00,0.0,0.2299132613814759,2023-03-19 19:20:00,2023-03-19 21:13:00,113.0,7.69
J218,M05,Delayed,2023-03-19 20:10:00,2023-03-19 21:21:00,1.0,0.7168290179452643,2023-03-19 21:13:00,2023-03-19 22:24:00,71.0,10.74
J227,M05,Delayed,2023-03-19 21:40:00,2023-03-19 23:29:00,1.0,0.6957526473691364,2023-03-19 22:24:00,2023-03-20 00:13:00,109.0,6.97
J224,M05,Delayed,2023-03-19 21:10:00,2023-03-19 22:35:00,0.9933333333333333,0.6169980720438897,2023-03-20 00:13:00,2023-03-20 01:38:00,85.0,9.63
J220,M05,Completed,2023-03-19 20:30:00,2023-03-19 21:40:00,0.0,0.3856581990870584,2023-03-20 01:38:00,2023-03-20 02:48:00,70.0,4.22
J254,M05,Delayed,2023-03-20 02:10:00,2023-03-20 02:48:00,1.0,0.7010942251092024,2023-03-20 02:48:00,2023-03-20 03:26:00,38.0,14.38
J258,M05,Completed,2023-03-20 02:50:00,2023-03-20 03:18:00,0.006666666666666667,0.37956088951008987,2023-03-20 03:26:00,2023-03-20 03:54:00,28.0,9.23
J262,M05,Failed,2023-03-20 03:30:00,2023-03-20 05:24:00,0.9466666666666667,0.6539813736027915,2023-03-20 03:54:00,2023-03-20 05:48:00,114.0,4.24
J266,M05,Delayed,2023-03-20 04:10:00,2023-03-20 05:46:00,1.0,0.5677324185110174,2023-03-20 05:48:00,2023-03-20 07:24:00,96.0,12.26
J274,M05,Completed,2023-03-20 05:30:00,2023-03-20 05:50:00,0.013333333333333334,0.4313682587361519,2023-03-20 07:24:00,2023-03-20 07:44:00,20.0,4.29
J280,M05,Completed,2023-03-20 06:30:00,2023-03-20 07:36:00,0.0,0.2696670454211707,2023-03-20 07:44:00,2023-03-20 08:50:00,66.0,9.66
J252,M05,Completed,2023-03-20 01:50:00,2023-03-20 02:28:00,0.0,0.24916264255352033,2023-03-20 08:50:00,2023-03-20 09:28:00,38.0,13.14
J238,M05,Completed,2023-03-19 23:30:00,2023-03-20 01:05:00,0.006666666666666667,0.2384091425632101,2023-03-20 09:28:00,2023-03-20 11:03:00,95.0,7.18
J303,M05,Completed,2023-03-20 10:20:00,2023-03-20 10:58:00,0.006666666666666667,0.35516958163278656,2023-03-20 11:03:00,2023-03-20 11:41:00,38.0,6.46
J171,M05,Completed,2023-03-19 12:20:00,2023-03-19 13:32:00,0.0,0.22410258492856877,2023-03-20 11:41:00,2023-03-20 12:53:00,72.0,13.69
J313,M05,Failed,2023-03-20 12:00:00,2023-03-20 12:59:00,1.0,0.7881064598103962,2023-03-20 12:53:00,2023-03-20 13:52:00,59.0,4.65
J324,M05,Delayed,2023-03-20 13:50:00,2023-03-20 14:11:00,0.9733333333333334,0.7736913723804462,2023-03-20 13:52:00,2023-03-20 14:13:00,21.0,11.65
J315,M05,Completed,2023-03-20 12:20:00,2023-03-20 13:11:00,0.0,0.37358752993434735,2023-03-20 14:13:00,2023-03-20 15:04:00,51.0,4.67
J329,M05,Delayed,2023-03-20 14:40:00,2023-03-20 15:54:00,0.98,0.7936536943250588,2023-03-20 15:04:00,2023-03-20 16:18:00,74.0,2.64
J336,M05,Completed,2023-03-20 15:50:00,2023-03-20 16:15:00,0.02,0.38028241285861664,2023-03-20 16:18:00,2023-03-20 16:43:00,25.0,10.4
J340,M05,Delayed,2023-03-20 16:30:00,2023-03-20 17:28:00,0.9933333333333333,0.7649793446102441,2023-03-20 16:43:00,2023-03-20 17:41:00,58.0,6.8
J345,M05,Failed,2023-03-20 17:20:00,2023-03-20 17:57:00,0.9933333333333333,0.8661950042262291,2023-03-20 17:41:00,2023-03-20 18:18:00,37.0,6.03
J317,M05,Completed,2023-03-20 12:40:00,2023-03-20 13:50:00,0.0,0.34187700361820184,2023-03-20 18:18:00,2023-03-20 19:28:00,70.0,4.67
J328,M05,Completed,2023-03-20 14:30:00,2023-03-20 15:27:00,0.0,0.2708952846802001,2023-03-20 19:28:00,2023-03-20 20:25:00,57.0,13.77
J360,M05,Completed,2023-03-20 19:50:00,2023-03-20 20:19:00,0.0,0.3456593150305194,2023-03-20 20:25:00,2023-03-20 20:54:00,29.0,8.0
J361,M05,Completed,2023-03-20 20:00:00,2023-03-20 21:23:00,0.006666666666666667,0.3318673254096465,2023-03-20 20:54:00,2023-03-20 22:17:00,83.0,4.43
J373,M05,Completed,2023-03-20 22:00:00,2023-03-20 23:35:00,0.0,0.2836743700104456,2023-03-20 22:17:00,2023-03-20 23:52:00,95.0,4.05
J375,M05,Failed,2023-03-20 22:20:00,2023-03-21 00:10:00,1.0,0.6079586490799468,2023-03-20 23:52:00,2023-03-21 01:42:00,110.0,12.16
J386,M05,Completed,2023-03-21 00:10:00,2023-03-21 01:23:00,0.0,0.32730400114360303,2023-03-21 01:42:00,2023-03-21 02:55:00,73.0,5.47
J397,M05,Failed,2023-03-21 02:00:00,2023-03-21 02:23:00,0.9466666666666667,0.86285133667579,2023-03-21 02:55:00,2023-03-21 03:18:00,23.0,8.52
J388,M05,Completed,2023-03-21 00:30:00,2023-03-21 00:54:00,0.013333333333333334,0.31080542142789125,2023-03-21 03:18:00,2023-03-21 03:42:00,24.0,11.46
J367,M05,Completed,2023-03-20 21:00:00,2023-03-20 21:38:00,0.006666666666666667,0.2796714685845768,2023-03-21 03:42:00,2023-03-21 04:20:00,38.0,12.38
J409,M05,Delayed,2023-03-21 04:00:00,2023-03-21 04:31:00,0.9933333333333333,0.7845306370705719,2023-03-21 04:20:00,2023-03-21 04:51:00,31.0,12.64
J410,M05,Completed,2023-03-21 04:10:00,2023-03-21 05:43:00,0.0,0.29788591081208987,2023-03-21 04:51:00,2023-03-21 06:24:00,93.0,2.77
J423,M05,Delayed,2023-03-21 06:20:00,2023-03-21 08:05:00,0.9933333333333333,0.5688971914709259,2023-03-21 06:24:00,2023-03-21 08:09:00,105.0,12.92
J426,M05,Delayed,2023-03-21 06:50:00,2023-03-21 08:04:00,1.0,0.7231990824646047,2023-03-21 08:09:00,2023-03-21 09:23:00,74.0,7.11
J428,M05,Completed,2023-03-21 07:10:00,2023-03-21 07:47:00,0.0,0.32476250863662237,2023-03-21 09:23:00,2023-03-21 10:00:00,37.0,11.13
J419,M05,Completed,2023-03-21 05:40:00,2023-03-21 06:23:00,0.0,0.31485929068505003,2023-03-21 10:00:00,2023-03-21 10:43:00,43.0,13.53
J430,M05,Completed,2023-03-21 07:30:00,2023-03-21 08:14:00,0.013333333333333334,0.3049964695943662,2023-03-21 10:43:00,2023-03-21 11:27:00,44.0,12.69
J450,M05,Delayed,2023-03-21 10:50:00,2023-03-21 12:25:00,1.0,0.7101747956463575,2023-03-21 11:27:00,2023-03-21 13:02:00,95.0,4.55
J462,M05,Delayed,2023-03-21 12:50:00,2023-03-21 13:36:00,1.0,0.8501888970128559,2023-03-21 13:02:00,2023-03-21 13:48:00,46.0,7.51
J456,M05,Delayed,2023-03-21 11:50:00,2023-03-21 13:05:00,1.0,0.760665807293288,2023-03-21 13:48:00,2023-03-21 15:03:00,75.0,7.59
J468,M05,Completed,2023-03-21 13:50:00,2023-03-21 14:32:00,0.0,0.37020999879252964,2023-03-21 15:03:00,2023-03-21 15:45:00,42.0,9.42
J478,M05,Delayed,2023-03-21 15:30:00,2023-03-21 16:04:00,1.0,0.8247816819849024,2023-03-21 15:45:00,2023-03-21 16:19:00,34.0,7.69
J442,M05,Completed,2023-03-21 09:30:00,2023-03-21 11:07:00,0.0,0.29583137199782467,2023-03-21 16:19:00,2023-03-21 17:56:00,97.0,3.62
J448,M05,Completed,2023-03-21 10:30:00,2023-03-21 11:24:00,0.0,0.27463356735665095,2023-03-21 17:56:00,2023-03-21 18:50:00,54.0,12.99
J494,M05,Delayed,2023-03-21 18:10:00,2023-03-21 19:21:00,1.0,0.7399714924789581,2023-03-21 18:50:00,2023-03-21 20:01:00,71.0,6.85
J502,M05,Delayed,2023-03-21 19:30:00,2023-03-21 21:01:00,1.0,0.6233359367485581,2023-03-21 20:01:00,2023-03-21 21:32:00,91.0,10.83
J499,M05,Completed,2023-03-21 19:00:00,2023-03-21 20:09:00,0.0,0.28454662582787854,2023-03-21 21:32:00,2023-03-21 22:41:00,69.0,8.55
J518,M05,Completed,2023-03-21 22:10:00,2023-03-21 23:11:00,0.0,0.37858387778005864,2023-03-21 22:41:00,2023-03-21 23:42:00,61.0,4.09
J470,M05,Completed,2023-03-21 14:10:00,2023-03-21 15:06:00,0.0,0.26941849613935265,2023-03-21 23:42:00,2023-03-22 00:38:00,56.0,11.98
J490,M05,Completed,2023-03-21 17:30:00,2023-03-21 18:51:00,0.006666666666666667,0.2689697480081952,2023-03-22 00:38:00,2023-03-22 01:59:00,81.0,5.42
J540,M05,Completed,2023-03-22 01:50:00,2023-03-22 02:50:00,0.0,0.346226108841221,2023-03-22 01:59:00,2023-03-22 02:59:00,60.0,3.62
J545,M05,Completed,2023-03-22 02:40:00,2023-03-22 03:30:00,0.013333333333333334,0.3617734447944079,2023-03-22 02:59:00,2023-03-22 03:49:00,50.0,6.67
J543,M05,Completed,2023-03-22 02:20:00,2023-03-22 03:47:00,0.0,0.31416010632400926,2023-03-22 03:49:00,2023-03-22 05:16:00,87.0,3.37
J556,M05,Failed,2023-03-22 04:30:00,2023-03-22 05:06:00,0.9533333333333334,0.7924512839207615,2023-03-22 05:16:00,2023-03-22 05:52:00,36.0,5.37
J563,M05,Completed,2023-03-22 05:40:00,2023-03-22 07:00:00,0.0,0.31038834558308864,2023-03-22 05:52:00,2023-03-22 07:12:00,80.0,7.48
J437,M05,Completed,2023-03-21 08:40:00,2023-03-21 09:37:00,0.0,0.2679776204340989,2023-03-22 07:12:00,2023-03-22 08:09:00,57.0,11.57
J575,M05,Delayed,2023-03-22 07:40:00,2023-03-22 09:40:00,0.98,0.6694949068412387,2023-03-22 08:09:00,2023-03-22 10:09:00,120.0,2.21
J584,M05,Failed,2023-03-22 09:10:00,2023-03-22 09:42:00,0.9733333333333334,0.8456313756192835,2023-03-22 10:09:00,2023-03-22 10:41:00,32.0,4.86
J585,M05,Failed,2023-03-22 09:20:00,2023-03-22 10:01:00,0.98,0.8216595174826974,2023-03-22 10:41:00,2023-03-22 11:22:00,41.0,5.15
J587,M05,Delayed,2023-03-22 09:40:00,2023-03-22 11:00:00,0.9933333333333333,0.6979110087757326,2023-03-22 11:22:00,2023-03-22 12:42:00,80.0,6.9
J591,M05,Failed,2023-03-22 10:20:00,2023-03-22 11:30:00,0.9866666666666667,0.6627304707002133,2023-03-22 12:42:00,2023-03-22 13:52:00,70.0,13.68
J595,M05,Completed,2023-03-22 11:00:00,2023-03-22 11:26:00,0.02,0.4076245586994888,2023-03-22 13:52:00,2023-03-22 14:18:00,26.0,9.83
J512,M05,Completed,2023-03-21 21:10:00,2023-03-21 22:48:00,0.0,0.26751876801454905,2023-03-22 14:18:00,2023-03-22 15:56:00,98.0,4.27
J621,M05,Completed,2023-03-22 15:20:00,2023-03-22 16:18:00,0.0,0.31175851155595313,2023-03-22 15:56:00,2023-03-22 16:54:00,58.0,8.91
J630,M05,Delayed,2023-03-22 16:50:00,2023-03-22 17:29:00,0.9933333333333333,0.8167767110013878,2023-03-22 16:54:00,2023-03-22 17:33:00,39.0,6.18
J626,M05,Completed,2023-03-22 16:10:00,2023-03-22 17:02:00,0.013333333333333334,0.4551421498967309,2023-03-22 17:33:00,2023-03-22 18:25:00,52.0,2.68
J636,M05,Delayed,2023-03-22 17:50:00,2023-03-22 19:03:00,1.0,0.8312625284669948,2023-03-22 18:25:00,2023-03-22 19:38:00,73.0,4.36
J643,M05,Delayed,2023-03-22 19:00:00,2023-03-22 20:01:00,1.0,0.7808542989539676,2023-03-22 19:38:00,2023-03-22 20:39:00,61.0,5.82
J639,M05,Delayed,2023-03-22 18:20:00,2023-03-22 20:02:00,0.9933333333333333,0.7783896436738469,2023-03-22 20:39:00,2023-03-22 22:21:00,102.0,2.21
J638,M05,Completed,2023-03-22 18:10:00,2023-03-22 19:43:00,0.0,0.2937833259002413,2023-03-22 22:21:00,2023-03-22 23:54:00,93.0,4.06
J664,M05,Completed,2023-03-22 22:30:00,2023-03-23 00:07:00,0.05333333333333334,0.3462202045004259,2023-03-22 23:54:00,2023-03-23 01:31:00,97.0,2.25
J335,M05,Completed,2023-03-20 15:40:00,2023-03-20 16:39:00,0.0,0.25656200545308777,2023-03-23 01:31:00,2023-03-23 02:30:00,59.0,13.01
J521,M05,Completed,2023-03-21 22:40:00,2023-03-21 23:42:00,0.0,0.2530185042564071,2023-03-23 02:30:00,2023-03-23 03:32:00,62.0,14.46
J690,M05,Delayed,2023-03-23 02:50:00,2023-03-23 03:30:00,0.9933333333333333,0.7374638229659776,2023-03-23 03:32:00,2023-03-23 04:12:00,40.0,10.82
J698,M05,Delayed,2023-03-23 04:10:00,2023-03-23 05:06:00,1.0,0.7276926506217939,2023-03-23 04:12:00,2023-03-23 05:08:00,56.0,13.15
J702,M05,Delayed,2023-03-23 04:50:00,2023-03-23 05:35:00,0.9933333333333333,0.6620494050835207,2023-03-23 05:08:00,2023-03-23 05:53:00,45.0,14.9
J704,M05,Delayed,2023-03-23 05:10:00,2023-03-23 05:49:00,1.0,0.8058660670039665,2023-03-23 05:53:00,2023-03-23 06:32:00,39.0,9.13
J708,M05,Delayed,2023-03-23 05:50:00,2023-03-23 07:24:00,1.0,0.6906441987240841,2023-03-23 06:32:00,2023-03-23 08:06:00,94.0,6.32
J713,M05,Failed,2023-03-23 06:40:00,2023-03-23 08:00:00,0.9866666666666667,0.6607877283382868,2023-03-23 08:06:00,2023-03-23 09:26:00,80.0,13.55
J726,M05,Failed,2023-03-23 08:50:00,2023-03-23 10:47:00,0.9866666666666667,0.6416594769019692,2023-03-23 09:26:00,2023-03-23 11:23:00,117.0,5.72
J716,M05,Completed,2023-03-23 07:10:00,2023-03-23 07:37:00,0.0,0.4879883739834037,2023-03-23 11:23:00,2023-03-23 11:50:00,27.0,3.19
J715,M05,Completed,2023-03-23 07:00:00,2023-03-23 07:51:00,0.0,0.43842135698104323,2023-03-23 11:50:00,2023-03-23 12:41:00,51.0,4.22
J737,M05,Completed,2023-03-23 10:40:00,2023-03-23 11:00:00,0.04,0.39360970660494066,2023-03-23 12:41:00,2023-03-23 13:01:00,20.0,10.93
J736,M05,Completed,2023-03-23 10:30:00,2023-03-23 10:57:00,0.013333333333333334,0.3880231911738802,2023-03-23 13:01:00,2023-03-23 13:28:00,27.0,6.99
J747,M05,Completed,2023-03-23 12:20:00,2023-03-23 12:56:00,0.0,0.33976098690635526,2023-03-23 13:28:00,2023-03-23 14:04:00,36.0,13.05
J751,M05,Completed,2023-03-23 13:00:00,2023-03-23 14:30:00,0.006666666666666667,0.330209552409925,2023-03-23 14:04:00,2023-03-23 15:34:00,90.0,2.72
J763,M05,Failed,2023-03-23 15:00:00,2023-03-23 16:24:00,0.9933333333333333,0.6821406074468163,2023-03-23 15:34:00,2023-03-23 16:58:00,84.0,11.37
J773,M05,Failed,2023-03-23 16:40:00,2023-03-23 18:40:00,0.94,0.6098279020342665,2023-03-23 16:58:00,2023-03-23 18:58:00,120.0,6.96
J770,M05,Delayed,2023-03-23 16:10:00,2023-03-23 17:55:00,0.9866666666666667,0.5904883532618812,2023-03-23 18:58:00,2023-03-23 20:43:00,105.0,9.96
J794,M05,Delayed,2023-03-23 20:10:00,2023-03-23 21:43:00,0.98,0.7367960674152355,2023-03-23 20:43:00,2023-03-23 22:16:00,93.0,6.66
J799,M05,Delayed,2023-03-23 21:00:00,2023-03-23 22:44:00,0.9933333333333333,0.6246293466419359,2023-03-23 22:16:00,2023-03-24 00:00:00,104.0,7.42
J812,M05,Completed,2023-03-23 23:10:00,2023-03-23 23:34:00,0.0,0.36265957879779337,2023-03-24 00:00:00,2023-03-24 00:24:00,24.0,10.78
J819,M05,Completed,2023-03-24 00:20:00,2023-03-24 01:32:00,0.013333333333333334,0.3394723856691721,2023-03-24 00:24:00,2023-03-24 01:36:00,72.0,7.28
J790,M05,Completed,2023-03-23 19:30:00,2023-03-23 19:58:00,0.0,0.3327188248314993,2023-03-24 01:36:00,2023-03-24 02:04:00,28.0,8.66
J824,M05,Completed,2023-03-24 01:10:00,2023-03-24 02:43:00,0.006666666666666667,0.319933916326945,2023-03-24 02:04:00,2023-03-24 03:37:00,93.0,2.9
J837,M05,Failed,2023-03-24 03:20:00,2023-03-24 04:12:00,0.98,0.8660460572667642,2023-03-24 03:37:00,2023-03-24 04:29:00,52.0,3.56
J831,M05,Delayed,2023-03-24 02:20:00,2023-03-24 03:40:00,0.9933333333333333,0.6844710866911637,2023-03-24 04:29:00,2023-03-24 05:49:00,80.0,12.55
J850,M05,Failed,2023-03-24 05:30:00,2023-03-24 07:21:00,0.9666666666666667,0.6356317205509138,2023-03-24 05:49:00,2023-03-24 07:40:00,111.0,6.5
J849,M05,Completed,2023-03-24 05:20:00,2023-03-24 06:13:00,0.013333333333333334,0.35408677921072257,2023-03-24 07:40:00,2023-03-24 08:33:00,53.0,8.73
J843,M05,Completed,2023-03-24 04:20:00,2023-03-24 05:21:00,0.0,0.30472111756987064,2023-03-24 08:33:00,2023-03-24 09:34:00,61.0,8.88
J771,M05,Completed,2023-03-23 16:20:00,2023-03-23 18:03:00,0.0,0.2604685914928941,2023-03-24 09:34:00,2023-03-24 11:17:00,103.0,2.21
J877,M05,Delayed,2023-03-24 10:00:00,2023-03-24 10:23:00,0.9866666666666667,0.810632613291166,2023-03-24 11:17:00,2023-03-24 11:40:00,23.0,6.93
J879,M05,Failed,2023-03-24 10:20:00,2023-03-24 11:12:00,0.9866666666666667,0.7371100105267678,2023-03-24 11:40:00,2023-03-24 12:32:00,52.0,13.14
J882,M05,Completed,2023-03-24 10:50:00,2023-03-24 11:50:00,0.006666666666666667,0.31571152052022183,2023-03-24 12:32:00,2023-03-24 13:32:00,60.0,7.5
J898,M05,Delayed,2023-03-24 13:30:00,2023-03-24 13:50:00,0.98,0.8391434885931874,2023-03-24 13:32:00,2023-03-24 13:52:00,20.0,9.81
J885,M05,Completed,2023-03-24 11:20:00,2023-03-24 12:05:00,0.0,0.30569989450607543,2023-03-24 13:52:00,2023-03-24 14:37:00,45.0,8.68
J904,M05,Failed,2023-03-24 14:30:00,2023-03-24 15:35:00,0.9733333333333334,0.688043115269017,2023-03-24 14:37:00,2023-03-24 15:42:00,65.0,12.46
J901,M05,Delayed,2023-03-24 14:00:00,2023-03-24 15:34:00,0.9933333333333333,0.6096585638674696,2023-03-24 15:42:00,2023-03-24 17:16:00,94.0,12.06
J919,M05,Completed,2023-03-24 17:00:00,2023-03-24 17:48:00,0.006666666666666667,0.3199476119077872,2023-03-24 17:16:00,2023-03-24 18:04:00,48.0,11.56
J913,M05,Completed,2023-03-24 16:00:00,2023-03-24 16:31:00,0.0,0.298838108200983,2023-03-24 18:04:00,2023-03-24 18:35:00,31.0,12.76
J750,M05,Completed,2023-03-23 12:50:00,2023-03-23 14:04:00,0.006666666666666667,0.2599875826895388,2023-03-24 18:35:00,2023-03-24 19:49:00,74.0,7.82
J691,M05,Completed,2023-03-23 03:00:00,2023-03-23 04:27:00,0.0,0.2564804407022993,2023-03-24 19:49:00,2023-03-24 21:16:00,87.0,4.38
J936,M05,Completed,2023-03-24 19:50:00,2023-03-24 20:12:00,0.0,0.35742949317648404,2023-03-24 21:16:00,2023-03-24 21:38:00,22.0,13.15
J895,M05,Completed,2023-03-24 13:00:00,2023-03-24 14:22:00,0.0,0.25132836912185674,2023-03-24 21:38:00,2023-03-24 23:00:00,82.0,6.89
J951,M05,Completed,2023-03-24 22:20:00,2023-03-24 23:41:00,0.0,0.3587952968433681,2023-03-24 23:00:00,2023-03-25 00:21:00,81.0,4.52
J958,M05,Completed,2023-03-24 23:30:00,2023-03-25 00:14:00,0.0,0.3826185935219609,2023-03-25 00:21:00,2023-03-25 01:05:00,44.0,2.83
J488,M05,Completed,2023-03-21 17:10:00,2023-03-21 18:45:00,0.006666666666666667,0.24729198961809792,2023-03-25 01:05:00,2023-03-25 02:40:00,95.0,5.58
J974,M05,Delayed,2023-03-25 02:10:00,2023-03-25 02:51:00,1.0,0.6988370932661593,2023-03-25 02:40:00,2023-03-25 03:21:00,41.0,14.04
J976,M05,Failed,2023-03-25 02:30:00,2023-03-25 04:11:00,0.9666666666666667,0.6343240469743747,2023-03-25 03:21:00,2023-03-25 05:02:00,101.0,9.23
J983,M05,Delayed,2023-03-25 03:40:00,2023-03-25 04:26:00,1.0,0.6906750391330592,2023-03-25 05:02:00,2023-03-25 05:48:00,46.0,14.1
J993,M05,Delayed,2023-03-25 05:20:00,2023-03-25 07:05:00,0.9933333333333333,0.5831162394745756,2023-03-25 05:48:00,2023-03-25 07:33:00,105.0,9.95
J997,M05,Failed,2023-03-25 06:00:00,2023-03-25 07:00:00,1.0,0.7979020407043987,2023-03-25 07:33:00,2023-03-25 08:33:00,60.0,3.17
J986,M05,Completed,2023-03-25 04:10:00,2023-03-25 05:10:00,0.006666666666666667,0.3611402426686682,2023-03-25 08:33:00,2023-03-25 09:33:00,60.0,3.53
J878,M05,Completed,2023-03-24 10:10:00,2023-03-24 12:06:00,0.0,0.24507284016382405,2023-03-25 09:33:00,2023-03-25 11:29:00,116.0,3.49
J854,M05,Completed,2023-03-24 06:10:00,2023-03-24 07:18:00,0.0,0.24489672525146072,2023-03-25 11:29:00,2023-03-25 12:37:00,68.0,12.99
J1000,M05,Completed,2023-03-25 06:30:00,2023-03-25 08:21:00,0.02,0.24476948829136685,2023-03-25 12:37:00,2023-03-25 14:28:00,111.0,3.88
J807,M05,Completed,2023-03-23 22:20:00,2023-03-23 23:59:00,0.006666666666666667,0.24406470397965346,2023-03-25 14:28:00,2023-03-25 16:07:00,99.0,7.53
J364,M05,Completed,2023-03-20 20:30:00,2023-03-20 22:25:00,0.006666666666666667,0.24238796007467994,2023-03-25 16:07:00,2023-03-25 18:02:00,115.0,6.41
J816,M05,Completed,2023-03-23 23:50:00,2023-03-24 00:24:00,0.006666666666666667,0.24196217994596397,2023-03-25 18:02:00,2023-03-25 18:36:00,34.0,14.45
J897,M05,Completed,2023-03-24 13:20:00,2023-03-24 14:20:00,0.006666666666666667,0.24074094064414667,2023-03-25 18:36:00,2023-03-25 19:36:00,60.0,9.29
J967,M05,Completed,2023-03-25 01:00:00,2023-03-25 02:04:00,0.0,0.24071419877241507,2023-03-25 19:36:00,2023-03-25 20:40:00,64.0,8.79
J140,M05,Completed,2023-03-19 07:10:00,2023-03-19 08:50:00,0.0,0.22299030151664717,2023-03-25 20:40:00,2023-03-25 22:20:00,100.0,8.54
J427,M05,Completed,2023-03-21 07:00:00,2023-03-21 08:04:00,0.0,0.2182007060987461,2023-03-25 22:20:00,2023-03-25 23:24:00,64.0,10.25
J813,M05,Completed,2023-03-23 23:20:00,2023-03-24 01:19:00,0.03333333333333333,0.21588493689229438,2023-03-25 23:24:00,2023-03-26 01:23:00,119.0,3.48
J332,M05,Completed,2023-03-20 15:10:00,2023-03-20 17:04:00,0.04,0.21193113662464777,2023-03-26 01:23:00,2023-03-26 03:17:00,114.0,9.52
J305,M05,Completed,2023-03-20 10:40:00,2023-03-20 12:09:00,0.0,0.21109574728545646,2023-03-26 03:17:00,2023-03-26 04:46:00,89.0,12.46
J994,M05,Completed,2023-03-25 05:30:00,2023-03-25 07:04:00,0.0,0.2038304995464533,2023-03-26 04:46:00,2023-03-26 06:20:00,94.0,9.39
J594,M05,Completed,2023-03-22 10:50:00,2023-03-22 12:14:00,0.0,0.20236862396529992,2023-03-26 06:20:00,2023-03-26 07:44:00,84.0,12.13
J506,M05,Completed,2023-03-21 20:10:00,2023-03-21 22:07:00,0.013333333333333334,0.195340684986814,2023-03-26 07:44:00,2023-03-26 09:41:00,117.0,8.99
J434,M05,Completed,2023-03-21 08:10:00,2023-03-21 09:37:00,0.0,0.1942193523677722,2023-03-26 09:41:00,2023-03-26 11:08:00,87.0,14.22
J926,M05,Completed,2023-03-24 18:10:00,2023-03-24 20:05:00,0.0,0.1933059083811789,2023-03-26 11:08:00,2023-03-26 13:03:00,115.0,4.62
J108,M05,Completed,2023-03-19 01:50:00,2023-03-19 03:08:00,0.006666666666666667,0.19003140852831435,2023-03-26 13:03:00,2023-03-26 14:21:00,78.0,14.78
J314,M05,Completed,2023-03-20 12:10:00,2023-03-20 14:03:00,0.0,0.1862740940756655,2023-03-26 14:21:00,2023-03-26 16:14:00,113.0,10.52
J399,M05,Completed,2023-03-21 02:20:00,2023-03-21 03:40:00,0.0,0.18528182446982994,2023-03-26 16:14:00,2023-03-26 17:34:00,80.0,12.18
J781,M05,Completed,2023-03-23 18:00:00,2023-03-23 19:43:00,0.0,0.1767977722001333,2023-03-26 17:34:00,2023-03-26 19:17:00,103.0,8.66
J110,M05,Completed,2023-03-19 02:10:00,2023-03-19 03:57:00,0.006666666666666667,0.17556411558069168,2023-03-26 19:17:00,2023-03-26 21:04:00,107.0,9.31
J786,M05,Completed,2023-03-23 18:50:00,2023-03-23 20:40:00,0.0,0.17394696263865453,2023-03-26 21:04:00,2023-03-26 22:54:00,110.0,7.71
J290,M05,Completed,2023-03-20 08:10:00,2023-03-20 09:31:00,0.0,0.16319005398784522,2023-03-26 22:54:00,2023-03-27 00:15:00,81.0,10.72
J839,M05,Completed,2023-03-24 03:40:00,2023-03-24 04:54:00,0.006666666666666667,0.1578044069470675,2023-03-27 00:15:00,2023-03-27 01:29:00,74.0,12.74
J808,M05,Completed,2023-03-23 22:30:00,2023-03-24 00:24:00,0.0,0.15639918030867017,2023-03-27 01:29:00,2023-03-27 03:23:00,114.0,10.93
J086,M05,Completed,2023-03-18 22:10:00,2023-03-18 23:27:00,0.0,0.15311132980875694,2023-03-27 03:23:00,2023-03-27 04:40:00,77.0,14.07
J365,M05,Completed,2023-03-20 20:40:00,2023-03-20 22:26:00,0.0,0.1455100840144699,2023-03-27 04:40:00,2023-03-27 06:26:00,106.0,9.52
J152,M05,Completed,2023-03-19 09:10:00,2023-03-19 10:56:00,0.013333333333333334,0.14406780831183366,2023-03-27 06:26:00,2023-03-27 08:12:00,106.0,9.32
J562,M05,Completed,2023-03-22 05:30:00,2023-03-22 07:18:00,0.0,0.14134196325032483,2023-03-27 08:12:00,2023-03-27 10:00:00,108.0,10.49
J934,M05,Completed,2023-03-24 19:30:00,2023-03-24 20:58:00,0.006666666666666667,0.13498636531193703,2023-03-27 10:00:00,2023-03-27 11:28:00,88.0,11.95
J242,M05,Completed,2023-03-20 00:10:00,2023-03-20 01:52:00,0.0,0.12723024795724255,2023-03-27 11:28:00,2023-03-27 13:10:00,102.0,10.33
J219,M05,Completed,2023-03-19 20:20:00,2023-03-19 22:07:00,0.006666666666666667,0.10446887555754886,2023-03-27 13:10:00,2023-03-27 14:57:00,107.0,11.19
J403,M05,Completed,2023-03-21 03:00:00,2023-03-21 04:53:00,0.006666666666666667,0.0884097512629777,2023-03-27 14:57:00,2023-03-27 16:50:00,113.0,11.6
J647,M05,Completed,2023-03-22 19:40:00,2023-03-22 21:17:00,0.006666666666666667,0.07254804611709174,2023-03-27 16:50:00,2023-03-27 18:27:00,97.0,14.54
J565,M05,Completed,2023-03-22 06:00:00,2023-03-22 07:50:00,0.006666666666666667,0.06863628618377239,2023-03-27 18:27:00,2023-03-27 20:17:00,110.0,13.71
J357,M05,Completed,2023-03-20 19:20:00,2023-03-20 21:16:00,0.0,0.06659213571648412,2023-03-27 20:17:00,2023-03-27 22:13:00,116.0,11.31
