Job_ID,Machine_ID,Job_Status,Energy_Consumption,pred_abnormal_prob,orig_Scheduled_start,orig_Scheduled_end,priority_score,optimized_start,optimized_end,Processing_Time
J001,M01,Completed,11.42,0.0,2023-03-18 08:00:00,2023-03-18 09:16:00,,2023-03-18 08:00:00,2023-03-18 09:16:00,76.0
J002,M01,Delayed,6.61,1.0,2023-03-18 08:10:00,2023-03-18 09:29:00,,2023-03-18 09:16:00,2023-03-18 10:35:00,79.0
J005,M01,Completed,8.13,0.0,2023-03-18 08:40:00,2023-03-18 09:26:00,,2023-03-18 10:35:00,2023-03-18 11:21:00,46.0
J010,M01,Delayed,3.66,0.9933333333333333,2023-03-18 09:30:00,2023-03-18 09:57:00,,2023-03-18 11:21:00,2023-03-18 11:48:00,27.0
J011,M01,Completed,9.98,0.0,2023-03-18 09:40:00,2023-03-18 10:45:00,,2023-03-18 11:48:00,2023-03-18 12:53:00,65.0
J016,M01,Completed,12.29,0.0,2023-03-18 10:30:00,2023-03-18 11:35:00,,2023-03-18 12:53:00,2023-03-18 13:58:00,65.0
J023,M01,Completed,13.49,0.0,2023-03-18 11:40:00,2023-03-18 13:18:00,,2023-03-18 13:58:00,2023-03-18 15:36:00,98.0
J026,M01,Completed,3.89,0.0,2023-03-18 12:10:00,2023-03-18 12:31:00,,2023-03-18 15:36:00,2023-03-18 15:57:00,21.0
J034,M01,Delayed,12.52,0.9933333333333333,2023-03-18 13:30:00,2023-03-18 15:20:00,,2023-03-18 15:57:00,2023-03-18 17:47:00,110.0
J037,M01,Completed,13.17,0.0,2023-03-18 14:00:00,2023-03-18 15:19:00,,2023-03-18 17:47:00,2023-03-18 19:06:00,79.0
J038,M01,Completed,4.98,0.0,2023-03-18 14:10:00,2023-03-18 14:53:00,,2023-03-18 19:06:00,2023-03-18 19:49:00,43.0
J040,M01,Completed,9.94,0.0,2023-03-18 14:30:00,2023-03-18 15:20:00,,2023-03-18 19:49:00,2023-03-18 20:39:00,50.0
J050,M01,Delayed,3.09,1.0,2023-03-18 16:10:00,2023-03-18 17:54:00,,2023-03-18 20:39:00,2023-03-18 22:23:00,104.0
J056,M01,Completed,11.91,0.006666666666666667,2023-03-18 17:10:00,2023-03-18 18:54:00,,2023-03-18 22:23:00,2023-03-19 00:07:00,104.0
J058,M01,Completed,8.42,0.02,2023-03-18 17:30:00,2023-03-18 18:53:00,,2023-03-19 00:07:00,2023-03-19 01:30:00,83.0
J060,M01,Completed,8.69,0.0,2023-03-18 17:50:00,2023-03-18 18:56:00,,2023-03-19 01:30:00,2023-03-19 02:36:00,66.0
J076,M01,Failed,10.01,0.94,2023-03-18 20:30:00,2023-03-18 22:09:00,,2023-03-19 02:36:00,2023-03-19 04:15:00,99.0
J077,M01,Completed,7.46,0.0,2023-03-18 20:40:00,2023-03-18 21:42:00,,2023-03-19 04:15:00,2023-03-19 05:17:00,62.0
J082,M01,Completed,13.39,0.006666666666666667,2023-03-18 21:30:00,2023-03-18 21:54:00,,2023-03-19 05:17:00,2023-03-19 05:41:00,24.0
J111,M01,Completed,13.26,0.006666666666666667,2023-03-19 02:20:00,2023-03-19 04:19:00,,2023-03-19 05:41:00,2023-03-19 07:40:00,119.0
J113,M01,Completed,2.25,0.0,2023-03-19 02:40:00,2023-03-19 04:23:00,,2023-03-19 07:40:00,2023-03-19 09:23:00,103.0
J114,M01,Delayed,4.36,0.9933333333333333,2023-03-19 02:50:00,2023-03-19 04:46:00,,2023-03-19 09:23:00,2023-03-19 11:19:00,116.0
J124,M01,Completed,4.42,0.0,2023-03-19 04:30:00,2023-03-19 05:10:00,,2023-03-19 11:19:00,2023-03-19 11:59:00,40.0
J126,M01,Completed,5.07,0.0,2023-03-19 04:50:00,2023-03-19 06:00:00,,2023-03-19 11:59:00,2023-03-19 13:09:00,70.0
J132,M01,Delayed,10.68,1.0,2023-03-19 05:50:00,2023-03-19 07:00:00,,2023-03-19 13:09:00,2023-03-19 14:19:00,70.0
J133,M01,Completed,6.51,0.006666666666666667,2023-03-19 06:00:00,2023-03-19 07:25:00,,2023-03-19 14:19:00,2023-03-19 15:44:00,85.0
J135,M01,Completed,8.31,0.013333333333333334,2023-03-19 06:20:00,2023-03-19 06:43:00,,2023-03-19 15:44:00,2023-03-19 16:07:00,23.0
J137,M01,Completed,11.79,0.0,2023-03-19 06:40:00,2023-03-19 08:11:00,,2023-03-19 16:07:00,2023-03-19 17:38:00,91.0
J146,M01,Failed,2.21,0.9866666666666667,2023-03-19 08:10:00,2023-03-19 09:12:00,,2023-03-19 17:38:00,2023-03-19 18:40:00,62.0
J148,M01,Completed,9.65,0.0,2023-03-19 08:30:00,2023-03-19 09:09:00,,2023-03-19 18:40:00,2023-03-19 19:19:00,39.0
J160,M01,Completed,9.57,0.006666666666666667,2023-03-19 10:30:00,2023-03-19 12:28:00,,2023-03-19 19:19:00,2023-03-19 21:17:00,118.0
J162,M01,Completed,11.7,0.0,2023-03-19 10:50:00,2023-03-19 11:48:00,,2023-03-19 21:17:00,2023-03-19 22:15:00,58.0
J163,M01,Completed,10.4,0.0,2023-03-19 11:00:00,2023-03-19 11:43:00,,2023-03-19 22:15:00,2023-03-19 22:58:00,43.0
J167,M01,Completed,7.2,0.006666666666666667,2023-03-19 11:40:00,2023-03-19 12:15:00,,2023-03-19 22:58:00,2023-03-19 23:33:00,35.0
J174,M01,Delayed,12.49,1.0,2023-03-19 12:50:00,2023-03-19 14:43:00,,2023-03-19 23:33:00,2023-03-20 01:26:00,113.0
J178,M01,Completed,10.58,0.0,2023-03-19 13:30:00,2023-03-19 14:52:00,,2023-03-20 01:26:00,2023-03-20 02:48:00,82.0
J182,M01,Failed,6.22,0.9866666666666667,2023-03-19 14:10:00,2023-03-19 15:29:00,,2023-03-20 02:48:00,2023-03-20 04:07:00,79.0
J186,M01,Completed,12.13,0.013333333333333334,2023-03-19 14:50:00,2023-03-19 16:00:00,,2023-03-20 04:07:00,2023-03-20 05:17:00,70.0
J191,M01,Completed,5.81,0.006666666666666667,2023-03-19 15:40:00,2023-03-19 17:34:00,,2023-03-20 05:17:00,2023-03-20 07:11:00,114.0
J208,M01,Completed,5.06,0.013333333333333334,2023-03-19 18:30:00,2023-03-19 18:50:00,,2023-03-20 07:11:00,2023-03-20 07:31:00,20.0
J209,M01,Delayed,11.95,0.9933333333333333,2023-03-19 18:40:00,2023-03-19 20:26:00,,2023-03-20 07:31:00,2023-03-20 09:17:00,106.0
J212,M01,Completed,4.27,0.0,2023-03-19 19:10:00,2023-03-19 20:46:00,,2023-03-20 09:17:00,2023-03-20 10:53:00,96.0
J216,M01,Completed,10.46,0.0,2023-03-19 19:50:00,2023-03-19 20:32:00,,2023-03-20 10:53:00,2023-03-20 11:35:00,42.0
J223,M01,Failed,10.74,0.9866666666666667,2023-03-19 21:00:00,2023-03-19 21:58:00,,2023-03-20 11:35:00,2023-03-20 12:33:00,58.0
J229,M01,Completed,13.77,0.0,2023-03-19 22:00:00,2023-03-19 22:59:00,,2023-03-20 12:33:00,2023-03-20 13:32:00,59.0
J230,M01,Completed,11.13,0.0,2023-03-19 22:10:00,2023-03-19 23:15:00,,2023-03-20 13:32:00,2023-03-20 14:37:00,65.0
J232,M01,Completed,11.48,0.0,2023-03-19 22:30:00,2023-03-20 00:16:00,,2023-03-20 14:37:00,2023-03-20 16:23:00,106.0
J234,M01,Completed,9.95,0.0,2023-03-19 22:50:00,2023-03-20 00:41:00,,2023-03-20 16:23:00,2023-03-20 18:14:00,111.0
J237,M01,Completed,6.17,0.0,2023-03-19 23:20:00,2023-03-20 00:43:00,,2023-03-20 18:14:00,2023-03-20 19:37:00,83.0
J241,M01,Completed,9.52,0.02,2023-03-20 00:00:00,2023-03-20 01:35:00,,2023-03-20 19:37:00,2023-03-20 21:12:00,95.0
J246,M01,Completed,3.02,0.0,2023-03-20 00:50:00,2023-03-20 01:30:00,,2023-03-20 21:12:00,2023-03-20 21:52:00,40.0
J248,M01,Completed,5.84,0.0,2023-03-20 01:10:00,2023-03-20 02:01:00,,2023-03-20 21:52:00,2023-03-20 22:43:00,51.0
J251,M01,Completed,8.57,0.02,2023-03-20 01:40:00,2023-03-20 02:01:00,,2023-03-20 22:43:00,2023-03-20 23:04:00,21.0
J253,M01,Completed,9.9,0.0,2023-03-20 02:00:00,2023-03-20 02:43:00,,2023-03-20 23:04:00,2023-03-20 23:47:00,43.0
J255,M01,Completed,11.78,0.0,2023-03-20 02:20:00,2023-03-20 02:58:00,,2023-03-20 23:47:00,2023-03-21 00:25:00,38.0
J256,M01,Completed,4.89,0.006666666666666667,2023-03-20 02:30:00,2023-03-20 03:30:00,,2023-03-21 00:25:00,2023-03-21 01:25:00,60.0
J261,M01,Delayed,4.72,1.0,2023-03-20 03:20:00,2023-03-20 05:04:00,,2023-03-21 01:25:00,2023-03-21 03:09:00,104.0
J269,M01,Delayed,4.0,0.9933333333333333,2023-03-20 04:40:00,2023-03-20 05:05:00,,2023-03-21 03:09:00,2023-03-21 03:34:00,25.0
J271,M01,Completed,7.47,0.0,2023-03-20 05:00:00,2023-03-20 05:21:00,,2023-03-21 03:34:00,2023-03-21 03:55:00,21.0
J273,M01,Delayed,5.42,0.9933333333333333,2023-03-20 05:20:00,2023-03-20 06:38:00,,2023-03-21 03:55:00,2023-03-21 05:13:00,78.0
J277,M01,Completed,12.37,0.0,2023-03-20 06:00:00,2023-03-20 07:16:00,,2023-03-21 05:13:00,2023-03-21 06:29:00,76.0
J283,M01,Completed,9.47,0.0,2023-03-20 07:00:00,2023-03-20 07:37:00,,2023-03-21 06:29:00,2023-03-21 07:06:00,37.0
J285,M01,Completed,13.31,0.0,2023-03-20 07:20:00,2023-03-20 09:06:00,,2023-03-21 07:06:00,2023-03-21 08:52:00,106.0
J297,M01,Delayed,2.05,0.98,2023-03-20 09:20:00,2023-03-20 10:39:00,,2023-03-21 08:52:00,2023-03-21 10:11:00,79.0
J308,M01,Completed,3.41,0.0,2023-03-20 11:10:00,2023-03-20 12:00:00,,2023-03-21 10:11:00,2023-03-21 11:01:00,50.0
J321,M01,Delayed,10.34,1.0,2023-03-20 13:20:00,2023-03-20 14:30:00,,2023-03-21 11:01:00,2023-03-21 12:11:00,70.0
J323,M01,Completed,5.88,0.0,2023-03-20 13:40:00,2023-03-20 15:10:00,,2023-03-21 12:11:00,2023-03-21 13:41:00,90.0
J326,M01,Completed,4.74,0.006666666666666667,2023-03-20 14:10:00,2023-03-20 15:10:00,,2023-03-21 13:41:00,2023-03-21 14:41:00,60.0
J330,M01,Completed,8.66,0.006666666666666667,2023-03-20 14:50:00,2023-03-20 15:44:00,,2023-03-21 14:41:00,2023-03-21 15:35:00,54.0
J338,M01,Completed,13.97,0.006666666666666667,2023-03-20 16:10:00,2023-03-20 17:21:00,,2023-03-21 15:35:00,2023-03-21 16:46:00,71.0
J344,M01,Completed,14.98,0.0,2023-03-20 17:10:00,2023-03-20 18:44:00,,2023-03-21 16:46:00,2023-03-21 18:20:00,94.0
J347,M01,Completed,14.45,0.0,2023-03-20 17:40:00,2023-03-20 18:53:00,,2023-03-21 18:20:00,2023-03-21 19:33:00,73.0
J352,M01,Completed,14.04,0.0,2023-03-20 18:30:00,2023-03-20 20:03:00,,2023-03-21 19:33:00,2023-03-21 21:06:00,93.0
J356,M01,Completed,10.12,0.006666666666666667,2023-03-20 19:10:00,2023-03-20 20:51:00,,2023-03-21 21:06:00,2023-03-21 22:47:00,101.0
J358,M01,Failed,8.79,0.9866666666666667,2023-03-20 19:30:00,2023-03-20 20:36:00,,2023-03-21 22:47:00,2023-03-21 23:53:00,66.0
J371,M01,Completed,4.38,0.0,2023-03-20 21:40:00,2023-03-20 22:12:00,,2023-03-21 23:53:00,2023-03-22 00:25:00,32.0
J378,M01,Failed,4.78,0.9933333333333333,2023-03-20 22:50:00,2023-03-20 23:53:00,,2023-03-22 00:25:00,2023-03-22 01:28:00,63.0
J379,M01,Completed,5.13,0.006666666666666667,2023-03-20 23:00:00,2023-03-20 23:47:00,,2023-03-22 01:28:00,2023-03-22 02:15:00,47.0
J381,M01,Completed,7.85,0.0,2023-03-20 23:20:00,2023-03-21 00:49:00,,2023-03-22 02:15:00,2023-03-22 03:44:00,89.0
J383,M01,Delayed,3.68,0.9866666666666667,2023-03-20 23:40:00,2023-03-21 00:45:00,,2023-03-22 03:44:00,2023-03-22 04:49:00,65.0
J384,M01,Completed,11.62,0.0,2023-03-20 23:50:00,2023-03-21 00:40:00,,2023-03-22 04:49:00,2023-03-22 05:39:00,50.0
J387,M01,Completed,4.47,0.0,2023-03-21 00:20:00,2023-03-21 01:02:00,,2023-03-22 05:39:00,2023-03-22 06:21:00,42.0
J389,M01,Completed,9.02,0.0,2023-03-21 00:40:00,2023-03-21 01:51:00,,2023-03-22 06:21:00,2023-03-22 07:32:00,71.0
J392,M01,Completed,10.86,0.006666666666666667,2023-03-21 01:10:00,2023-03-21 02:46:00,,2023-03-22 07:32:00,2023-03-22 09:08:00,96.0
J393,M01,Completed,2.09,0.006666666666666667,2023-03-21 01:20:00,2023-03-21 02:29:00,,2023-03-22 09:08:00,2023-03-22 10:17:00,69.0
J398,M01,Completed,13.87,0.0,2023-03-21 02:10:00,2023-03-21 03:32:00,,2023-03-22 10:17:00,2023-03-22 11:39:00,82.0
J404,M01,Delayed,11.11,0.9933333333333333,2023-03-21 03:10:00,2023-03-21 04:39:00,,2023-03-22 11:39:00,2023-03-22 13:08:00,89.0
J412,M01,Delayed,2.94,1.0,2023-03-21 04:30:00,2023-03-21 05:16:00,,2023-03-22 13:08:00,2023-03-22 13:54:00,46.0
J416,M01,Completed,11.97,0.0,2023-03-21 05:10:00,2023-03-21 06:57:00,,2023-03-22 13:54:00,2023-03-22 15:41:00,107.0
J417,M01,Failed,6.94,0.9933333333333333,2023-03-21 05:20:00,2023-03-21 06:10:00,,2023-03-22 15:41:00,2023-03-22 16:31:00,50.0
J422,M01,Completed,6.31,0.02,2023-03-21 06:10:00,2023-03-21 08:09:00,,2023-03-22 16:31:00,2023-03-22 18:30:00,119.0
J424,M01,Failed,8.93,1.0,2023-03-21 06:30:00,2023-03-21 07:34:00,,2023-03-22 18:30:00,2023-03-22 19:34:00,64.0
J429,M01,Completed,13.16,0.0,2023-03-21 07:20:00,2023-03-21 08:20:00,,2023-03-22 19:34:00,2023-03-22 20:34:00,60.0
J431,M01,Completed,2.15,0.006666666666666667,2023-03-21 07:40:00,2023-03-21 08:28:00,,2023-03-22 20:34:00,2023-03-22 21:22:00,48.0
J447,M01,Completed,3.13,0.0,2023-03-21 10:20:00,2023-03-21 11:33:00,,2023-03-22 21:22:00,2023-03-22 22:35:00,73.0
J449,M01,Completed,3.42,0.0,2023-03-21 10:40:00,2023-03-21 12:38:00,,2023-03-22 22:35:00,2023-03-23 00:33:00,118.0
J451,M01,Delayed,9.01,0.9933333333333333,2023-03-21 11:00:00,2023-03-21 12:49:00,,2023-03-23 00:33:00,2023-03-23 02:22:00,109.0
J455,M01,Completed,2.35,0.02,2023-03-21 11:40:00,2023-03-21 13:27:00,,2023-03-23 02:22:00,2023-03-23 04:09:00,107.0
J465,M01,Failed,2.46,0.98,2023-03-21 13:20:00,2023-03-21 13:48:00,,2023-03-23 04:09:00,2023-03-23 04:37:00,28.0
J466,M01,Completed,11.49,0.0,2023-03-21 13:30:00,2023-03-21 13:51:00,,2023-03-23 04:37:00,2023-03-23 04:58:00,21.0
J467,M01,Completed,10.63,0.0,2023-03-21 13:40:00,2023-03-21 14:17:00,,2023-03-23 04:58:00,2023-03-23 05:35:00,37.0
J471,M01,Completed,2.3,0.013333333333333334,2023-03-21 14:20:00,2023-03-21 14:42:00,,2023-03-23 05:35:00,2023-03-23 05:57:00,22.0
J475,M01,Completed,8.41,0.013333333333333334,2023-03-21 15:00:00,2023-03-21 16:46:00,,2023-03-23 05:57:00,2023-03-23 07:43:00,106.0
J477,M01,Completed,14.52,0.006666666666666667,2023-03-21 15:20:00,2023-03-21 15:55:00,,2023-03-23 07:43:00,2023-03-23 08:18:00,35.0
J480,M01,Completed,5.21,0.0,2023-03-21 15:50:00,2023-03-21 16:44:00,,2023-03-23 08:18:00,2023-03-23 09:12:00,54.0
J481,M01,Delayed,8.81,0.9933333333333333,2023-03-21 16:00:00,2023-03-21 16:38:00,,2023-03-23 09:12:00,2023-03-23 09:50:00,38.0
J487,M01,Delayed,9.22,1.0,2023-03-21 17:00:00,2023-03-21 18:40:00,,2023-03-23 09:50:00,2023-03-23 11:30:00,100.0
J491,M01,Completed,13.87,0.0,2023-03-21 17:40:00,2023-03-21 18:16:00,,2023-03-23 11:30:00,2023-03-23 12:06:00,36.0
J495,M01,Completed,6.16,0.0,2023-03-21 18:20:00,2023-03-21 19:04:00,,2023-03-23 12:06:00,2023-03-23 12:50:00,44.0
J497,M01,Completed,10.07,0.006666666666666667,2023-03-21 18:40:00,2023-03-21 19:03:00,,2023-03-23 12:50:00,2023-03-23 13:13:00,23.0
J498,M01,Completed,8.17,0.0,2023-03-21 18:50:00,2023-03-21 20:27:00,,2023-03-23 13:13:00,2023-03-23 14:50:00,97.0
J503,M01,Completed,14.29,0.0,2023-03-21 19:40:00,2023-03-21 21:10:00,,2023-03-23 14:50:00,2023-03-23 16:20:00,90.0
J504,M01,Delayed,13.88,1.0,2023-03-21 19:50:00,2023-03-21 21:11:00,,2023-03-23 16:20:00,2023-03-23 17:41:00,81.0
J507,M01,Delayed,14.51,0.9733333333333334,2023-03-21 20:20:00,2023-03-21 20:42:00,,2023-03-23 17:41:00,2023-03-23 18:03:00,22.0
J510,M01,Failed,14.14,0.9933333333333333,2023-03-21 20:50:00,2023-03-21 21:51:00,,2023-03-23 18:03:00,2023-03-23 19:04:00,61.0
J514,M01,Failed,9.83,0.98,2023-03-21 21:30:00,2023-03-21 23:26:00,,2023-03-23 19:04:00,2023-03-23 21:00:00,116.0
J516,M01,Failed,4.77,0.9866666666666667,2023-03-21 21:50:00,2023-03-21 22:40:00,,2023-03-23 21:00:00,2023-03-23 21:50:00,50.0
J525,M01,Completed,10.02,0.0,2023-03-21 23:20:00,2023-03-22 00:52:00,,2023-03-23 21:50:00,2023-03-23 23:22:00,92.0
J527,M01,Completed,3.15,0.006666666666666667,2023-03-21 23:40:00,2023-03-22 00:47:00,,2023-03-23 23:22:00,2023-03-24 00:29:00,67.0
J531,M01,Completed,8.86,0.02,2023-03-22 00:20:00,2023-03-22 01:50:00,,2023-03-24 00:29:00,2023-03-24 01:59:00,90.0
J533,M01,Completed,6.86,0.02666666666666667,2023-03-22 00:40:00,2023-03-22 02:32:00,,2023-03-24 01:59:00,2023-03-24 03:51:00,112.0
J536,M01,Completed,6.97,0.0,2023-03-22 01:10:00,2023-03-22 02:50:00,,2023-03-24 03:51:00,2023-03-24 05:31:00,100.0
J538,M01,Completed,2.16,0.0,2023-03-22 01:30:00,2023-03-22 02:45:00,,2023-03-24 05:31:00,2023-03-24 06:46:00,75.0
J539,M01,Completed,10.59,0.013333333333333334,2023-03-22 01:40:00,2023-03-22 03:36:00,,2023-03-24 06:46:00,2023-03-24 08:42:00,116.0
J541,M01,Completed,4.45,0.0,2023-03-22 02:00:00,2023-03-22 02:53:00,,2023-03-24 08:42:00,2023-03-24 09:35:00,53.0
J551,M01,Completed,5.05,0.0,2023-03-22 03:40:00,2023-03-22 05:05:00,,2023-03-24 09:35:00,2023-03-24 11:00:00,85.0
J552,M01,Completed,11.58,0.0,2023-03-22 03:50:00,2023-03-22 04:58:00,,2023-03-24 11:00:00,2023-03-24 12:08:00,68.0
J560,M01,Delayed,12.1,1.0,2023-03-22 05:10:00,2023-03-22 06:29:00,,2023-03-24 12:08:00,2023-03-24 13:27:00,79.0
J567,M01,Completed,7.35,0.0,2023-03-22 06:20:00,2023-03-22 07:48:00,,2023-03-24 13:27:00,2023-03-24 14:55:00,88.0
J581,M01,Completed,11.24,0.0,2023-03-22 08:40:00,2023-03-22 09:47:00,,2023-03-24 14:55:00,2023-03-24 16:02:00,67.0
J586,M01,Completed,10.05,0.006666666666666667,2023-03-22 09:30:00,2023-03-22 10:58:00,,2023-03-24 16:02:00,2023-03-24 17:30:00,88.0
J592,M01,Failed,6.62,0.9866666666666667,2023-03-22 10:30:00,2023-03-22 11:39:00,,2023-03-24 17:30:00,2023-03-24 18:39:00,69.0
J600,M01,Completed,10.66,0.0,2023-03-22 11:50:00,2023-03-22 12:53:00,,2023-03-24 18:39:00,2023-03-24 19:42:00,63.0
J601,M01,Completed,12.62,0.0,2023-03-22 12:00:00,2023-03-22 13:00:00,,2023-03-24 19:42:00,2023-03-24 20:42:00,60.0
J606,M01,Completed,11.35,0.0,2023-03-22 12:50:00,2023-03-22 14:33:00,,2023-03-24 20:42:00,2023-03-24 22:25:00,103.0
J610,M01,Failed,2.46,0.94,2023-03-22 13:30:00,2023-03-22 15:26:00,,2023-03-24 22:25:00,2023-03-25 00:21:00,116.0
J611,M01,Failed,7.41,1.0,2023-03-22 13:40:00,2023-03-22 14:50:00,,2023-03-25 00:21:00,2023-03-25 01:31:00,70.0
J614,M01,Completed,5.71,0.0,2023-03-22 14:10:00,2023-03-22 15:27:00,,2023-03-25 01:31:00,2023-03-25 02:48:00,77.0
J616,M01,Failed,6.11,0.9666666666666667,2023-03-22 14:30:00,2023-03-22 15:15:00,,2023-03-25 02:48:00,2023-03-25 03:33:00,45.0
J617,M01,Completed,11.05,0.0,2023-03-22 14:40:00,2023-03-22 15:46:00,,2023-03-25 03:33:00,2023-03-25 04:39:00,66.0
J619,M01,Delayed,11.61,0.9733333333333334,2023-03-22 15:00:00,2023-03-22 16:54:00,,2023-03-25 04:39:00,2023-03-25 06:33:00,114.0
J620,M01,Completed,13.5,0.006666666666666667,2023-03-22 15:10:00,2023-03-22 17:02:00,,2023-03-25 06:33:00,2023-03-25 08:25:00,112.0
J625,M01,Delayed,11.67,1.0,2023-03-22 16:00:00,2023-03-22 17:10:00,,2023-03-25 08:25:00,2023-03-25 09:35:00,70.0
J627,M01,Completed,3.4,0.0,2023-03-22 16:20:00,2023-03-22 17:32:00,,2023-03-25 09:35:00,2023-03-25 10:47:00,72.0
J631,M01,Completed,2.63,0.02,2023-03-22 17:00:00,2023-03-22 18:45:00,,2023-03-25 10:47:00,2023-03-25 12:32:00,105.0
J632,M01,Completed,13.64,0.013333333333333334,2023-03-22 17:10:00,2023-03-22 18:01:00,,2023-03-25 12:32:00,2023-03-25 13:23:00,51.0
J640,M01,Completed,6.59,0.0,2023-03-22 18:30:00,2023-03-22 19:06:00,,2023-03-25 13:23:00,2023-03-25 13:59:00,36.0
J641,M01,Delayed,3.17,0.98,2023-03-22 18:40:00,2023-03-22 20:33:00,,2023-03-25 13:59:00,2023-03-25 15:52:00,113.0
J645,M01,Delayed,8.42,0.9933333333333333,2023-03-22 19:20:00,2023-03-22 20:10:00,,2023-03-25 15:52:00,2023-03-25 16:42:00,50.0
J648,M01,Completed,11.0,0.0,2023-03-22 19:50:00,2023-03-22 20:46:00,,2023-03-25 16:42:00,2023-03-25 17:38:00,56.0
J651,M01,Delayed,6.08,1.0,2023-03-22 20:20:00,2023-03-22 20:57:00,,2023-03-25 17:38:00,2023-03-25 18:15:00,37.0
J652,M01,Completed,3.47,0.0,2023-03-22 20:30:00,2023-03-22 20:55:00,,2023-03-25 18:15:00,2023-03-25 18:40:00,25.0
J660,M01,Delayed,3.14,0.98,2023-03-22 21:50:00,2023-03-22 23:50:00,,2023-03-25 18:40:00,2023-03-25 20:40:00,120.0
J666,M01,Completed,2.99,0.006666666666666667,2023-03-22 22:50:00,2023-03-23 00:01:00,,2023-03-25 20:40:00,2023-03-25 21:51:00,71.0
J667,M01,Completed,6.57,0.0,2023-03-22 23:00:00,2023-03-23 00:11:00,,2023-03-25 21:51:00,2023-03-25 23:02:00,71.0
J668,M01,Completed,11.77,0.0,2023-03-22 23:10:00,2023-03-22 23:39:00,,2023-03-25 23:02:00,2023-03-25 23:31:00,29.0
J670,M01,Completed,10.61,0.013333333333333334,2023-03-22 23:30:00,2023-03-23 00:54:00,,2023-03-25 23:31:00,2023-03-26 00:55:00,84.0
J676,M01,Delayed,12.39,0.9933333333333333,2023-03-23 00:30:00,2023-03-23 02:18:00,,2023-03-26 00:55:00,2023-03-26 02:43:00,108.0
J679,M01,Completed,10.69,0.006666666666666667,2023-03-23 01:00:00,2023-03-23 02:16:00,,2023-03-26 02:43:00,2023-03-26 03:59:00,76.0
J688,M01,Completed,7.47,0.0,2023-03-23 02:30:00,2023-03-23 03:32:00,,2023-03-26 03:59:00,2023-03-26 05:01:00,62.0
J692,M01,Completed,4.07,0.006666666666666667,2023-03-23 03:10:00,2023-03-23 04:33:00,,2023-03-26 05:01:00,2023-03-26 06:24:00,83.0
J694,M01,Completed,9.15,0.006666666666666667,2023-03-23 03:30:00,2023-03-23 03:53:00,,2023-03-26 06:24:00,2023-03-26 06:47:00,23.0
J695,M01,Delayed,8.73,1.0,2023-03-23 03:40:00,2023-03-23 05:00:00,,2023-03-26 06:47:00,2023-03-26 08:07:00,80.0
J696,M01,Delayed,8.34,0.98,2023-03-23 03:50:00,2023-03-23 05:44:00,,2023-03-26 08:07:00,2023-03-26 10:01:00,114.0
J700,M01,Completed,8.39,0.0,2023-03-23 04:30:00,2023-03-23 06:15:00,,2023-03-26 10:01:00,2023-03-26 11:46:00,105.0
J703,M01,Completed,7.52,0.0,2023-03-23 05:00:00,2023-03-23 05:41:00,,2023-03-26 11:46:00,2023-03-26 12:27:00,41.0
J720,M01,Completed,2.78,0.0,2023-03-23 07:50:00,2023-03-23 09:21:00,,2023-03-26 12:27:00,2023-03-26 13:58:00,91.0
J724,M01,Completed,9.08,0.006666666666666667,2023-03-23 08:30:00,2023-03-23 09:02:00,,2023-03-26 13:58:00,2023-03-26 14:30:00,32.0
J727,M01,Delayed,12.34,1.0,2023-03-23 09:00:00,2023-03-23 09:30:00,,2023-03-26 14:30:00,2023-03-26 15:00:00,30.0
J735,M01,Completed,6.6,0.013333333333333334,2023-03-23 10:20:00,2023-03-23 11:14:00,,2023-03-26 15:00:00,2023-03-26 15:54:00,54.0
J738,M01,Failed,14.94,0.98,2023-03-23 10:50:00,2023-03-23 12:04:00,,2023-03-26 15:54:00,2023-03-26 17:08:00,74.0
J740,M01,Completed,11.98,0.0,2023-03-23 11:10:00,2023-03-23 12:08:00,,2023-03-26 17:08:00,2023-03-26 18:06:00,58.0
J741,M01,Failed,12.99,1.0,2023-03-23 11:20:00,2023-03-23 11:58:00,,2023-03-26 18:06:00,2023-03-26 18:44:00,38.0
J742,M01,Completed,12.89,0.006666666666666667,2023-03-23 11:30:00,2023-03-23 12:45:00,,2023-03-26 18:44:00,2023-03-26 19:59:00,75.0
J753,M01,Failed,3.29,0.98,2023-03-23 13:20:00,2023-03-23 14:10:00,,2023-03-26 19:59:00,2023-03-26 20:49:00,50.0
J769,M01,Completed,4.32,0.0,2023-03-23 16:00:00,2023-03-23 16:59:00,,2023-03-26 20:49:00,2023-03-26 21:48:00,59.0
J774,M01,Completed,13.76,0.006666666666666667,2023-03-23 16:50:00,2023-03-23 17:59:00,,2023-03-26 21:48:00,2023-03-26 22:57:00,69.0
J779,M01,Completed,3.28,0.0,2023-03-23 17:40:00,2023-03-23 18:44:00,,2023-03-26 22:57:00,2023-03-27 00:01:00,64.0
J783,M01,Completed,12.23,0.0,2023-03-23 18:20:00,2023-03-23 19:33:00,,2023-03-27 00:01:00,2023-03-27 01:14:00,73.0
J795,M01,Delayed,3.07,1.0,2023-03-23 20:20:00,2023-03-23 22:09:00,,2023-03-27 01:14:00,2023-03-27 03:03:00,109.0
J796,M01,Failed,11.52,0.8933333333333333,2023-03-23 20:30:00,2023-03-23 22:29:00,,2023-03-27 03:03:00,2023-03-27 05:02:00,119.0
J800,M01,Delayed,10.24,1.0,2023-03-23 21:10:00,2023-03-23 23:06:00,,2023-03-27 05:02:00,2023-03-27 06:58:00,116.0
J802,M01,Completed,8.67,0.0,2023-03-23 21:30:00,2023-03-23 23:24:00,,2023-03-27 06:58:00,2023-03-27 08:52:00,114.0
J809,M01,Completed,5.43,0.0,2023-03-23 22:40:00,2023-03-24 00:13:00,,2023-03-27 08:52:00,2023-03-27 10:25:00,93.0
J811,M01,Completed,7.98,0.0,2023-03-23 23:00:00,2023-03-23 23:29:00,,2023-03-27 10:25:00,2023-03-27 10:54:00,29.0
J818,M01,Completed,11.59,0.0,2023-03-24 00:10:00,2023-03-24 01:11:00,,2023-03-27 10:54:00,2023-03-27 11:55:00,61.0
J822,M01,Completed,12.86,0.02,2023-03-24 00:50:00,2023-03-24 02:20:00,,2023-03-27 11:55:00,2023-03-27 13:25:00,90.0
J823,M01,Completed,8.95,0.0,2023-03-24 01:00:00,2023-03-24 02:34:00,,2023-03-27 13:25:00,2023-03-27 14:59:00,94.0
J827,M01,Completed,12.67,0.013333333333333334,2023-03-24 01:40:00,2023-03-24 03:19:00,,2023-03-27 14:59:00,2023-03-27 16:38:00,99.0
J832,M01,Completed,12.13,0.0,2023-03-24 02:30:00,2023-03-24 04:10:00,,2023-03-27 16:38:00,2023-03-27 18:18:00,100.0
J835,M01,Completed,13.14,0.0,2023-03-24 03:00:00,2023-03-24 04:00:00,,2023-03-27 18:18:00,2023-03-27 19:18:00,60.0
J842,M01,Delayed,13.86,1.0,2023-03-24 04:10:00,2023-03-24 05:38:00,,2023-03-27 19:18:00,2023-03-27 20:46:00,88.0
J846,M01,Completed,8.59,0.0,2023-03-24 04:50:00,2023-03-24 06:21:00,,2023-03-27 20:46:00,2023-03-27 22:17:00,91.0
J862,M01,Delayed,2.5,0.9933333333333333,2023-03-24 07:30:00,2023-03-24 08:26:00,,2023-03-27 22:17:00,2023-03-27 23:13:00,56.0
J866,M01,Completed,2.47,0.006666666666666667,2023-03-24 08:10:00,2023-03-24 08:43:00,,2023-03-27 23:13:00,2023-03-27 23:46:00,33.0
J870,M01,Completed,12.19,0.0,2023-03-24 08:50:00,2023-03-24 10:09:00,,2023-03-27 23:46:00,2023-03-28 01:05:00,79.0
J890,M01,Completed,13.66,0.0,2023-03-24 12:10:00,2023-03-24 12:40:00,,2023-03-28 01:05:00,2023-03-28 01:35:00,30.0
J894,M01,Completed,12.26,0.0,2023-03-24 12:50:00,2023-03-24 13:58:00,,2023-03-28 01:35:00,2023-03-28 02:43:00,68.0
J906,M01,Delayed,3.92,1.0,2023-03-24 14:50:00,2023-03-24 15:50:00,,2023-03-28 02:43:00,2023-03-28 03:43:00,60.0
J916,M01,Completed,8.94,0.006666666666666667,2023-03-24 16:30:00,2023-03-24 17:01:00,,2023-03-28 03:43:00,2023-03-28 04:14:00,31.0
J921,M01,Completed,7.46,0.0,2023-03-24 17:20:00,2023-03-24 18:50:00,,2023-03-28 04:14:00,2023-03-28 05:44:00,90.0
J927,M01,Completed,6.27,0.0,2023-03-24 18:20:00,2023-03-24 19:20:00,,2023-03-28 05:44:00,2023-03-28 06:44:00,60.0
J929,M01,Failed,7.99,0.9666666666666667,2023-03-24 18:40:00,2023-03-24 20:15:00,,2023-03-28 06:44:00,2023-03-28 08:19:00,95.0
J932,M01,Failed,8.53,0.9933333333333333,2023-03-24 19:10:00,2023-03-24 19:51:00,,2023-03-28 08:19:00,2023-03-28 09:00:00,41.0
J940,M01,Completed,5.9,0.0,2023-03-24 20:30:00,2023-03-24 21:57:00,,2023-03-28 09:00:00,2023-03-28 10:27:00,87.0
J946,M01,Completed,2.43,0.0,2023-03-24 21:30:00,2023-03-24 22:15:00,,2023-03-28 10:27:00,2023-03-28 11:12:00,45.0
J954,M01,Completed,3.74,0.0,2023-03-24 22:50:00,2023-03-24 23:29:00,,2023-03-28 11:12:00,2023-03-28 11:51:00,39.0
J956,M01,Completed,7.12,0.0,2023-03-24 23:10:00,2023-03-25 00:01:00,,2023-03-28 11:51:00,2023-03-28 12:42:00,51.0
J962,M01,Completed,10.74,0.0,2023-03-25 00:10:00,2023-03-25 01:17:00,,2023-03-28 12:42:00,2023-03-28 13:49:00,67.0
J977,M01,Failed,7.0,0.9866666666666667,2023-03-25 02:40:00,2023-03-25 03:58:00,,2023-03-28 13:49:00,2023-03-28 15:07:00,78.0
J982,M01,Completed,13.25,0.013333333333333334,2023-03-25 03:30:00,2023-03-25 03:57:00,,2023-03-28 15:07:00,2023-03-28 15:34:00,27.0
J992,M01,Completed,6.7,0.0,2023-03-25 05:10:00,2023-03-25 06:33:00,,2023-03-28 15:34:00,2023-03-28 16:57:00,83.0
J006,M02,Completed,13.83,0.006666666666666667,2023-03-18 08:50:00,2023-03-18 10:30:00,,2023-03-18 08:50:00,2023-03-18 10:30:00,100.0
J009,M02,Completed,8.97,0.0,2023-03-18 09:20:00,2023-03-18 10:02:00,,2023-03-18 10:30:00,2023-03-18 11:12:00,42.0
J019,M02,Completed,3.27,0.013333333333333334,2023-03-18 11:00:00,2023-03-18 11:52:00,,2023-03-18 11:12:00,2023-03-18 12:04:00,52.0
J021,M02,Completed,13.73,0.0,2023-03-18 11:20:00,2023-03-18 13:07:00,,2023-03-18 12:04:00,2023-03-18 13:51:00,107.0
J024,M02,Delayed,8.81,0.9733333333333334,2023-03-18 11:50:00,2023-03-18 13:14:00,,2023-03-18 13:51:00,2023-03-18 15:15:00,84.0
J029,M02,Completed,5.39,0.02,2023-03-18 12:40:00,2023-03-18 14:36:00,,2023-03-18 15:15:00,2023-03-18 17:11:00,116.0
J035,M02,Completed,12.12,0.013333333333333334,2023-03-18 13:40:00,2023-03-18 14:27:00,,2023-03-18 17:11:00,2023-03-18 17:58:00,47.0
J039,M02,Failed,10.65,0.9933333333333333,2023-03-18 14:20:00,2023-03-18 15:08:00,,2023-03-18 17:58:00,2023-03-18 18:46:00,48.0
J044,M02,Completed,5.67,0.013333333333333334,2023-03-18 15:10:00,2023-03-18 16:59:00,,2023-03-18 18:46:00,2023-03-18 20:35:00,109.0
J045,M02,Completed,3.03,0.0,2023-03-18 15:20:00,2023-03-18 16:38:00,,2023-03-18 20:35:00,2023-03-18 21:53:00,78.0
J047,M02,Completed,10.09,0.0,2023-03-18 15:40:00,2023-03-18 16:05:00,,2023-03-18 21:53:00,2023-03-18 22:18:00,25.0
J048,M02,Completed,4.12,0.006666666666666667,2023-03-18 15:50:00,2023-03-18 17:05:00,,2023-03-18 22:18:00,2023-03-18 23:33:00,75.0
J049,M02,Completed,7.55,0.006666666666666667,2023-03-18 16:00:00,2023-03-18 16:33:00,,2023-03-18 23:33:00,2023-03-19 00:06:00,33.0
J053,M02,Completed,4.77,0.0,2023-03-18 16:40:00,2023-03-18 18:17:00,,2023-03-19 00:06:00,2023-03-19 01:43:00,97.0
J057,M02,Completed,6.53,0.013333333333333334,2023-03-18 17:20:00,2023-03-18 17:51:00,,2023-03-19 01:43:00,2023-03-19 02:14:00,31.0
J061,M02,Failed,6.98,0.98,2023-03-18 18:00:00,2023-03-18 19:50:00,,2023-03-19 02:14:00,2023-03-19 04:04:00,110.0
J062,M02,Delayed,9.93,1.0,2023-03-18 18:10:00,2023-03-18 19:48:00,,2023-03-19 04:04:00,2023-03-19 05:42:00,98.0
J063,M02,Failed,8.4,0.9933333333333333,2023-03-18 18:20:00,2023-03-18 19:07:00,,2023-03-19 05:42:00,2023-03-19 06:29:00,47.0
J064,M02,Completed,7.42,0.0,2023-03-18 18:30:00,2023-03-18 19:41:00,,2023-03-19 06:29:00,2023-03-19 07:40:00,71.0
J067,M02,Delayed,3.79,1.0,2023-03-18 19:00:00,2023-03-18 19:23:00,,2023-03-19 07:40:00,2023-03-19 08:03:00,23.0
J068,M02,Completed,9.64,0.013333333333333334,2023-03-18 19:10:00,2023-03-18 21:06:00,,2023-03-19 08:03:00,2023-03-19 09:59:00,116.0
J078,M02,Delayed,2.2,0.9933333333333333,2023-03-18 20:50:00,2023-03-18 22:37:00,,2023-03-19 09:59:00,2023-03-19 11:46:00,107.0
J081,M02,Completed,11.72,0.0,2023-03-18 21:20:00,2023-03-18 22:29:00,,2023-03-19 11:46:00,2023-03-19 12:55:00,69.0
J085,M02,Completed,3.35,0.0,2023-03-18 22:00:00,2023-03-18 22:44:00,,2023-03-19 12:55:00,2023-03-19 13:39:00,44.0
J090,M02,Delayed,12.34,1.0,2023-03-18 22:50:00,2023-03-18 23:17:00,,2023-03-19 13:39:00,2023-03-19 14:06:00,27.0
J091,M02,Completed,14.6,0.013333333333333334,2023-03-18 23:00:00,2023-03-19 00:00:00,,2023-03-19 14:06:00,2023-03-19 15:06:00,60.0
J100,M02,Completed,12.24,0.006666666666666667,2023-03-19 00:30:00,2023-03-19 00:57:00,,2023-03-19 15:06:00,2023-03-19 15:33:00,27.0
J112,M02,Completed,7.12,0.0,2023-03-19 02:30:00,2023-03-19 03:44:00,,2023-03-19 15:33:00,2023-03-19 16:47:00,74.0
J117,M02,Completed,5.41,0.0,2023-03-19 03:20:00,2023-03-19 04:27:00,,2023-03-19 16:47:00,2023-03-19 17:54:00,67.0
J118,M02,Failed,12.12,0.9533333333333334,2023-03-19 03:30:00,2023-03-19 04:38:00,,2023-03-19 17:54:00,2023-03-19 19:02:00,68.0
J122,M02,Completed,7.75,0.0,2023-03-19 04:10:00,2023-03-19 05:52:00,,2023-03-19 19:02:00,2023-03-19 20:44:00,102.0
J125,M02,Completed,3.58,0.0,2023-03-19 04:40:00,2023-03-19 05:56:00,,2023-03-19 20:44:00,2023-03-19 22:00:00,76.0
J130,M02,Completed,2.49,0.05333333333333334,2023-03-19 05:30:00,2023-03-19 06:48:00,,2023-03-19 22:00:00,2023-03-19 23:18:00,78.0
J151,M02,Failed,13.63,0.9533333333333334,2023-03-19 09:00:00,2023-03-19 09:20:00,,2023-03-19 23:18:00,2023-03-19 23:38:00,20.0
J154,M02,Completed,7.67,0.006666666666666667,2023-03-19 09:30:00,2023-03-19 11:21:00,,2023-03-19 23:38:00,2023-03-20 01:29:00,111.0
J159,M02,Completed,3.01,0.0,2023-03-19 10:20:00,2023-03-19 11:06:00,,2023-03-20 01:29:00,2023-03-20 02:15:00,46.0
J172,M02,Failed,11.61,0.98,2023-03-19 12:30:00,2023-03-19 13:51:00,,2023-03-20 02:15:00,2023-03-20 03:36:00,81.0
J173,M02,Completed,12.14,0.0,2023-03-19 12:40:00,2023-03-19 13:44:00,,2023-03-20 03:36:00,2023-03-20 04:40:00,64.0
J177,M02,Completed,9.08,0.0,2023-03-19 13:20:00,2023-03-19 14:57:00,,2023-03-20 04:40:00,2023-03-20 06:17:00,97.0
J180,M02,Completed,3.76,0.0,2023-03-19 13:50:00,2023-03-19 14:59:00,,2023-03-20 06:17:00,2023-03-20 07:26:00,69.0
J181,M02,Completed,6.4,0.0,2023-03-19 14:00:00,2023-03-19 15:35:00,,2023-03-20 07:26:00,2023-03-20 09:01:00,95.0
J188,M02,Completed,9.18,0.006666666666666667,2023-03-19 15:10:00,2023-03-19 16:40:00,,2023-03-20 09:01:00,2023-03-20 10:31:00,90.0
J195,M02,Completed,7.32,0.013333333333333334,2023-03-19 16:20:00,2023-03-19 17:48:00,,2023-03-20 10:31:00,2023-03-20 11:59:00,88.0
J196,M02,Completed,8.84,0.0,2023-03-19 16:30:00,2023-03-19 17:26:00,,2023-03-20 11:59:00,2023-03-20 12:55:00,56.0
J200,M02,Completed,7.96,0.006666666666666667,2023-03-19 17:10:00,2023-03-19 18:34:00,,2023-03-20 12:55:00,2023-03-20 14:19:00,84.0
J202,M02,Failed,10.12,0.9266666666666666,2023-03-19 17:30:00,2023-03-19 18:52:00,,2023-03-20 14:19:00,2023-03-20 15:41:00,82.0
J204,M02,Completed,5.93,0.006666666666666667,2023-03-19 17:50:00,2023-03-19 19:43:00,,2023-03-20 15:41:00,2023-03-20 17:34:00,113.0
J215,M02,Completed,6.1,0.0,2023-03-19 19:40:00,2023-03-19 20:23:00,,2023-03-20 17:34:00,2023-03-20 18:17:00,43.0
J217,M02,Completed,4.75,0.0,2023-03-19 20:00:00,2023-03-19 21:49:00,,2023-03-20 18:17:00,2023-03-20 20:06:00,109.0
J221,M02,Delayed,10.49,1.0,2023-03-19 20:40:00,2023-03-19 22:15:00,,2023-03-20 20:06:00,2023-03-20 21:41:00,95.0
J228,M02,Completed,8.47,0.006666666666666667,2023-03-19 21:50:00,2023-03-19 23:07:00,,2023-03-20 21:41:00,2023-03-20 22:58:00,77.0
J231,M02,Failed,14.64,0.9733333333333334,2023-03-19 22:20:00,2023-03-19 22:56:00,,2023-03-20 22:58:00,2023-03-20 23:34:00,36.0
J236,M02,Completed,7.84,0.0,2023-03-19 23:10:00,2023-03-19 23:36:00,,2023-03-20 23:34:00,2023-03-21 00:00:00,26.0
J240,M02,Failed,9.51,0.96,2023-03-19 23:50:00,2023-03-20 00:12:00,,2023-03-21 00:00:00,2023-03-21 00:22:00,22.0
J243,M02,Completed,4.43,0.0,2023-03-20 00:20:00,2023-03-20 01:16:00,,2023-03-21 00:22:00,2023-03-21 01:18:00,56.0
J245,M02,Completed,2.84,0.006666666666666667,2023-03-20 00:40:00,2023-03-20 01:05:00,,2023-03-21 01:18:00,2023-03-21 01:43:00,25.0
J247,M02,Completed,12.46,0.0,2023-03-20 01:00:00,2023-03-20 02:24:00,,2023-03-21 01:43:00,2023-03-21 03:07:00,84.0
J250,M02,Completed,6.4,0.0,2023-03-20 01:30:00,2023-03-20 02:49:00,,2023-03-21 03:07:00,2023-03-21 04:26:00,79.0
J257,M02,Completed,5.09,0.02666666666666667,2023-03-20 02:40:00,2023-03-20 04:40:00,,2023-03-21 04:26:00,2023-03-21 06:26:00,120.0
J267,M02,Completed,8.25,0.0,2023-03-20 04:20:00,2023-03-20 06:01:00,,2023-03-21 06:26:00,2023-03-21 08:07:00,101.0
J276,M02,Failed,4.23,1.0,2023-03-20 05:50:00,2023-03-20 07:08:00,,2023-03-21 08:07:00,2023-03-21 09:25:00,78.0
J284,M02,Delayed,13.8,1.0,2023-03-20 07:10:00,2023-03-20 08:21:00,,2023-03-21 09:25:00,2023-03-21 10:36:00,71.0
J287,M02,Completed,5.56,0.0,2023-03-20 07:40:00,2023-03-20 09:15:00,,2023-03-21 10:36:00,2023-03-21 12:11:00,95.0
J288,M02,Completed,6.56,0.0,2023-03-20 07:50:00,2023-03-20 08:26:00,,2023-03-21 12:11:00,2023-03-21 12:47:00,36.0
J289,M02,Completed,5.47,0.006666666666666667,2023-03-20 08:00:00,2023-03-20 09:37:00,,2023-03-21 12:47:00,2023-03-21 14:24:00,97.0
J295,M02,Completed,10.97,0.0,2023-03-20 09:00:00,2023-03-20 09:39:00,,2023-03-21 14:24:00,2023-03-21 15:03:00,39.0
J301,M02,Completed,5.09,0.006666666666666667,2023-03-20 10:00:00,2023-03-20 11:27:00,,2023-03-21 15:03:00,2023-03-21 16:30:00,87.0
J307,M02,Delayed,6.97,0.9933333333333333,2023-03-20 11:00:00,2023-03-20 12:29:00,,2023-03-21 16:30:00,2023-03-21 17:59:00,89.0
J311,M02,Failed,13.06,0.98,2023-03-20 11:40:00,2023-03-20 13:05:00,,2023-03-21 17:59:00,2023-03-21 19:24:00,85.0
J316,M02,Completed,14.25,0.0,2023-03-20 12:30:00,2023-03-20 14:15:00,,2023-03-21 19:24:00,2023-03-21 21:09:00,105.0
J318,M02,Completed,10.22,0.0,2023-03-20 12:50:00,2023-03-20 14:17:00,,2023-03-21 21:09:00,2023-03-21 22:36:00,87.0
J333,M02,Delayed,11.45,1.0,2023-03-20 15:20:00,2023-03-20 16:21:00,,2023-03-21 22:36:00,2023-03-21 23:37:00,61.0
J337,M02,Delayed,13.17,0.9933333333333333,2023-03-20 16:00:00,2023-03-20 17:18:00,,2023-03-21 23:37:00,2023-03-22 00:55:00,78.0
J343,M02,Completed,10.38,0.0,2023-03-20 17:00:00,2023-03-20 18:40:00,,2023-03-22 00:55:00,2023-03-22 02:35:00,100.0
J348,M02,Completed,8.79,0.02666666666666667,2023-03-20 17:50:00,2023-03-20 19:22:00,,2023-03-22 02:35:00,2023-03-22 04:07:00,92.0
J353,M02,Completed,5.98,0.0,2023-03-20 18:40:00,2023-03-20 19:16:00,,2023-03-22 04:07:00,2023-03-22 04:43:00,36.0
J362,M02,Completed,12.64,0.013333333333333334,2023-03-20 20:10:00,2023-03-20 21:00:00,,2023-03-22 04:43:00,2023-03-22 05:33:00,50.0
J374,M02,Completed,7.49,0.0,2023-03-20 22:10:00,2023-03-20 22:58:00,,2023-03-22 05:33:00,2023-03-22 06:21:00,48.0
J377,M02,Completed,6.11,0.006666666666666667,2023-03-20 22:40:00,2023-03-20 23:41:00,,2023-03-22 06:21:00,2023-03-22 07:22:00,61.0
J380,M02,Completed,4.7,0.0,2023-03-20 23:10:00,2023-03-20 23:56:00,,2023-03-22 07:22:00,2023-03-22 08:08:00,46.0
J385,M02,Completed,3.65,0.0,2023-03-21 00:00:00,2023-03-21 00:59:00,,2023-03-22 08:08:00,2023-03-22 09:07:00,59.0
J394,M02,Completed,10.7,0.0,2023-03-21 01:30:00,2023-03-21 02:44:00,,2023-03-22 09:07:00,2023-03-22 10:21:00,74.0
J396,M02,Completed,6.88,0.006666666666666667,2023-03-21 01:50:00,2023-03-21 02:57:00,,2023-03-22 10:21:00,2023-03-22 11:28:00,67.0
J400,M02,Delayed,2.23,0.9933333333333333,2023-03-21 02:30:00,2023-03-21 02:54:00,,2023-03-22 11:28:00,2023-03-22 11:52:00,24.0
J406,M02,Completed,3.5,0.0,2023-03-21 03:30:00,2023-03-21 04:57:00,,2023-03-22 11:52:00,2023-03-22 13:19:00,87.0
J407,M02,Delayed,11.91,0.9933333333333333,2023-03-21 03:40:00,2023-03-21 05:40:00,,2023-03-22 13:19:00,2023-03-22 15:19:00,120.0
J415,M02,Delayed,7.35,1.0,2023-03-21 05:00:00,2023-03-21 05:33:00,,2023-03-22 15:19:00,2023-03-22 15:52:00,33.0
J420,M02,Completed,12.24,0.0,2023-03-21 05:50:00,2023-03-21 07:45:00,,2023-03-22 15:52:00,2023-03-22 17:47:00,115.0
J421,M02,Completed,9.69,0.0,2023-03-21 06:00:00,2023-03-21 07:36:00,,2023-03-22 17:47:00,2023-03-22 19:23:00,96.0
J425,M02,Delayed,10.48,1.0,2023-03-21 06:40:00,2023-03-21 08:30:00,,2023-03-22 19:23:00,2023-03-22 21:13:00,110.0
J435,M02,Completed,4.84,0.0,2023-03-21 08:20:00,2023-03-21 09:11:00,,2023-03-22 21:13:00,2023-03-22 22:04:00,51.0
J439,M02,Delayed,7.11,0.9933333333333333,2023-03-21 09:00:00,2023-03-21 10:55:00,,2023-03-22 22:04:00,2023-03-22 23:59:00,115.0
J452,M02,Completed,7.81,0.006666666666666667,2023-03-21 11:10:00,2023-03-21 13:00:00,,2023-03-22 23:59:00,2023-03-23 01:49:00,110.0
J457,M02,Delayed,14.23,0.9933333333333333,2023-03-21 12:00:00,2023-03-21 13:41:00,,2023-03-23 01:49:00,2023-03-23 03:30:00,101.0
J459,M02,Completed,10.61,0.0,2023-03-21 12:20:00,2023-03-21 13:53:00,,2023-03-23 03:30:00,2023-03-23 05:03:00,93.0
J461,M02,Completed,9.95,0.006666666666666667,2023-03-21 12:40:00,2023-03-21 13:30:00,,2023-03-23 05:03:00,2023-03-23 05:53:00,50.0
J463,M02,Completed,13.03,0.006666666666666667,2023-03-21 13:00:00,2023-03-21 13:28:00,,2023-03-23 05:53:00,2023-03-23 06:21:00,28.0
J464,M02,Completed,2.84,0.006666666666666667,2023-03-21 13:10:00,2023-03-21 14:42:00,,2023-03-23 06:21:00,2023-03-23 07:53:00,92.0
J472,M02,Completed,7.54,0.0,2023-03-21 14:30:00,2023-03-21 15:49:00,,2023-03-23 07:53:00,2023-03-23 09:12:00,79.0
J476,M02,Completed,4.14,0.0,2023-03-21 15:10:00,2023-03-21 16:33:00,,2023-03-23 09:12:00,2023-03-23 10:35:00,83.0
J479,M02,Completed,3.68,0.0,2023-03-21 15:40:00,2023-03-21 16:46:00,,2023-03-23 10:35:00,2023-03-23 11:41:00,66.0
J482,M02,Completed,5.99,0.0,2023-03-21 16:10:00,2023-03-21 17:23:00,,2023-03-23 11:41:00,2023-03-23 12:54:00,73.0
J493,M02,Completed,9.82,0.013333333333333334,2023-03-21 18:00:00,2023-03-21 19:40:00,,2023-03-23 12:54:00,2023-03-23 14:34:00,100.0
J501,M02,Completed,6.1,0.0,2023-03-21 19:20:00,2023-03-21 20:08:00,,2023-03-23 14:34:00,2023-03-23 15:22:00,48.0
J505,M02,Completed,13.58,0.0,2023-03-21 20:00:00,2023-03-21 21:14:00,,2023-03-23 15:22:00,2023-03-23 16:36:00,74.0
J511,M02,Completed,9.07,0.006666666666666667,2023-03-21 21:00:00,2023-03-21 22:14:00,,2023-03-23 16:36:00,2023-03-23 17:50:00,74.0
J519,M02,Completed,14.32,0.0,2023-03-21 22:20:00,2023-03-21 23:56:00,,2023-03-23 17:50:00,2023-03-23 19:26:00,96.0
J523,M02,Completed,6.94,0.0,2023-03-21 23:00:00,2023-03-21 23:52:00,,2023-03-23 19:26:00,2023-03-23 20:18:00,52.0
J526,M02,Completed,9.64,0.0,2023-03-21 23:30:00,2023-03-22 00:46:00,,2023-03-23 20:18:00,2023-03-23 21:34:00,76.0
J534,M02,Completed,3.66,0.013333333333333334,2023-03-22 00:50:00,2023-03-22 01:51:00,,2023-03-23 21:34:00,2023-03-23 22:35:00,61.0
J535,M02,Completed,6.96,0.02,2023-03-22 01:00:00,2023-03-22 01:45:00,,2023-03-23 22:35:00,2023-03-23 23:20:00,45.0
J537,M02,Completed,13.96,0.006666666666666667,2023-03-22 01:20:00,2023-03-22 02:08:00,,2023-03-23 23:20:00,2023-03-24 00:08:00,48.0
J544,M02,Completed,5.76,0.02666666666666667,2023-03-22 02:30:00,2023-03-22 03:59:00,,2023-03-24 00:08:00,2023-03-24 01:37:00,89.0
J550,M02,Completed,6.28,0.006666666666666667,2023-03-22 03:30:00,2023-03-22 04:01:00,,2023-03-24 01:37:00,2023-03-24 02:08:00,31.0
J555,M02,Delayed,12.3,0.98,2023-03-22 04:20:00,2023-03-22 04:57:00,,2023-03-24 02:08:00,2023-03-24 02:45:00,37.0
J559,M02,Completed,9.67,0.02,2023-03-22 05:00:00,2023-03-22 06:54:00,,2023-03-24 02:45:00,2023-03-24 04:39:00,114.0
J564,M02,Completed,12.39,0.013333333333333334,2023-03-22 05:50:00,2023-03-22 07:42:00,,2023-03-24 04:39:00,2023-03-24 06:31:00,112.0
J566,M02,Completed,6.09,0.0,2023-03-22 06:10:00,2023-03-22 07:58:00,,2023-03-24 06:31:00,2023-03-24 08:19:00,108.0
J569,M02,Completed,10.42,0.0,2023-03-22 06:40:00,2023-03-22 07:32:00,,2023-03-24 08:19:00,2023-03-24 09:11:00,52.0
J574,M02,Completed,5.63,0.0,2023-03-22 07:30:00,2023-03-22 07:53:00,,2023-03-24 09:11:00,2023-03-24 09:34:00,23.0
J583,M02,Completed,13.47,0.0,2023-03-22 09:00:00,2023-03-22 09:56:00,,2023-03-24 09:34:00,2023-03-24 10:30:00,56.0
J596,M02,Completed,3.03,0.0,2023-03-22 11:10:00,2023-03-22 11:31:00,,2023-03-24 10:30:00,2023-03-24 10:51:00,21.0
J604,M02,Delayed,4.99,1.0,2023-03-22 12:30:00,2023-03-22 14:14:00,,2023-03-24 10:51:00,2023-03-24 12:35:00,104.0
J615,M02,Delayed,12.27,1.0,2023-03-22 14:20:00,2023-03-22 15:13:00,,2023-03-24 12:35:00,2023-03-24 13:28:00,53.0
J618,M02,Completed,13.39,0.0,2023-03-22 14:50:00,2023-03-22 16:24:00,,2023-03-24 13:28:00,2023-03-24 15:02:00,94.0
J628,M02,Completed,6.85,0.0,2023-03-22 16:30:00,2023-03-22 18:29:00,,2023-03-24 15:02:00,2023-03-24 17:01:00,119.0
J644,M02,Completed,14.09,0.0,2023-03-22 19:10:00,2023-03-22 20:37:00,,2023-03-24 17:01:00,2023-03-24 18:28:00,87.0
J646,M02,Failed,4.63,0.9,2023-03-22 19:30:00,2023-03-22 21:28:00,,2023-03-24 18:28:00,2023-03-24 20:26:00,118.0
J654,M02,Delayed,3.42,1.0,2023-03-22 20:50:00,2023-03-22 21:49:00,,2023-03-24 20:26:00,2023-03-24 21:25:00,59.0
J656,M02,Completed,8.99,0.0,2023-03-22 21:10:00,2023-03-22 21:33:00,,2023-03-24 21:25:00,2023-03-24 21:48:00,23.0
J658,M02,Delayed,2.94,1.0,2023-03-22 21:30:00,2023-03-22 22:30:00,,2023-03-24 21:48:00,2023-03-24 22:48:00,60.0
J665,M02,Completed,7.92,0.0,2023-03-22 22:40:00,2023-03-22 23:25:00,,2023-03-24 22:48:00,2023-03-24 23:33:00,45.0
J671,M02,Completed,8.84,0.0,2023-03-22 23:40:00,2023-03-23 01:36:00,,2023-03-24 23:33:00,2023-03-25 01:29:00,116.0
J672,M02,Delayed,7.5,1.0,2023-03-22 23:50:00,2023-03-23 00:20:00,,2023-03-25 01:29:00,2023-03-25 01:59:00,30.0
J673,M02,Delayed,9.49,1.0,2023-03-23 00:00:00,2023-03-23 01:42:00,,2023-03-25 01:59:00,2023-03-25 03:41:00,102.0
J677,M02,Delayed,10.3,0.9933333333333333,2023-03-23 00:40:00,2023-03-23 02:31:00,,2023-03-25 03:41:00,2023-03-25 05:32:00,111.0
J680,M02,Completed,11.09,0.0,2023-03-23 01:10:00,2023-03-23 01:34:00,,2023-03-25 05:32:00,2023-03-25 05:56:00,24.0
J687,M02,Failed,11.24,0.98,2023-03-23 02:20:00,2023-03-23 03:38:00,,2023-03-25 05:56:00,2023-03-25 07:14:00,78.0
J701,M02,Failed,6.02,0.94,2023-03-23 04:40:00,2023-03-23 06:34:00,,2023-03-25 07:14:00,2023-03-25 09:08:00,114.0
J710,M02,Completed,12.33,0.0,2023-03-23 06:10:00,2023-03-23 07:27:00,,2023-03-25 09:08:00,2023-03-25 10:25:00,77.0
J717,M02,Failed,4.28,0.96,2023-03-23 07:20:00,2023-03-23 08:56:00,,2023-03-25 10:25:00,2023-03-25 12:01:00,96.0
J721,M02,Delayed,7.93,1.0,2023-03-23 08:00:00,2023-03-23 09:06:00,,2023-03-25 12:01:00,2023-03-25 13:07:00,66.0
J730,M02,Completed,2.06,0.006666666666666667,2023-03-23 09:30:00,2023-03-23 11:29:00,,2023-03-25 13:07:00,2023-03-25 15:06:00,119.0
J731,M02,Completed,13.99,0.0,2023-03-23 09:40:00,2023-03-23 11:35:00,,2023-03-25 15:06:00,2023-03-25 17:01:00,115.0
J733,M02,Completed,6.14,0.02,2023-03-23 10:00:00,2023-03-23 11:22:00,,2023-03-25 17:01:00,2023-03-25 18:23:00,82.0
J734,M02,Delayed,8.52,1.0,2023-03-23 10:10:00,2023-03-23 11:21:00,,2023-03-25 18:23:00,2023-03-25 19:34:00,71.0
J744,M02,Completed,7.96,0.0,2023-03-23 11:50:00,2023-03-23 13:28:00,,2023-03-25 19:34:00,2023-03-25 21:12:00,98.0
J748,M02,Delayed,6.97,1.0,2023-03-23 12:30:00,2023-03-23 14:04:00,,2023-03-25 21:12:00,2023-03-25 22:46:00,94.0
J749,M02,Delayed,12.09,0.9866666666666667,2023-03-23 12:40:00,2023-03-23 13:49:00,,2023-03-25 22:46:00,2023-03-25 23:55:00,69.0
J754,M02,Completed,8.53,0.006666666666666667,2023-03-23 13:30:00,2023-03-23 15:27:00,,2023-03-25 23:55:00,2023-03-26 01:52:00,117.0
J760,M02,Completed,6.33,0.0,2023-03-23 14:30:00,2023-03-23 14:56:00,,2023-03-26 01:52:00,2023-03-26 02:18:00,26.0
J777,M02,Delayed,12.18,1.0,2023-03-23 17:20:00,2023-03-23 18:04:00,,2023-03-26 02:18:00,2023-03-26 03:02:00,44.0
J782,M02,Completed,7.26,0.0,2023-03-23 18:10:00,2023-03-23 18:52:00,,2023-03-26 03:02:00,2023-03-26 03:44:00,42.0
J784,M02,Completed,7.16,0.013333333333333334,2023-03-23 18:30:00,2023-03-23 20:28:00,,2023-03-26 03:44:00,2023-03-26 05:42:00,118.0
J787,M02,Completed,11.17,0.0,2023-03-23 19:00:00,2023-03-23 20:32:00,,2023-03-26 05:42:00,2023-03-26 07:14:00,92.0
J789,M02,Failed,13.34,0.9733333333333334,2023-03-23 19:20:00,2023-03-23 19:45:00,,2023-03-26 07:14:00,2023-03-26 07:39:00,25.0
J797,M02,Delayed,2.67,1.0,2023-03-23 20:40:00,2023-03-23 22:19:00,,2023-03-26 07:39:00,2023-03-26 09:18:00,99.0
J803,M02,Failed,9.3,0.9866666666666667,2023-03-23 21:40:00,2023-03-23 23:24:00,,2023-03-26 09:18:00,2023-03-26 11:02:00,104.0
J806,M02,Completed,2.38,0.006666666666666667,2023-03-23 22:10:00,2023-03-24 00:00:00,,2023-03-26 11:02:00,2023-03-26 12:52:00,110.0
J814,M02,Completed,14.05,0.0,2023-03-23 23:30:00,2023-03-24 01:14:00,,2023-03-26 12:52:00,2023-03-26 14:36:00,104.0
J817,M02,Completed,3.12,0.0,2023-03-24 00:00:00,2023-03-24 01:06:00,,2023-03-26 14:36:00,2023-03-26 15:42:00,66.0
J825,M02,Failed,14.0,0.9933333333333333,2023-03-24 01:20:00,2023-03-24 01:53:00,,2023-03-26 15:42:00,2023-03-26 16:15:00,33.0
J833,M02,Completed,6.12,0.0,2023-03-24 02:40:00,2023-03-24 04:09:00,,2023-03-26 16:15:00,2023-03-26 17:44:00,89.0
J838,M02,Completed,4.48,0.006666666666666667,2023-03-24 03:30:00,2023-03-24 05:12:00,,2023-03-26 17:44:00,2023-03-26 19:26:00,102.0
J840,M02,Completed,14.0,0.013333333333333334,2023-03-24 03:50:00,2023-03-24 05:48:00,,2023-03-26 19:26:00,2023-03-26 21:24:00,118.0
J848,M02,Completed,6.85,0.006666666666666667,2023-03-24 05:10:00,2023-03-24 06:36:00,,2023-03-26 21:24:00,2023-03-26 22:50:00,86.0
J851,M02,Failed,13.94,0.9,2023-03-24 05:40:00,2023-03-24 06:10:00,,2023-03-26 22:50:00,2023-03-26 23:20:00,30.0
J852,M02,Delayed,14.78,0.9933333333333333,2023-03-24 05:50:00,2023-03-24 06:58:00,,2023-03-26 23:20:00,2023-03-27 00:28:00,68.0
J864,M02,Completed,10.56,0.0,2023-03-24 07:50:00,2023-03-24 09:09:00,,2023-03-27 00:28:00,2023-03-27 01:47:00,79.0
J867,M02,Delayed,3.42,0.9866666666666667,2023-03-24 08:20:00,2023-03-24 09:41:00,,2023-03-27 01:47:00,2023-03-27 03:08:00,81.0
J873,M02,Completed,8.73,0.0,2023-03-24 09:20:00,2023-03-24 11:09:00,,2023-03-27 03:08:00,2023-03-27 04:57:00,109.0
J876,M02,Delayed,2.6,1.0,2023-03-24 09:50:00,2023-03-24 10:45:00,,2023-03-27 04:57:00,2023-03-27 05:52:00,55.0
J880,M02,Failed,2.12,0.9733333333333334,2023-03-24 10:30:00,2023-03-24 11:34:00,,2023-03-27 05:52:00,2023-03-27 06:56:00,64.0
J883,M02,Completed,3.75,0.0,2023-03-24 11:00:00,2023-03-24 11:43:00,,2023-03-27 06:56:00,2023-03-27 07:39:00,43.0
J884,M02,Completed,13.96,0.0,2023-03-24 11:10:00,2023-03-24 11:42:00,,2023-03-27 07:39:00,2023-03-27 08:11:00,32.0
J888,M02,Delayed,4.26,0.98,2023-03-24 11:50:00,2023-03-24 13:12:00,,2023-03-27 08:11:00,2023-03-27 09:33:00,82.0
J891,M02,Completed,3.16,0.0,2023-03-24 12:20:00,2023-03-24 14:04:00,,2023-03-27 09:33:00,2023-03-27 11:17:00,104.0
J892,M02,Completed,14.03,0.006666666666666667,2023-03-24 12:30:00,2023-03-24 13:13:00,,2023-03-27 11:17:00,2023-03-27 12:00:00,43.0
J907,M02,Delayed,14.41,0.9933333333333333,2023-03-24 15:00:00,2023-03-24 16:30:00,,2023-03-27 12:00:00,2023-03-27 13:30:00,90.0
J908,M02,Completed,14.25,0.006666666666666667,2023-03-24 15:10:00,2023-03-24 16:56:00,,2023-03-27 13:30:00,2023-03-27 15:16:00,106.0
J910,M02,Completed,12.13,0.0,2023-03-24 15:30:00,2023-03-24 16:08:00,,2023-03-27 15:16:00,2023-03-27 15:54:00,38.0
J915,M02,Delayed,12.24,0.9933333333333333,2023-03-24 16:20:00,2023-03-24 17:43:00,,2023-03-27 15:54:00,2023-03-27 17:17:00,83.0
J922,M02,Completed,4.17,0.0,2023-03-24 17:30:00,2023-03-24 18:16:00,,2023-03-27 17:17:00,2023-03-27 18:03:00,46.0
J923,M02,Completed,14.43,0.0,2023-03-24 17:40:00,2023-03-24 19:11:00,,2023-03-27 18:03:00,2023-03-27 19:34:00,91.0
J925,M02,Completed,5.58,0.0,2023-03-24 18:00:00,2023-03-24 18:30:00,,2023-03-27 19:34:00,2023-03-27 20:04:00,30.0
J928,M02,Completed,7.59,0.0,2023-03-24 18:30:00,2023-03-24 20:10:00,,2023-03-27 20:04:00,2023-03-27 21:44:00,100.0
J933,M02,Completed,4.23,0.013333333333333334,2023-03-24 19:20:00,2023-03-24 20:09:00,,2023-03-27 21:44:00,2023-03-27 22:33:00,49.0
J935,M02,Completed,5.14,0.0,2023-03-24 19:40:00,2023-03-24 21:01:00,,2023-03-27 22:33:00,2023-03-27 23:54:00,81.0
J937,M02,Completed,14.71,0.006666666666666667,2023-03-24 20:00:00,2023-03-24 21:43:00,,2023-03-27 23:54:00,2023-03-28 01:37:00,103.0
J938,M02,Completed,9.72,0.006666666666666667,2023-03-24 20:10:00,2023-03-24 20:57:00,,2023-03-28 01:37:00,2023-03-28 02:24:00,47.0
J939,M02,Delayed,7.97,1.0,2023-03-24 20:20:00,2023-03-24 21:10:00,,2023-03-28 02:24:00,2023-03-28 03:14:00,50.0
J941,M02,Completed,14.3,0.0,2023-03-24 20:40:00,2023-03-24 22:25:00,,2023-03-28 03:14:00,2023-03-28 04:59:00,105.0
J944,M02,Delayed,6.5,1.0,2023-03-24 21:10:00,2023-03-24 21:53:00,,2023-03-28 04:59:00,2023-03-28 05:42:00,43.0
J947,M02,Completed,8.42,0.0,2023-03-24 21:40:00,2023-03-24 23:08:00,,2023-03-28 05:42:00,2023-03-28 07:10:00,88.0
J948,M02,Completed,7.13,0.006666666666666667,2023-03-24 21:50:00,2023-03-24 23:30:00,,2023-03-28 07:10:00,2023-03-28 08:50:00,100.0
J952,M02,Completed,10.01,0.0,2023-03-24 22:30:00,2023-03-24 22:54:00,,2023-03-28 08:50:00,2023-03-28 09:14:00,24.0
J957,M02,Delayed,8.91,0.9933333333333333,2023-03-24 23:20:00,2023-03-25 00:50:00,,2023-03-28 09:14:00,2023-03-28 10:44:00,90.0
J965,M02,Completed,12.77,0.0,2023-03-25 00:40:00,2023-03-25 01:23:00,,2023-03-28 10:44:00,2023-03-28 11:27:00,43.0
J966,M02,Completed,10.41,0.006666666666666667,2023-03-25 00:50:00,2023-03-25 02:44:00,,2023-03-28 11:27:00,2023-03-28 13:21:00,114.0
J969,M02,Delayed,8.68,0.9933333333333333,2023-03-25 01:20:00,2023-03-25 01:52:00,,2023-03-28 13:21:00,2023-03-28 13:53:00,32.0
J971,M02,Completed,4.69,0.0,2023-03-25 01:40:00,2023-03-25 03:39:00,,2023-03-28 13:53:00,2023-03-28 15:52:00,119.0
J973,M02,Completed,11.68,0.0,2023-03-25 02:00:00,2023-03-25 03:01:00,,2023-03-28 15:52:00,2023-03-28 16:53:00,61.0
J978,M02,Delayed,10.05,0.9866666666666667,2023-03-25 02:50:00,2023-03-25 04:28:00,,2023-03-28 16:53:00,2023-03-28 18:31:00,98.0
J979,M02,Delayed,9.77,0.9933333333333333,2023-03-25 03:00:00,2023-03-25 04:40:00,,2023-03-28 18:31:00,2023-03-28 20:11:00,100.0
J981,M02,Completed,14.98,0.006666666666666667,2023-03-25 03:20:00,2023-03-25 04:40:00,,2023-03-28 20:11:00,2023-03-28 21:31:00,80.0
J985,M02,Delayed,5.66,0.9866666666666667,2023-03-25 04:00:00,2023-03-25 05:43:00,,2023-03-28 21:31:00,2023-03-28 23:14:00,103.0
J987,M02,Completed,10.87,0.013333333333333334,2023-03-25 04:20:00,2023-03-25 06:20:00,,2023-03-28 23:14:00,2023-03-29 01:14:00,120.0
J991,M02,Completed,6.33,0.0,2023-03-25 05:00:00,2023-03-25 05:36:00,,2023-03-29 01:14:00,2023-03-29 01:50:00,36.0
J996,M02,Failed,3.71,0.9866666666666667,2023-03-25 05:50:00,2023-03-25 06:40:00,,2023-03-29 01:50:00,2023-03-29 02:40:00,50.0
J999,M02,Completed,9.08,0.0,2023-03-25 06:20:00,2023-03-25 07:35:00,,2023-03-29 02:40:00,2023-03-29 03:55:00,75.0
J012,M03,Delayed,8.08,0.9866666666666667,2023-03-18 09:50:00,2023-03-18 10:18:00,,2023-03-18 09:50:00,2023-03-18 10:18:00,28.0
J013,M03,Completed,5.55,0.0,2023-03-18 10:00:00,2023-03-18 10:43:00,,2023-03-18 10:18:00,2023-03-18 11:01:00,43.0
J017,M03,Completed,9.44,0.0,2023-03-18 10:40:00,2023-03-18 12:35:00,,2023-03-18 11:01:00,2023-03-18 12:56:00,115.0
J022,M03,Delayed,4.14,1.0,2023-03-18 11:30:00,2023-03-18 12:34:00,,2023-03-18 12:56:00,2023-03-18 14:00:00,64.0
J027,M03,Failed,11.34,0.9666666666666667,2023-03-18 12:20:00,2023-03-18 13:47:00,,2023-03-18 14:00:00,2023-03-18 15:27:00,87.0
J028,M03,Completed,4.16,0.0,2023-03-18 12:30:00,2023-03-18 14:03:00,,2023-03-18 15:27:00,2023-03-18 17:00:00,93.0
J031,M03,Completed,3.21,0.0,2023-03-18 13:00:00,2023-03-18 13:37:00,,2023-03-18 17:00:00,2023-03-18 17:37:00,37.0
J032,M03,Completed,4.93,0.0,2023-03-18 13:10:00,2023-03-18 14:28:00,,2023-03-18 17:37:00,2023-03-18 18:55:00,78.0
J043,M03,Completed,4.53,0.013333333333333334,2023-03-18 15:00:00,2023-03-18 16:15:00,,2023-03-18 18:55:00,2023-03-18 20:10:00,75.0
J046,M03,Delayed,7.15,0.9933333333333333,2023-03-18 15:30:00,2023-03-18 16:00:00,,2023-03-18 20:10:00,2023-03-18 20:40:00,30.0
J065,M03,Failed,6.8,0.9666666666666667,2023-03-18 18:40:00,2023-03-18 19:03:00,,2023-03-18 20:40:00,2023-03-18 21:03:00,23.0
J066,M03,Delayed,2.09,0.9933333333333333,2023-03-18 18:50:00,2023-03-18 19:42:00,,2023-03-18 21:03:00,2023-03-18 21:55:00,52.0
J083,M03,Completed,12.15,0.006666666666666667,2023-03-18 21:40:00,2023-03-18 22:39:00,,2023-03-18 21:55:00,2023-03-18 22:54:00,59.0
J087,M03,Delayed,14.83,0.9933333333333333,2023-03-18 22:20:00,2023-03-18 23:19:00,,2023-03-18 22:54:00,2023-03-18 23:53:00,59.0
J092,M03,Failed,8.14,0.9666666666666667,2023-03-18 23:10:00,2023-03-19 00:40:00,,2023-03-18 23:53:00,2023-03-19 01:23:00,90.0
J093,M03,Delayed,9.92,1.0,2023-03-18 23:20:00,2023-03-19 00:46:00,,2023-03-19 01:23:00,2023-03-19 02:49:00,86.0
J095,M03,Completed,9.22,0.006666666666666667,2023-03-18 23:40:00,2023-03-19 01:33:00,,2023-03-19 02:49:00,2023-03-19 04:42:00,113.0
J098,M03,Completed,14.55,0.013333333333333334,2023-03-19 00:10:00,2023-03-19 01:41:00,,2023-03-19 04:42:00,2023-03-19 06:13:00,91.0
J105,M03,Completed,13.65,0.0,2023-03-19 01:20:00,2023-03-19 02:03:00,,2023-03-19 06:13:00,2023-03-19 06:56:00,43.0
J106,M03,Completed,8.8,0.0,2023-03-19 01:30:00,2023-03-19 03:17:00,,2023-03-19 06:56:00,2023-03-19 08:43:00,107.0
J134,M03,Failed,13.03,1.0,2023-03-19 06:10:00,2023-03-19 07:21:00,,2023-03-19 08:43:00,2023-03-19 09:54:00,71.0
J138,M03,Delayed,11.48,1.0,2023-03-19 06:50:00,2023-03-19 07:55:00,,2023-03-19 09:54:00,2023-03-19 10:59:00,65.0
J139,M03,Completed,4.48,0.006666666666666667,2023-03-19 07:00:00,2023-03-19 07:45:00,,2023-03-19 10:59:00,2023-03-19 11:44:00,45.0
J141,M03,Completed,6.0,0.006666666666666667,2023-03-19 07:20:00,2023-03-19 09:00:00,,2023-03-19 11:44:00,2023-03-19 13:24:00,100.0
J142,M03,Completed,3.75,0.006666666666666667,2023-03-19 07:30:00,2023-03-19 09:20:00,,2023-03-19 13:24:00,2023-03-19 15:14:00,110.0
J143,M03,Delayed,4.28,1.0,2023-03-19 07:40:00,2023-03-19 08:13:00,,2023-03-19 15:14:00,2023-03-19 15:47:00,33.0
J144,M03,Completed,6.24,0.02,2023-03-19 07:50:00,2023-03-19 08:37:00,,2023-03-19 15:47:00,2023-03-19 16:34:00,47.0
J147,M03,Delayed,11.1,0.9866666666666667,2023-03-19 08:20:00,2023-03-19 08:49:00,,2023-03-19 16:34:00,2023-03-19 17:03:00,29.0
J150,M03,Delayed,12.4,1.0,2023-03-19 08:50:00,2023-03-19 09:43:00,,2023-03-19 17:03:00,2023-03-19 17:56:00,53.0
J155,M03,Completed,9.87,0.03333333333333333,2023-03-19 09:40:00,2023-03-19 10:20:00,,2023-03-19 17:56:00,2023-03-19 18:36:00,40.0
J157,M03,Completed,8.16,0.0,2023-03-19 10:00:00,2023-03-19 10:59:00,,2023-03-19 18:36:00,2023-03-19 19:35:00,59.0
J168,M03,Delayed,12.54,0.9733333333333334,2023-03-19 11:50:00,2023-03-19 12:27:00,,2023-03-19 19:35:00,2023-03-19 20:12:00,37.0
J169,M03,Completed,7.11,0.0,2023-03-19 12:00:00,2023-03-19 12:23:00,,2023-03-19 20:12:00,2023-03-19 20:35:00,23.0
J170,M03,Completed,2.14,0.0,2023-03-19 12:10:00,2023-03-19 13:52:00,,2023-03-19 20:35:00,2023-03-19 22:17:00,102.0
J179,M03,Delayed,14.17,1.0,2023-03-19 13:40:00,2023-03-19 15:15:00,,2023-03-19 22:17:00,2023-03-19 23:52:00,95.0
J189,M03,Completed,11.6,0.006666666666666667,2023-03-19 15:20:00,2023-03-19 16:10:00,,2023-03-19 23:52:00,2023-03-20 00:42:00,50.0
J192,M03,Completed,6.93,0.02,2023-03-19 15:50:00,2023-03-19 17:30:00,,2023-03-20 00:42:00,2023-03-20 02:22:00,100.0
J194,M03,Completed,8.84,0.0,2023-03-19 16:10:00,2023-03-19 17:07:00,,2023-03-20 02:22:00,2023-03-20 03:19:00,57.0
J211,M03,Completed,8.39,0.0,2023-03-19 19:00:00,2023-03-19 19:25:00,,2023-03-20 03:19:00,2023-03-20 03:44:00,25.0
J213,M03,Failed,4.49,0.9666666666666667,2023-03-19 19:20:00,2023-03-19 20:13:00,,2023-03-20 03:44:00,2023-03-20 04:37:00,53.0
J222,M03,Failed,3.14,0.9733333333333334,2023-03-19 20:50:00,2023-03-19 22:49:00,,2023-03-20 04:37:00,2023-03-20 06:36:00,119.0
J225,M03,Completed,13.02,0.0,2023-03-19 21:20:00,2023-03-19 21:42:00,,2023-03-20 06:36:00,2023-03-20 06:58:00,22.0
J235,M03,Completed,6.94,0.013333333333333334,2023-03-19 23:00:00,2023-03-19 23:56:00,,2023-03-20 06:58:00,2023-03-20 07:54:00,56.0
J239,M03,Failed,2.79,0.9733333333333334,2023-03-19 23:40:00,2023-03-20 01:09:00,,2023-03-20 07:54:00,2023-03-20 09:23:00,89.0
J244,M03,Delayed,10.91,1.0,2023-03-20 00:30:00,2023-03-20 01:12:00,,2023-03-20 09:23:00,2023-03-20 10:05:00,42.0
J249,M03,Completed,3.71,0.0,2023-03-20 01:20:00,2023-03-20 02:27:00,,2023-03-20 10:05:00,2023-03-20 11:12:00,67.0
J259,M03,Completed,7.41,0.013333333333333334,2023-03-20 03:00:00,2023-03-20 03:24:00,,2023-03-20 11:12:00,2023-03-20 11:36:00,24.0
J275,M03,Completed,14.67,0.0,2023-03-20 05:40:00,2023-03-20 07:14:00,,2023-03-20 11:36:00,2023-03-20 13:10:00,94.0
J278,M03,Completed,14.2,0.0,2023-03-20 06:10:00,2023-03-20 07:08:00,,2023-03-20 13:10:00,2023-03-20 14:08:00,58.0
J281,M03,Completed,8.66,0.04,2023-03-20 06:40:00,2023-03-20 07:39:00,,2023-03-20 14:08:00,2023-03-20 15:07:00,59.0
J282,M03,Completed,10.21,0.0,2023-03-20 06:50:00,2023-03-20 07:20:00,,2023-03-20 15:07:00,2023-03-20 15:37:00,30.0
J291,M03,Completed,12.76,0.0,2023-03-20 08:20:00,2023-03-20 08:46:00,,2023-03-20 15:37:00,2023-03-20 16:03:00,26.0
J294,M03,Completed,6.74,0.013333333333333334,2023-03-20 08:50:00,2023-03-20 10:20:00,,2023-03-20 16:03:00,2023-03-20 17:33:00,90.0
J296,M03,Failed,13.25,1.0,2023-03-20 09:10:00,2023-03-20 10:26:00,,2023-03-20 17:33:00,2023-03-20 18:49:00,76.0
J304,M03,Completed,6.02,0.0,2023-03-20 10:30:00,2023-03-20 11:45:00,,2023-03-20 18:49:00,2023-03-20 20:04:00,75.0
J306,M03,Completed,9.46,0.006666666666666667,2023-03-20 10:50:00,2023-03-20 12:07:00,,2023-03-20 20:04:00,2023-03-20 21:21:00,77.0
J309,M03,Delayed,11.53,1.0,2023-03-20 11:20:00,2023-03-20 12:31:00,,2023-03-20 21:21:00,2023-03-20 22:32:00,71.0
J319,M03,Completed,10.48,0.006666666666666667,2023-03-20 13:00:00,2023-03-20 13:23:00,,2023-03-20 22:32:00,2023-03-20 22:55:00,23.0
J322,M03,Completed,10.42,0.0,2023-03-20 13:30:00,2023-03-20 14:50:00,,2023-03-20 22:55:00,2023-03-21 00:15:00,80.0
J325,M03,Failed,4.85,0.9733333333333334,2023-03-20 14:00:00,2023-03-20 15:52:00,,2023-03-21 00:15:00,2023-03-21 02:07:00,112.0
J339,M03,Completed,11.52,0.0,2023-03-20 16:20:00,2023-03-20 17:34:00,,2023-03-21 02:07:00,2023-03-21 03:21:00,74.0
J341,M03,Failed,13.66,0.9866666666666667,2023-03-20 16:40:00,2023-03-20 18:16:00,,2023-03-21 03:21:00,2023-03-21 04:57:00,96.0
J350,M03,Completed,10.81,0.006666666666666667,2023-03-20 18:10:00,2023-03-20 19:27:00,,2023-03-21 04:57:00,2023-03-21 06:14:00,77.0
J354,M03,Completed,13.62,0.0,2023-03-20 18:50:00,2023-03-20 19:51:00,,2023-03-21 06:14:00,2023-03-21 07:15:00,61.0
J355,M03,Completed,5.88,0.0,2023-03-20 19:00:00,2023-03-20 20:27:00,,2023-03-21 07:15:00,2023-03-21 08:42:00,87.0
J366,M03,Completed,12.4,0.0,2023-03-20 20:50:00,2023-03-20 21:37:00,,2023-03-21 08:42:00,2023-03-21 09:29:00,47.0
J368,M03,Completed,8.96,0.0,2023-03-20 21:10:00,2023-03-20 22:13:00,,2023-03-21 09:29:00,2023-03-21 10:32:00,63.0
J372,M03,Delayed,9.06,1.0,2023-03-20 21:50:00,2023-03-20 23:08:00,,2023-03-21 10:32:00,2023-03-21 11:50:00,78.0
J391,M03,Completed,4.83,0.006666666666666667,2023-03-21 01:00:00,2023-03-21 01:35:00,,2023-03-21 11:50:00,2023-03-21 12:25:00,35.0
J395,M03,Completed,13.0,0.0,2023-03-21 01:40:00,2023-03-21 02:46:00,,2023-03-21 12:25:00,2023-03-21 13:31:00,66.0
J405,M03,Completed,8.05,0.0,2023-03-21 03:20:00,2023-03-21 05:00:00,,2023-03-21 13:31:00,2023-03-21 15:11:00,100.0
J408,M03,Completed,7.62,0.006666666666666667,2023-03-21 03:50:00,2023-03-21 04:44:00,,2023-03-21 15:11:00,2023-03-21 16:05:00,54.0
J411,M03,Delayed,12.16,0.9933333333333333,2023-03-21 04:20:00,2023-03-21 05:56:00,,2023-03-21 16:05:00,2023-03-21 17:41:00,96.0
J414,M03,Delayed,2.08,0.9933333333333333,2023-03-21 04:50:00,2023-03-21 05:21:00,,2023-03-21 17:41:00,2023-03-21 18:12:00,31.0
J432,M03,Delayed,12.39,1.0,2023-03-21 07:50:00,2023-03-21 09:35:00,,2023-03-21 18:12:00,2023-03-21 19:57:00,105.0
J443,M03,Completed,12.1,0.0,2023-03-21 09:40:00,2023-03-21 11:29:00,,2023-03-21 19:57:00,2023-03-21 21:46:00,109.0
J444,M03,Completed,14.6,0.0,2023-03-21 09:50:00,2023-03-21 10:46:00,,2023-03-21 21:46:00,2023-03-21 22:42:00,56.0
J446,M03,Failed,10.68,0.9933333333333333,2023-03-21 10:10:00,2023-03-21 11:12:00,,2023-03-21 22:42:00,2023-03-21 23:44:00,62.0
J453,M03,Completed,5.09,0.006666666666666667,2023-03-21 11:20:00,2023-03-21 13:13:00,,2023-03-21 23:44:00,2023-03-22 01:37:00,113.0
J454,M03,Delayed,6.99,1.0,2023-03-21 11:30:00,2023-03-21 12:25:00,,2023-03-22 01:37:00,2023-03-22 02:32:00,55.0
J458,M03,Completed,12.73,0.013333333333333334,2023-03-21 12:10:00,2023-03-21 14:00:00,,2023-03-22 02:32:00,2023-03-22 04:22:00,110.0
J483,M03,Completed,3.04,0.0,2023-03-21 16:20:00,2023-03-21 16:53:00,,2023-03-22 04:22:00,2023-03-22 04:55:00,33.0
J485,M03,Completed,9.0,0.0,2023-03-21 16:40:00,2023-03-21 17:14:00,,2023-03-22 04:55:00,2023-03-22 05:29:00,34.0
J486,M03,Completed,8.12,0.02,2023-03-21 16:50:00,2023-03-21 17:43:00,,2023-03-22 05:29:00,2023-03-22 06:22:00,53.0
J500,M03,Failed,9.05,0.9933333333333333,2023-03-21 19:10:00,2023-03-21 19:58:00,,2023-03-22 06:22:00,2023-03-22 07:10:00,48.0
J509,M03,Completed,9.13,0.0,2023-03-21 20:40:00,2023-03-21 22:23:00,,2023-03-22 07:10:00,2023-03-22 08:53:00,103.0
J513,M03,Failed,14.65,0.9866666666666667,2023-03-21 21:20:00,2023-03-21 22:32:00,,2023-03-22 08:53:00,2023-03-22 10:05:00,72.0
J515,M03,Delayed,4.16,1.0,2023-03-21 21:40:00,2023-03-21 22:20:00,,2023-03-22 10:05:00,2023-03-22 10:45:00,40.0
J524,M03,Completed,10.68,0.0,2023-03-21 23:10:00,2023-03-22 00:12:00,,2023-03-22 10:45:00,2023-03-22 11:47:00,62.0
J528,M03,Failed,7.02,0.9733333333333334,2023-03-21 23:50:00,2023-03-22 00:18:00,,2023-03-22 11:47:00,2023-03-22 12:15:00,28.0
J532,M03,Completed,4.73,0.0,2023-03-22 00:30:00,2023-03-22 02:16:00,,2023-03-22 12:15:00,2023-03-22 14:01:00,106.0
J542,M03,Completed,13.17,0.0,2023-03-22 02:10:00,2023-03-22 02:57:00,,2023-03-22 14:01:00,2023-03-22 14:48:00,47.0
J553,M03,Completed,12.39,0.0,2023-03-22 04:00:00,2023-03-22 05:03:00,,2023-03-22 14:48:00,2023-03-22 15:51:00,63.0
J558,M03,Completed,8.89,0.0,2023-03-22 04:50:00,2023-03-22 05:46:00,,2023-03-22 15:51:00,2023-03-22 16:47:00,56.0
J568,M03,Delayed,2.47,1.0,2023-03-22 06:30:00,2023-03-22 07:44:00,,2023-03-22 16:47:00,2023-03-22 18:01:00,74.0
J570,M03,Completed,13.2,0.0,2023-03-22 06:50:00,2023-03-22 07:57:00,,2023-03-22 18:01:00,2023-03-22 19:08:00,67.0
J571,M03,Failed,8.37,0.98,2023-03-22 07:00:00,2023-03-22 08:25:00,,2023-03-22 19:08:00,2023-03-22 20:33:00,85.0
J573,M03,Failed,6.78,0.9733333333333334,2023-03-22 07:20:00,2023-03-22 08:30:00,,2023-03-22 20:33:00,2023-03-22 21:43:00,70.0
J576,M03,Completed,3.67,0.0,2023-03-22 07:50:00,2023-03-22 08:55:00,,2023-03-22 21:43:00,2023-03-22 22:48:00,65.0
J578,M03,Completed,4.29,0.0,2023-03-22 08:10:00,2023-03-22 09:34:00,,2023-03-22 22:48:00,2023-03-23 00:12:00,84.0
J579,M03,Completed,13.75,0.0,2023-03-22 08:20:00,2023-03-22 09:54:00,,2023-03-23 00:12:00,2023-03-23 01:46:00,94.0
J582,M03,Delayed,6.41,1.0,2023-03-22 08:50:00,2023-03-22 10:25:00,,2023-03-23 01:46:00,2023-03-23 03:21:00,95.0
J589,M03,Completed,11.89,0.0,2023-03-22 10:00:00,2023-03-22 10:54:00,,2023-03-23 03:21:00,2023-03-23 04:15:00,54.0
J590,M03,Completed,3.47,0.0,2023-03-22 10:10:00,2023-03-22 12:00:00,,2023-03-23 04:15:00,2023-03-23 06:05:00,110.0
J593,M03,Completed,6.22,0.0,2023-03-22 10:40:00,2023-03-22 12:07:00,,2023-03-23 06:05:00,2023-03-23 07:32:00,87.0
J603,M03,Completed,7.32,0.0,2023-03-22 12:20:00,2023-03-22 13:50:00,,2023-03-23 07:32:00,2023-03-23 09:02:00,90.0
J607,M03,Failed,13.93,0.98,2023-03-22 13:00:00,2023-03-22 14:19:00,,2023-03-23 09:02:00,2023-03-23 10:21:00,79.0
J608,M03,Failed,7.23,0.9933333333333333,2023-03-22 13:10:00,2023-03-22 15:08:00,,2023-03-23 10:21:00,2023-03-23 12:19:00,118.0
J609,M03,Failed,3.08,0.9866666666666667,2023-03-22 13:20:00,2023-03-22 14:45:00,,2023-03-23 12:19:00,2023-03-23 13:44:00,85.0
J612,M03,Failed,14.0,0.9866666666666667,2023-03-22 13:50:00,2023-03-22 15:32:00,,2023-03-23 13:44:00,2023-03-23 15:26:00,102.0
J613,M03,Completed,6.01,0.0,2023-03-22 14:00:00,2023-03-22 15:06:00,,2023-03-23 15:26:00,2023-03-23 16:32:00,66.0
J622,M03,Delayed,2.24,0.9733333333333334,2023-03-22 15:30:00,2023-03-22 17:17:00,,2023-03-23 16:32:00,2023-03-23 18:19:00,107.0
J624,M03,Completed,14.55,0.0,2023-03-22 15:50:00,2023-03-22 16:19:00,,2023-03-23 18:19:00,2023-03-23 18:48:00,29.0
J629,M03,Delayed,2.94,1.0,2023-03-22 16:40:00,2023-03-22 18:32:00,,2023-03-23 18:48:00,2023-03-23 20:40:00,112.0
J633,M03,Delayed,14.08,0.9933333333333333,2023-03-22 17:20:00,2023-03-22 18:58:00,,2023-03-23 20:40:00,2023-03-23 22:18:00,98.0
J634,M03,Completed,9.49,0.013333333333333334,2023-03-22 17:30:00,2023-03-22 18:57:00,,2023-03-23 22:18:00,2023-03-23 23:45:00,87.0
J649,M03,Delayed,2.81,1.0,2023-03-22 20:00:00,2023-03-22 20:57:00,,2023-03-23 23:45:00,2023-03-24 00:42:00,57.0
J657,M03,Completed,10.7,0.0,2023-03-22 21:20:00,2023-03-22 23:01:00,,2023-03-24 00:42:00,2023-03-24 02:23:00,101.0
J659,M03,Delayed,14.09,1.0,2023-03-22 21:40:00,2023-03-22 22:41:00,,2023-03-24 02:23:00,2023-03-24 03:24:00,61.0
J662,M03,Delayed,4.05,0.9933333333333333,2023-03-22 22:10:00,2023-03-22 22:40:00,,2023-03-24 03:24:00,2023-03-24 03:54:00,30.0
J663,M03,Delayed,9.51,0.9933333333333333,2023-03-22 22:20:00,2023-03-23 00:12:00,,2023-03-24 03:54:00,2023-03-24 05:46:00,112.0
J669,M03,Completed,5.85,0.006666666666666667,2023-03-22 23:20:00,2023-03-22 23:59:00,,2023-03-24 05:46:00,2023-03-24 06:25:00,39.0
J674,M03,Completed,6.84,0.0,2023-03-23 00:10:00,2023-03-23 01:49:00,,2023-03-24 06:25:00,2023-03-24 08:04:00,99.0
J675,M03,Failed,4.14,0.94,2023-03-23 00:20:00,2023-03-23 00:45:00,,2023-03-24 08:04:00,2023-03-24 08:29:00,25.0
J678,M03,Delayed,14.55,0.9866666666666667,2023-03-23 00:50:00,2023-03-23 01:48:00,,2023-03-24 08:29:00,2023-03-24 09:27:00,58.0
J682,M03,Completed,4.04,0.0,2023-03-23 01:30:00,2023-03-23 02:16:00,,2023-03-24 09:27:00,2023-03-24 10:13:00,46.0
J684,M03,Completed,13.43,0.013333333333333334,2023-03-23 01:50:00,2023-03-23 02:18:00,,2023-03-24 10:13:00,2023-03-24 10:41:00,28.0
J685,M03,Completed,10.4,0.006666666666666667,2023-03-23 02:00:00,2023-03-23 03:21:00,,2023-03-24 10:41:00,2023-03-24 12:02:00,81.0
J686,M03,Completed,5.02,0.0,2023-03-23 02:10:00,2023-03-23 02:47:00,,2023-03-24 12:02:00,2023-03-24 12:39:00,37.0
J689,M03,Completed,5.92,0.0,2023-03-23 02:40:00,2023-03-23 03:05:00,,2023-03-24 12:39:00,2023-03-24 13:04:00,25.0
J693,M03,Completed,3.23,0.0,2023-03-23 03:20:00,2023-03-23 04:19:00,,2023-03-24 13:04:00,2023-03-24 14:03:00,59.0
J699,M03,Failed,8.62,0.9866666666666667,2023-03-23 04:20:00,2023-03-23 05:20:00,,2023-03-24 14:03:00,2023-03-24 15:03:00,60.0
J705,M03,Failed,5.62,1.0,2023-03-23 05:20:00,2023-03-23 06:45:00,,2023-03-24 15:03:00,2023-03-24 16:28:00,85.0
J706,M03,Completed,8.14,0.02666666666666667,2023-03-23 05:30:00,2023-03-23 06:55:00,,2023-03-24 16:28:00,2023-03-24 17:53:00,85.0
J712,M03,Completed,12.83,0.0,2023-03-23 06:30:00,2023-03-23 07:50:00,,2023-03-24 17:53:00,2023-03-24 19:13:00,80.0
J728,M03,Delayed,6.24,1.0,2023-03-23 09:10:00,2023-03-23 10:17:00,,2023-03-24 19:13:00,2023-03-24 20:20:00,67.0
J745,M03,Delayed,5.72,1.0,2023-03-23 12:00:00,2023-03-23 12:35:00,,2023-03-24 20:20:00,2023-03-24 20:55:00,35.0
J746,M03,Completed,7.66,0.0,2023-03-23 12:10:00,2023-03-23 12:40:00,,2023-03-24 20:55:00,2023-03-24 21:25:00,30.0
J756,M03,Completed,11.47,0.006666666666666667,2023-03-23 13:50:00,2023-03-23 14:19:00,,2023-03-24 21:25:00,2023-03-24 21:54:00,29.0
J761,M03,Completed,6.72,0.0,2023-03-23 14:40:00,2023-03-23 16:07:00,,2023-03-24 21:54:00,2023-03-24 23:21:00,87.0
J765,M03,Failed,12.69,0.9133333333333333,2023-03-23 15:20:00,2023-03-23 15:41:00,,2023-03-24 23:21:00,2023-03-24 23:42:00,21.0
J767,M03,Completed,3.11,0.006666666666666667,2023-03-23 15:40:00,2023-03-23 17:32:00,,2023-03-24 23:42:00,2023-03-25 01:34:00,112.0
J775,M03,Completed,3.0,0.0,2023-03-23 17:00:00,2023-03-23 17:34:00,,2023-03-25 01:34:00,2023-03-25 02:08:00,34.0
J776,M03,Completed,7.64,0.006666666666666667,2023-03-23 17:10:00,2023-03-23 19:08:00,,2023-03-25 02:08:00,2023-03-25 04:06:00,118.0
J778,M03,Completed,13.52,0.0,2023-03-23 17:30:00,2023-03-23 18:45:00,,2023-03-25 04:06:00,2023-03-25 05:21:00,75.0
J780,M03,Delayed,14.58,0.98,2023-03-23 17:50:00,2023-03-23 18:21:00,,2023-03-25 05:21:00,2023-03-25 05:52:00,31.0
J791,M03,Completed,3.13,0.0,2023-03-23 19:40:00,2023-03-23 21:26:00,,2023-03-25 05:52:00,2023-03-25 07:38:00,106.0
J793,M03,Completed,8.8,0.006666666666666667,2023-03-23 20:00:00,2023-03-23 21:39:00,,2023-03-25 07:38:00,2023-03-25 09:17:00,99.0
J798,M03,Completed,10.31,0.0,2023-03-23 20:50:00,2023-03-23 21:34:00,,2023-03-25 09:17:00,2023-03-25 10:01:00,44.0
J801,M03,Completed,9.06,0.006666666666666667,2023-03-23 21:20:00,2023-03-23 22:15:00,,2023-03-25 10:01:00,2023-03-25 10:56:00,55.0
J804,M03,Completed,3.84,0.0,2023-03-23 21:50:00,2023-03-23 22:24:00,,2023-03-25 10:56:00,2023-03-25 11:30:00,34.0
J805,M03,Completed,8.32,0.0,2023-03-23 22:00:00,2023-03-23 22:54:00,,2023-03-25 11:30:00,2023-03-25 12:24:00,54.0
J826,M03,Completed,3.19,0.006666666666666667,2023-03-24 01:30:00,2023-03-24 02:37:00,,2023-03-25 12:24:00,2023-03-25 13:31:00,67.0
J828,M03,Completed,10.11,0.02,2023-03-24 01:50:00,2023-03-24 02:48:00,,2023-03-25 13:31:00,2023-03-25 14:29:00,58.0
J829,M03,Failed,9.06,0.9733333333333334,2023-03-24 02:00:00,2023-03-24 03:30:00,,2023-03-25 14:29:00,2023-03-25 15:59:00,90.0
J836,M03,Delayed,12.05,1.0,2023-03-24 03:10:00,2023-03-24 04:58:00,,2023-03-25 15:59:00,2023-03-25 17:47:00,108.0
J853,M03,Completed,11.14,0.0,2023-03-24 06:00:00,2023-03-24 07:26:00,,2023-03-25 17:47:00,2023-03-25 19:13:00,86.0
J858,M03,Completed,5.38,0.006666666666666667,2023-03-24 06:50:00,2023-03-24 08:44:00,,2023-03-25 19:13:00,2023-03-25 21:07:00,114.0
J861,M03,Failed,12.7,0.96,2023-03-24 07:20:00,2023-03-24 08:28:00,,2023-03-25 21:07:00,2023-03-25 22:15:00,68.0
J863,M03,Completed,9.83,0.0,2023-03-24 07:40:00,2023-03-24 08:57:00,,2023-03-25 22:15:00,2023-03-25 23:32:00,77.0
J871,M03,Completed,13.33,0.0,2023-03-24 09:00:00,2023-03-24 10:12:00,,2023-03-25 23:32:00,2023-03-26 00:44:00,72.0
J872,M03,Completed,5.32,0.013333333333333334,2023-03-24 09:10:00,2023-03-24 10:41:00,,2023-03-26 00:44:00,2023-03-26 02:15:00,91.0
J874,M03,Completed,9.06,0.0,2023-03-24 09:30:00,2023-03-24 10:44:00,,2023-03-26 02:15:00,2023-03-26 03:29:00,74.0
J875,M03,Completed,13.44,0.0,2023-03-24 09:40:00,2023-03-24 11:05:00,,2023-03-26 03:29:00,2023-03-26 04:54:00,85.0
J881,M03,Completed,10.44,0.0,2023-03-24 10:40:00,2023-03-24 12:25:00,,2023-03-26 04:54:00,2023-03-26 06:39:00,105.0
J889,M03,Failed,2.95,0.9933333333333333,2023-03-24 12:00:00,2023-03-24 13:18:00,,2023-03-26 06:39:00,2023-03-26 07:57:00,78.0
J899,M03,Completed,14.44,0.006666666666666667,2023-03-24 13:40:00,2023-03-24 14:55:00,,2023-03-26 07:57:00,2023-03-26 09:12:00,75.0
J900,M03,Completed,6.61,0.0,2023-03-24 13:50:00,2023-03-24 14:49:00,,2023-03-26 09:12:00,2023-03-26 10:11:00,59.0
J902,M03,Completed,13.56,0.0,2023-03-24 14:10:00,2023-03-24 15:53:00,,2023-03-26 10:11:00,2023-03-26 11:54:00,103.0
J903,M03,Completed,14.48,0.006666666666666667,2023-03-24 14:20:00,2023-03-24 15:55:00,,2023-03-26 11:54:00,2023-03-26 13:29:00,95.0
J905,M03,Completed,7.14,0.0,2023-03-24 14:40:00,2023-03-24 15:28:00,,2023-03-26 13:29:00,2023-03-26 14:17:00,48.0
J911,M03,Completed,4.12,0.006666666666666667,2023-03-24 15:40:00,2023-03-24 17:32:00,,2023-03-26 14:17:00,2023-03-26 16:09:00,112.0
J914,M03,Completed,9.64,0.013333333333333334,2023-03-24 16:10:00,2023-03-24 17:22:00,,2023-03-26 16:09:00,2023-03-26 17:21:00,72.0
J930,M03,Completed,9.44,0.0,2023-03-24 18:50:00,2023-03-24 20:31:00,,2023-03-26 17:21:00,2023-03-26 19:02:00,101.0
J931,M03,Completed,5.05,0.0,2023-03-24 19:00:00,2023-03-24 19:55:00,,2023-03-26 19:02:00,2023-03-26 19:57:00,55.0
J949,M03,Completed,14.36,0.0,2023-03-24 22:00:00,2023-03-24 22:57:00,,2023-03-26 19:57:00,2023-03-26 20:54:00,57.0
J953,M03,Completed,7.28,0.013333333333333334,2023-03-24 22:40:00,2023-03-25 00:23:00,,2023-03-26 20:54:00,2023-03-26 22:37:00,103.0
J964,M03,Completed,8.07,0.0,2023-03-25 00:30:00,2023-03-25 01:36:00,,2023-03-26 22:37:00,2023-03-26 23:43:00,66.0
J968,M03,Completed,13.1,0.0,2023-03-25 01:10:00,2023-03-25 01:42:00,,2023-03-26 23:43:00,2023-03-27 00:15:00,32.0
J972,M03,Completed,10.72,0.013333333333333334,2023-03-25 01:50:00,2023-03-25 02:49:00,,2023-03-27 00:15:00,2023-03-27 01:14:00,59.0
J975,M03,Completed,10.22,0.02666666666666667,2023-03-25 02:20:00,2023-03-25 03:53:00,,2023-03-27 01:14:00,2023-03-27 02:47:00,93.0
J980,M03,Failed,12.3,0.9733333333333334,2023-03-25 03:10:00,2023-03-25 04:21:00,,2023-03-27 02:47:00,2023-03-27 03:58:00,71.0
J989,M03,Completed,5.67,0.0,2023-03-25 04:40:00,2023-03-25 06:09:00,,2023-03-27 03:58:00,2023-03-27 05:27:00,89.0
J990,M03,Completed,12.82,0.0,2023-03-25 04:50:00,2023-03-25 06:17:00,,2023-03-27 05:27:00,2023-03-27 06:54:00,87.0
J995,M03,Failed,14.12,0.92,2023-03-25 05:40:00,2023-03-25 07:38:00,,2023-03-27 06:54:00,2023-03-27 08:52:00,118.0
J998,M03,Completed,14.1,0.0,2023-03-25 06:10:00,2023-03-25 07:52:00,,2023-03-27 08:52:00,2023-03-27 10:34:00,102.0
J003,M04,Failed,11.11,0.9866666666666667,2023-03-18 08:20:00,2023-03-18 09:16:00,,2023-03-18 08:20:00,2023-03-18 09:16:00,56.0
J004,M04,Completed,12.5,0.006666666666666667,2023-03-18 08:30:00,2023-03-18 10:16:00,,2023-03-18 09:16:00,2023-03-18 11:02:00,106.0
J007,M04,Completed,14.2,0.0,2023-03-18 09:00:00,2023-03-18 09:22:00,,2023-03-18 11:02:00,2023-03-18 11:24:00,22.0
J014,M04,Completed,2.01,0.013333333333333334,2023-03-18 10:10:00,2023-03-18 12:02:00,,2023-03-18 11:24:00,2023-03-18 13:16:00,112.0
J025,M04,Failed,5.1,0.9533333333333334,2023-03-18 12:00:00,2023-03-18 13:59:00,,2023-03-18 13:16:00,2023-03-18 15:15:00,119.0
J033,M04,Delayed,8.02,1.0,2023-03-18 13:20:00,2023-03-18 15:03:00,,2023-03-18 15:15:00,2023-03-18 16:58:00,103.0
J036,M04,Completed,4.72,0.0,2023-03-18 13:50:00,2023-03-18 15:29:00,,2023-03-18 16:58:00,2023-03-18 18:37:00,99.0
J041,M04,Completed,11.64,0.006666666666666667,2023-03-18 14:40:00,2023-03-18 16:08:00,,2023-03-18 18:37:00,2023-03-18 20:05:00,88.0
J042,M04,Completed,13.57,0.0,2023-03-18 14:50:00,2023-03-18 15:38:00,,2023-03-18 20:05:00,2023-03-18 20:53:00,48.0
J051,M04,Failed,7.26,0.9866666666666667,2023-03-18 16:20:00,2023-03-18 16:44:00,,2023-03-18 20:53:00,2023-03-18 21:17:00,24.0
J069,M04,Completed,9.58,0.013333333333333334,2023-03-18 19:20:00,2023-03-18 19:49:00,,2023-03-18 21:17:00,2023-03-18 21:46:00,29.0
J070,M04,Failed,2.46,0.9266666666666666,2023-03-18 19:30:00,2023-03-18 20:24:00,,2023-03-18 21:46:00,2023-03-18 22:40:00,54.0
J071,M04,Completed,7.29,0.02,2023-03-18 19:40:00,2023-03-18 20:05:00,,2023-03-18 22:40:00,2023-03-18 23:05:00,25.0
J073,M04,Completed,11.57,0.0,2023-03-18 20:00:00,2023-03-18 21:52:00,,2023-03-18 23:05:00,2023-03-19 00:57:00,112.0
J074,M04,Completed,12.97,0.0,2023-03-18 20:10:00,2023-03-18 21:15:00,,2023-03-19 00:57:00,2023-03-19 02:02:00,65.0
J080,M04,Completed,14.62,0.006666666666666667,2023-03-18 21:10:00,2023-03-18 22:32:00,,2023-03-19 02:02:00,2023-03-19 03:24:00,82.0
J088,M04,Completed,9.56,0.013333333333333334,2023-03-18 22:30:00,2023-03-18 23:30:00,,2023-03-19 03:24:00,2023-03-19 04:24:00,60.0
J089,M04,Completed,14.16,0.0,2023-03-18 22:40:00,2023-03-18 23:35:00,,2023-03-19 04:24:00,2023-03-19 05:19:00,55.0
J097,M04,Delayed,3.8,1.0,2023-03-19 00:00:00,2023-03-19 00:57:00,,2023-03-19 05:19:00,2023-03-19 06:16:00,57.0
J102,M04,Completed,14.56,0.006666666666666667,2023-03-19 00:50:00,2023-03-19 02:40:00,,2023-03-19 06:16:00,2023-03-19 08:06:00,110.0
J107,M04,Failed,13.37,1.0,2023-03-19 01:40:00,2023-03-19 03:23:00,,2023-03-19 08:06:00,2023-03-19 09:49:00,103.0
J115,M04,Completed,9.49,0.0,2023-03-19 03:00:00,2023-03-19 04:54:00,,2023-03-19 09:49:00,2023-03-19 11:43:00,114.0
J116,M04,Completed,5.69,0.006666666666666667,2023-03-19 03:10:00,2023-03-19 04:27:00,,2023-03-19 11:43:00,2023-03-19 13:00:00,77.0
J119,M04,Completed,6.55,0.013333333333333334,2023-03-19 03:40:00,2023-03-19 04:38:00,,2023-03-19 13:00:00,2023-03-19 13:58:00,58.0
J120,M04,Completed,5.5,0.0,2023-03-19 03:50:00,2023-03-19 04:23:00,,2023-03-19 13:58:00,2023-03-19 14:31:00,33.0
J123,M04,Completed,8.35,0.0,2023-03-19 04:20:00,2023-03-19 05:45:00,,2023-03-19 14:31:00,2023-03-19 15:56:00,85.0
J127,M04,Delayed,6.94,0.9933333333333333,2023-03-19 05:00:00,2023-03-19 05:27:00,,2023-03-19 15:56:00,2023-03-19 16:23:00,27.0
J128,M04,Completed,10.06,0.0,2023-03-19 05:10:00,2023-03-19 05:50:00,,2023-03-19 16:23:00,2023-03-19 17:03:00,40.0
J131,M04,Completed,4.87,0.006666666666666667,2023-03-19 05:40:00,2023-03-19 06:58:00,,2023-03-19 17:03:00,2023-03-19 18:21:00,78.0
J136,M04,Completed,2.59,0.006666666666666667,2023-03-19 06:30:00,2023-03-19 07:48:00,,2023-03-19 18:21:00,2023-03-19 19:39:00,78.0
J156,M04,Failed,14.55,0.9933333333333333,2023-03-19 09:50:00,2023-03-19 10:59:00,,2023-03-19 19:39:00,2023-03-19 20:48:00,69.0
J161,M04,Completed,10.3,0.0,2023-03-19 10:40:00,2023-03-19 11:34:00,,2023-03-19 20:48:00,2023-03-19 21:42:00,54.0
J165,M04,Completed,7.32,0.0,2023-03-19 11:20:00,2023-03-19 11:49:00,,2023-03-19 21:42:00,2023-03-19 22:11:00,29.0
J166,M04,Failed,11.52,0.9933333333333333,2023-03-19 11:30:00,2023-03-19 12:31:00,,2023-03-19 22:11:00,2023-03-19 23:12:00,61.0
J175,M04,Failed,8.16,0.9933333333333333,2023-03-19 13:00:00,2023-03-19 13:40:00,,2023-03-19 23:12:00,2023-03-19 23:52:00,40.0
J183,M04,Completed,12.25,0.006666666666666667,2023-03-19 14:20:00,2023-03-19 16:06:00,,2023-03-19 23:52:00,2023-03-20 01:38:00,106.0
J184,M04,Completed,9.7,0.0,2023-03-19 14:30:00,2023-03-19 15:59:00,,2023-03-20 01:38:00,2023-03-20 03:07:00,89.0
J185,M04,Completed,6.07,0.006666666666666667,2023-03-19 14:40:00,2023-03-19 15:30:00,,2023-03-20 03:07:00,2023-03-20 03:57:00,50.0
J187,M04,Failed,10.29,0.9733333333333334,2023-03-19 15:00:00,2023-03-19 16:50:00,,2023-03-20 03:57:00,2023-03-20 05:47:00,110.0
J190,M04,Delayed,10.25,1.0,2023-03-19 15:30:00,2023-03-19 16:20:00,,2023-03-20 05:47:00,2023-03-20 06:37:00,50.0
J193,M04,Completed,14.08,0.0,2023-03-19 16:00:00,2023-03-19 17:20:00,,2023-03-20 06:37:00,2023-03-20 07:57:00,80.0
J198,M04,Completed,2.46,0.07333333333333333,2023-03-19 16:50:00,2023-03-19 18:04:00,,2023-03-20 07:57:00,2023-03-20 09:11:00,74.0
J199,M04,Completed,7.61,0.0,2023-03-19 17:00:00,2023-03-19 18:30:00,,2023-03-20 09:11:00,2023-03-20 10:41:00,90.0
J201,M04,Failed,9.24,0.9933333333333333,2023-03-19 17:20:00,2023-03-19 18:12:00,,2023-03-20 10:41:00,2023-03-20 11:33:00,52.0
J205,M04,Failed,10.18,0.88,2023-03-19 18:00:00,2023-03-19 19:29:00,,2023-03-20 11:33:00,2023-03-20 13:02:00,89.0
J206,M04,Delayed,3.08,1.0,2023-03-19 18:10:00,2023-03-19 19:39:00,,2023-03-20 13:02:00,2023-03-20 14:31:00,89.0
J210,M04,Completed,10.49,0.006666666666666667,2023-03-19 18:50:00,2023-03-19 20:06:00,,2023-03-20 14:31:00,2023-03-20 15:47:00,76.0
J214,M04,Completed,4.59,0.0,2023-03-19 19:30:00,2023-03-19 20:06:00,,2023-03-20 15:47:00,2023-03-20 16:23:00,36.0
J226,M04,Completed,7.9,0.0,2023-03-19 21:30:00,2023-03-19 23:15:00,,2023-03-20 16:23:00,2023-03-20 18:08:00,105.0
J233,M04,Completed,2.35,0.0,2023-03-19 22:40:00,2023-03-20 00:08:00,,2023-03-20 18:08:00,2023-03-20 19:36:00,88.0
J260,M04,Failed,4.55,0.98,2023-03-20 03:10:00,2023-03-20 03:57:00,,2023-03-20 19:36:00,2023-03-20 20:23:00,47.0
J263,M04,Completed,14.87,0.013333333333333334,2023-03-20 03:40:00,2023-03-20 04:18:00,,2023-03-20 20:23:00,2023-03-20 21:01:00,38.0
J264,M04,Delayed,13.92,1.0,2023-03-20 03:50:00,2023-03-20 05:02:00,,2023-03-20 21:01:00,2023-03-20 22:13:00,72.0
J265,M04,Completed,6.15,0.0,2023-03-20 04:00:00,2023-03-20 05:37:00,,2023-03-20 22:13:00,2023-03-20 23:50:00,97.0
J268,M04,Completed,6.98,0.006666666666666667,2023-03-20 04:30:00,2023-03-20 06:15:00,,2023-03-20 23:50:00,2023-03-21 01:35:00,105.0
J270,M04,Completed,14.44,0.0,2023-03-20 04:50:00,2023-03-20 06:05:00,,2023-03-21 01:35:00,2023-03-21 02:50:00,75.0
J272,M04,Completed,13.68,0.0,2023-03-20 05:10:00,2023-03-20 06:05:00,,2023-03-21 02:50:00,2023-03-21 03:45:00,55.0
J279,M04,Completed,2.45,0.006666666666666667,2023-03-20 06:20:00,2023-03-20 07:24:00,,2023-03-21 03:45:00,2023-03-21 04:49:00,64.0
J286,M04,Completed,6.69,0.006666666666666667,2023-03-20 07:30:00,2023-03-20 09:17:00,,2023-03-21 04:49:00,2023-03-21 06:36:00,107.0
J292,M04,Completed,9.8,0.0,2023-03-20 08:30:00,2023-03-20 10:03:00,,2023-03-21 06:36:00,2023-03-21 08:09:00,93.0
J293,M04,Completed,13.09,0.0,2023-03-20 08:40:00,2023-03-20 10:23:00,,2023-03-21 08:09:00,2023-03-21 09:52:00,103.0
J298,M04,Completed,4.79,0.006666666666666667,2023-03-20 09:30:00,2023-03-20 11:26:00,,2023-03-21 09:52:00,2023-03-21 11:48:00,116.0
J299,M04,Delayed,3.92,1.0,2023-03-20 09:40:00,2023-03-20 10:03:00,,2023-03-21 11:48:00,2023-03-21 12:11:00,23.0
J300,M04,Completed,6.24,0.02,2023-03-20 09:50:00,2023-03-20 10:10:00,,2023-03-21 12:11:00,2023-03-21 12:31:00,20.0
J302,M04,Delayed,14.65,1.0,2023-03-20 10:10:00,2023-03-20 11:02:00,,2023-03-21 12:31:00,2023-03-21 13:23:00,52.0
J310,M04,Completed,8.24,0.0,2023-03-20 11:30:00,2023-03-20 12:20:00,,2023-03-21 13:23:00,2023-03-21 14:13:00,50.0
J312,M04,Failed,6.84,0.98,2023-03-20 11:50:00,2023-03-20 13:25:00,,2023-03-21 14:13:00,2023-03-21 15:48:00,95.0
J320,M04,Completed,2.7,0.0,2023-03-20 13:10:00,2023-03-20 13:49:00,,2023-03-21 15:48:00,2023-03-21 16:27:00,39.0
J327,M04,Completed,11.29,0.0,2023-03-20 14:20:00,2023-03-20 15:33:00,,2023-03-21 16:27:00,2023-03-21 17:40:00,73.0
J331,M04,Completed,5.78,0.0,2023-03-20 15:00:00,2023-03-20 15:27:00,,2023-03-21 17:40:00,2023-03-21 18:07:00,27.0
J334,M04,Failed,5.28,0.9933333333333333,2023-03-20 15:30:00,2023-03-20 16:37:00,,2023-03-21 18:07:00,2023-03-21 19:14:00,67.0
J342,M04,Failed,5.0,0.9466666666666667,2023-03-20 16:50:00,2023-03-20 18:48:00,,2023-03-21 19:14:00,2023-03-21 21:12:00,118.0
J346,M04,Completed,13.78,0.0,2023-03-20 17:30:00,2023-03-20 17:59:00,,2023-03-21 21:12:00,2023-03-21 21:41:00,29.0
J349,M04,Completed,10.39,0.006666666666666667,2023-03-20 18:00:00,2023-03-20 19:26:00,,2023-03-21 21:41:00,2023-03-21 23:07:00,86.0
J351,M04,Completed,9.83,0.006666666666666667,2023-03-20 18:20:00,2023-03-20 19:11:00,,2023-03-21 23:07:00,2023-03-21 23:58:00,51.0
J359,M04,Completed,7.96,0.0,2023-03-20 19:40:00,2023-03-20 21:10:00,,2023-03-21 23:58:00,2023-03-22 01:28:00,90.0
J363,M04,Completed,3.21,0.006666666666666667,2023-03-20 20:20:00,2023-03-20 22:18:00,,2023-03-22 01:28:00,2023-03-22 03:26:00,118.0
J369,M04,Completed,5.98,0.0,2023-03-20 21:20:00,2023-03-20 22:36:00,,2023-03-22 03:26:00,2023-03-22 04:42:00,76.0
J370,M04,Failed,14.26,1.0,2023-03-20 21:30:00,2023-03-20 22:17:00,,2023-03-22 04:42:00,2023-03-22 05:29:00,47.0
J376,M04,Completed,13.19,0.006666666666666667,2023-03-20 22:30:00,2023-03-20 23:22:00,,2023-03-22 05:29:00,2023-03-22 06:21:00,52.0
J382,M04,Completed,14.49,0.0,2023-03-20 23:30:00,2023-03-21 00:42:00,,2023-03-22 06:21:00,2023-03-22 07:33:00,72.0
J390,M04,Delayed,11.35,1.0,2023-03-21 00:50:00,2023-03-21 02:06:00,,2023-03-22 07:33:00,2023-03-22 08:49:00,76.0
J401,M04,Failed,8.1,0.98,2023-03-21 02:40:00,2023-03-21 03:29:00,,2023-03-22 08:49:00,2023-03-22 09:38:00,49.0
J402,M04,Completed,10.78,0.006666666666666667,2023-03-21 02:50:00,2023-03-21 04:43:00,,2023-03-22 09:38:00,2023-03-22 11:31:00,113.0
J413,M04,Completed,4.23,0.006666666666666667,2023-03-21 04:40:00,2023-03-21 05:02:00,,2023-03-22 11:31:00,2023-03-22 11:53:00,22.0
J418,M04,Completed,8.17,0.0,2023-03-21 05:30:00,2023-03-21 06:10:00,,2023-03-22 11:53:00,2023-03-22 12:33:00,40.0
J433,M04,Completed,9.54,0.0,2023-03-21 08:00:00,2023-03-21 08:46:00,,2023-03-22 12:33:00,2023-03-22 13:19:00,46.0
J436,M04,Delayed,3.27,0.9933333333333333,2023-03-21 08:30:00,2023-03-21 09:29:00,,2023-03-22 13:19:00,2023-03-22 14:18:00,59.0
J438,M04,Delayed,14.03,0.98,2023-03-21 08:50:00,2023-03-21 10:39:00,,2023-03-22 14:18:00,2023-03-22 16:07:00,109.0
J440,M04,Completed,2.65,0.0,2023-03-21 09:10:00,2023-03-21 10:48:00,,2023-03-22 16:07:00,2023-03-22 17:45:00,98.0
J441,M04,Failed,4.8,0.9933333333333333,2023-03-21 09:20:00,2023-03-21 10:22:00,,2023-03-22 17:45:00,2023-03-22 18:47:00,62.0
J445,M04,Completed,5.06,0.0,2023-03-21 10:00:00,2023-03-21 10:56:00,,2023-03-22 18:47:00,2023-03-22 19:43:00,56.0
J460,M04,Completed,4.74,0.0,2023-03-21 12:30:00,2023-03-21 14:15:00,,2023-03-22 19:43:00,2023-03-22 21:28:00,105.0
J469,M04,Completed,9.17,0.0,2023-03-21 14:00:00,2023-03-21 15:59:00,,2023-03-22 21:28:00,2023-03-22 23:27:00,119.0
J473,M04,Completed,12.21,0.013333333333333334,2023-03-21 14:40:00,2023-03-21 16:00:00,,2023-03-22 23:27:00,2023-03-23 00:47:00,80.0
J474,M04,Delayed,5.65,1.0,2023-03-21 14:50:00,2023-03-21 15:42:00,,2023-03-23 00:47:00,2023-03-23 01:39:00,52.0
J484,M04,Completed,6.81,0.006666666666666667,2023-03-21 16:30:00,2023-03-21 18:21:00,,2023-03-23 01:39:00,2023-03-23 03:30:00,111.0
J489,M04,Completed,4.17,0.0,2023-03-21 17:20:00,2023-03-21 17:57:00,,2023-03-23 03:30:00,2023-03-23 04:07:00,37.0
J492,M04,Completed,5.53,0.0,2023-03-21 17:50:00,2023-03-21 18:55:00,,2023-03-23 04:07:00,2023-03-23 05:12:00,65.0
J496,M04,Failed,8.37,0.9733333333333334,2023-03-21 18:30:00,2023-03-21 19:08:00,,2023-03-23 05:12:00,2023-03-23 05:50:00,38.0
J508,M04,Delayed,6.72,1.0,2023-03-21 20:30:00,2023-03-21 21:47:00,,2023-03-23 05:50:00,2023-03-23 07:07:00,77.0
J517,M04,Completed,14.84,0.013333333333333334,2023-03-21 22:00:00,2023-03-21 23:06:00,,2023-03-23 07:07:00,2023-03-23 08:13:00,66.0
J520,M04,Failed,6.56,0.9933333333333333,2023-03-21 22:30:00,2023-03-21 23:04:00,,2023-03-23 08:13:00,2023-03-23 08:47:00,34.0
J522,M04,Delayed,11.99,0.9933333333333333,2023-03-21 22:50:00,2023-03-21 23:14:00,,2023-03-23 08:47:00,2023-03-23 09:11:00,24.0
J529,M04,Failed,9.47,0.9933333333333333,2023-03-22 00:00:00,2023-03-22 01:42:00,,2023-03-23 09:11:00,2023-03-23 10:53:00,102.0
J530,M04,Delayed,9.93,0.9933333333333333,2023-03-22 00:10:00,2023-03-22 01:37:00,,2023-03-23 10:53:00,2023-03-23 12:20:00,87.0
J546,M04,Completed,7.55,0.006666666666666667,2023-03-22 02:50:00,2023-03-22 04:25:00,,2023-03-23 12:20:00,2023-03-23 13:55:00,95.0
J547,M04,Completed,6.39,0.0,2023-03-22 03:00:00,2023-03-22 04:40:00,,2023-03-23 13:55:00,2023-03-23 15:35:00,100.0
J548,M04,Completed,5.14,0.0,2023-03-22 03:10:00,2023-03-22 03:31:00,,2023-03-23 15:35:00,2023-03-23 15:56:00,21.0
J549,M04,Completed,14.7,0.0,2023-03-22 03:20:00,2023-03-22 04:21:00,,2023-03-23 15:56:00,2023-03-23 16:57:00,61.0
J554,M04,Completed,6.97,0.006666666666666667,2023-03-22 04:10:00,2023-03-22 05:43:00,,2023-03-23 16:57:00,2023-03-23 18:30:00,93.0
J557,M04,Completed,4.66,0.0,2023-03-22 04:40:00,2023-03-22 05:24:00,,2023-03-23 18:30:00,2023-03-23 19:14:00,44.0
J561,M04,Completed,8.3,0.0,2023-03-22 05:20:00,2023-03-22 06:04:00,,2023-03-23 19:14:00,2023-03-23 19:58:00,44.0
J572,M04,Completed,11.44,0.0,2023-03-22 07:10:00,2023-03-22 08:40:00,,2023-03-23 19:58:00,2023-03-23 21:28:00,90.0
J577,M04,Delayed,5.13,1.0,2023-03-22 08:00:00,2023-03-22 09:39:00,,2023-03-23 21:28:00,2023-03-23 23:07:00,99.0
J580,M04,Completed,9.13,0.006666666666666667,2023-03-22 08:30:00,2023-03-22 08:58:00,,2023-03-23 23:07:00,2023-03-23 23:35:00,28.0
J588,M04,Failed,13.0,0.9266666666666666,2023-03-22 09:50:00,2023-03-22 11:26:00,,2023-03-23 23:35:00,2023-03-24 01:11:00,96.0
J597,M04,Completed,11.0,0.0,2023-03-22 11:20:00,2023-03-22 12:24:00,,2023-03-24 01:11:00,2023-03-24 02:15:00,64.0
J598,M04,Completed,2.43,0.14,2023-03-22 11:30:00,2023-03-22 13:12:00,,2023-03-24 02:15:00,2023-03-24 03:57:00,102.0
J599,M04,Delayed,7.05,0.9933333333333333,2023-03-22 11:40:00,2023-03-22 13:05:00,,2023-03-24 03:57:00,2023-03-24 05:22:00,85.0
J602,M04,Delayed,7.93,1.0,2023-03-22 12:10:00,2023-03-22 13:29:00,,2023-03-24 05:22:00,2023-03-24 06:41:00,79.0
J605,M04,Completed,9.27,0.0,2023-03-22 12:40:00,2023-03-22 13:05:00,,2023-03-24 06:41:00,2023-03-24 07:06:00,25.0
J623,M04,Completed,9.16,0.0,2023-03-22 15:40:00,2023-03-22 17:29:00,,2023-03-24 07:06:00,2023-03-24 08:55:00,109.0
J635,M04,Failed,7.9,0.96,2023-03-22 17:40:00,2023-03-22 19:23:00,,2023-03-24 08:55:00,2023-03-24 10:38:00,103.0
J637,M04,Failed,13.13,0.9866666666666667,2023-03-22 18:00:00,2023-03-22 19:25:00,,2023-03-24 10:38:00,2023-03-24 12:03:00,85.0
J642,M04,Delayed,11.89,1.0,2023-03-22 18:50:00,2023-03-22 19:33:00,,2023-03-24 12:03:00,2023-03-24 12:46:00,43.0
J650,M04,Completed,9.56,0.0,2023-03-22 20:10:00,2023-03-22 21:50:00,,2023-03-24 12:46:00,2023-03-24 14:26:00,100.0
J653,M04,Delayed,12.56,0.9933333333333333,2023-03-22 20:40:00,2023-03-22 21:01:00,,2023-03-24 14:26:00,2023-03-24 14:47:00,21.0
J655,M04,Completed,4.61,0.0,2023-03-22 21:00:00,2023-03-22 21:46:00,,2023-03-24 14:47:00,2023-03-24 15:33:00,46.0
J661,M04,Completed,13.23,0.0,2023-03-22 22:00:00,2023-03-22 23:19:00,,2023-03-24 15:33:00,2023-03-24 16:52:00,79.0
J681,M04,Completed,11.06,0.006666666666666667,2023-03-23 01:20:00,2023-03-23 02:27:00,,2023-03-24 16:52:00,2023-03-24 17:59:00,67.0
J683,M04,Completed,6.99,0.0,2023-03-23 01:40:00,2023-03-23 02:26:00,,2023-03-24 17:59:00,2023-03-24 18:45:00,46.0
J697,M04,Delayed,7.6,0.9933333333333333,2023-03-23 04:00:00,2023-03-23 05:14:00,,2023-03-24 18:45:00,2023-03-24 19:59:00,74.0
J707,M04,Delayed,6.24,0.9866666666666667,2023-03-23 05:40:00,2023-03-23 06:21:00,,2023-03-24 19:59:00,2023-03-24 20:40:00,41.0
J709,M04,Failed,13.22,0.9866666666666667,2023-03-23 06:00:00,2023-03-23 07:21:00,,2023-03-24 20:40:00,2023-03-24 22:01:00,81.0
J711,M04,Completed,11.54,0.0,2023-03-23 06:20:00,2023-03-23 06:58:00,,2023-03-24 22:01:00,2023-03-24 22:39:00,38.0
J714,M04,Delayed,5.4,0.9933333333333333,2023-03-23 06:50:00,2023-03-23 07:32:00,,2023-03-24 22:39:00,2023-03-24 23:21:00,42.0
J718,M04,Completed,5.32,0.013333333333333334,2023-03-23 07:30:00,2023-03-23 09:11:00,,2023-03-24 23:21:00,2023-03-25 01:02:00,101.0
J719,M04,Completed,4.96,0.0,2023-03-23 07:40:00,2023-03-23 09:12:00,,2023-03-25 01:02:00,2023-03-25 02:34:00,92.0
J722,M04,Completed,14.48,0.0,2023-03-23 08:10:00,2023-03-23 08:50:00,,2023-03-25 02:34:00,2023-03-25 03:14:00,40.0
J723,M04,Failed,4.56,0.9133333333333333,2023-03-23 08:20:00,2023-03-23 10:19:00,,2023-03-25 03:14:00,2023-03-25 05:13:00,119.0
J725,M04,Completed,12.68,0.0,2023-03-23 08:40:00,2023-03-23 10:37:00,,2023-03-25 05:13:00,2023-03-25 07:10:00,117.0
J729,M04,Delayed,4.45,1.0,2023-03-23 09:20:00,2023-03-23 10:09:00,,2023-03-25 07:10:00,2023-03-25 07:59:00,49.0
J732,M04,Completed,2.33,0.0,2023-03-23 09:50:00,2023-03-23 10:21:00,,2023-03-25 07:59:00,2023-03-25 08:30:00,31.0
J739,M04,Completed,11.77,0.0,2023-03-23 11:00:00,2023-03-23 12:38:00,,2023-03-25 08:30:00,2023-03-25 10:08:00,98.0
J743,M04,Failed,6.9,1.0,2023-03-23 11:40:00,2023-03-23 12:33:00,,2023-03-25 10:08:00,2023-03-25 11:01:00,53.0
J752,M04,Delayed,12.13,0.9866666666666667,2023-03-23 13:10:00,2023-03-23 15:00:00,,2023-03-25 11:01:00,2023-03-25 12:51:00,110.0
J755,M04,Delayed,10.96,0.9933333333333333,2023-03-23 13:40:00,2023-03-23 15:40:00,,2023-03-25 12:51:00,2023-03-25 14:51:00,120.0
J757,M04,Completed,7.84,0.0,2023-03-23 14:00:00,2023-03-23 15:07:00,,2023-03-25 14:51:00,2023-03-25 15:58:00,67.0
J758,M04,Completed,2.32,0.006666666666666667,2023-03-23 14:10:00,2023-03-23 14:42:00,,2023-03-25 15:58:00,2023-03-25 16:30:00,32.0
J759,M04,Delayed,12.41,0.9866666666666667,2023-03-23 14:20:00,2023-03-23 16:13:00,,2023-03-25 16:30:00,2023-03-25 18:23:00,113.0
J762,M04,Completed,11.27,0.0,2023-03-23 14:50:00,2023-03-23 16:06:00,,2023-03-25 18:23:00,2023-03-25 19:39:00,76.0
J764,M04,Completed,3.23,0.0,2023-03-23 15:10:00,2023-03-23 16:47:00,,2023-03-25 19:39:00,2023-03-25 21:16:00,97.0
J766,M04,Delayed,8.86,1.0,2023-03-23 15:30:00,2023-03-23 17:08:00,,2023-03-25 21:16:00,2023-03-25 22:54:00,98.0
J768,M04,Completed,5.3,0.013333333333333334,2023-03-23 15:50:00,2023-03-23 17:17:00,,2023-03-25 22:54:00,2023-03-26 00:21:00,87.0
J772,M04,Delayed,12.02,1.0,2023-03-23 16:30:00,2023-03-23 17:41:00,,2023-03-26 00:21:00,2023-03-26 01:32:00,71.0
J785,M04,Completed,5.17,0.0,2023-03-23 18:40:00,2023-03-23 20:17:00,,2023-03-26 01:32:00,2023-03-26 03:09:00,97.0
J788,M04,Failed,5.25,0.9866666666666667,2023-03-23 19:10:00,2023-03-23 20:35:00,,2023-03-26 03:09:00,2023-03-26 04:34:00,85.0
J792,M04,Completed,4.08,0.0,2023-03-23 19:50:00,2023-03-23 21:00:00,,2023-03-26 04:34:00,2023-03-26 05:44:00,70.0
J810,M04,Completed,3.53,0.0,2023-03-23 22:50:00,2023-03-24 00:14:00,,2023-03-26 05:44:00,2023-03-26 07:08:00,84.0
J815,M04,Failed,4.94,0.98,2023-03-23 23:40:00,2023-03-24 01:23:00,,2023-03-26 07:08:00,2023-03-26 08:51:00,103.0
J820,M04,Delayed,13.79,0.9933333333333333,2023-03-24 00:30:00,2023-03-24 02:19:00,,2023-03-26 08:51:00,2023-03-26 10:40:00,109.0
J821,M04,Completed,8.58,0.0,2023-03-24 00:40:00,2023-03-24 01:04:00,,2023-03-26 10:40:00,2023-03-26 11:04:00,24.0
J830,M04,Completed,3.36,0.0,2023-03-24 02:10:00,2023-03-24 02:34:00,,2023-03-26 11:04:00,2023-03-26 11:28:00,24.0
J834,M04,Completed,12.87,0.0,2023-03-24 02:50:00,2023-03-24 04:01:00,,2023-03-26 11:28:00,2023-03-26 12:39:00,71.0
J841,M04,Delayed,4.38,1.0,2023-03-24 04:00:00,2023-03-24 05:31:00,,2023-03-26 12:39:00,2023-03-26 14:10:00,91.0
J844,M04,Completed,8.75,0.0,2023-03-24 04:30:00,2023-03-24 05:28:00,,2023-03-26 14:10:00,2023-03-26 15:08:00,58.0
J845,M04,Completed,14.19,0.02,2023-03-24 04:40:00,2023-03-24 05:20:00,,2023-03-26 15:08:00,2023-03-26 15:48:00,40.0
J847,M04,Failed,6.05,0.9933333333333333,2023-03-24 05:00:00,2023-03-24 06:13:00,,2023-03-26 15:48:00,2023-03-26 17:01:00,73.0
J855,M04,Completed,13.56,0.006666666666666667,2023-03-24 06:20:00,2023-03-24 07:50:00,,2023-03-26 17:01:00,2023-03-26 18:31:00,90.0
J856,M04,Failed,7.53,0.9666666666666667,2023-03-24 06:30:00,2023-03-24 07:32:00,,2023-03-26 18:31:00,2023-03-26 19:33:00,62.0
J857,M04,Completed,13.79,0.0,2023-03-24 06:40:00,2023-03-24 07:42:00,,2023-03-26 19:33:00,2023-03-26 20:35:00,62.0
J859,M04,Delayed,10.09,0.9933333333333333,2023-03-24 07:00:00,2023-03-24 07:28:00,,2023-03-26 20:35:00,2023-03-26 21:03:00,28.0
J860,M04,Completed,8.07,0.0,2023-03-24 07:10:00,2023-03-24 08:52:00,,2023-03-26 21:03:00,2023-03-26 22:45:00,102.0
J865,M04,Completed,7.76,0.006666666666666667,2023-03-24 08:00:00,2023-03-24 09:17:00,,2023-03-26 22:45:00,2023-03-27 00:02:00,77.0
J868,M04,Delayed,7.36,0.9933333333333333,2023-03-24 08:30:00,2023-03-24 09:03:00,,2023-03-27 00:02:00,2023-03-27 00:35:00,33.0
J869,M04,Completed,13.37,0.0,2023-03-24 08:40:00,2023-03-24 09:19:00,,2023-03-27 00:35:00,2023-03-27 01:14:00,39.0
J886,M04,Completed,9.4,0.013333333333333334,2023-03-24 11:30:00,2023-03-24 11:55:00,,2023-03-27 01:14:00,2023-03-27 01:39:00,25.0
J887,M04,Completed,11.47,0.0,2023-03-24 11:40:00,2023-03-24 13:25:00,,2023-03-27 01:39:00,2023-03-27 03:24:00,105.0
J893,M04,Completed,12.2,0.0,2023-03-24 12:40:00,2023-03-24 14:35:00,,2023-03-27 03:24:00,2023-03-27 05:19:00,115.0
J896,M04,Completed,2.05,0.04,2023-03-24 13:10:00,2023-03-24 14:59:00,,2023-03-27 05:19:00,2023-03-27 07:08:00,109.0
J909,M04,Completed,13.6,0.0,2023-03-24 15:20:00,2023-03-24 17:16:00,,2023-03-27 07:08:00,2023-03-27 09:04:00,116.0
J912,M04,Failed,13.88,1.0,2023-03-24 15:50:00,2023-03-24 17:02:00,,2023-03-27 09:04:00,2023-03-27 10:16:00,72.0
J917,M04,Completed,6.24,0.0,2023-03-24 16:40:00,2023-03-24 17:20:00,,2023-03-27 10:16:00,2023-03-27 10:56:00,40.0
J918,M04,Failed,12.06,0.9666666666666667,2023-03-24 16:50:00,2023-03-24 18:46:00,,2023-03-27 10:56:00,2023-03-27 12:52:00,116.0
J920,M04,Completed,9.59,0.013333333333333334,2023-03-24 17:10:00,2023-03-24 17:53:00,,2023-03-27 12:52:00,2023-03-27 13:35:00,43.0
J924,M04,Delayed,3.01,0.9733333333333334,2023-03-24 17:50:00,2023-03-24 19:14:00,,2023-03-27 13:35:00,2023-03-27 14:59:00,84.0
J942,M04,Completed,4.97,0.006666666666666667,2023-03-24 20:50:00,2023-03-24 21:10:00,,2023-03-27 14:59:00,2023-03-27 15:19:00,20.0
J943,M04,Failed,12.6,0.9866666666666667,2023-03-24 21:00:00,2023-03-24 22:11:00,,2023-03-27 15:19:00,2023-03-27 16:30:00,71.0
J945,M04,Delayed,2.46,0.9933333333333333,2023-03-24 21:20:00,2023-03-24 21:53:00,,2023-03-27 16:30:00,2023-03-27 17:03:00,33.0
J950,M04,Completed,4.0,0.0,2023-03-24 22:10:00,2023-03-24 23:42:00,,2023-03-27 17:03:00,2023-03-27 18:35:00,92.0
J955,M04,Failed,14.79,0.9066666666666666,2023-03-24 23:00:00,2023-03-24 23:55:00,,2023-03-27 18:35:00,2023-03-27 19:30:00,55.0
J959,M04,Completed,14.44,0.0,2023-03-24 23:40:00,2023-03-25 01:04:00,,2023-03-27 19:30:00,2023-03-27 20:54:00,84.0
J960,M04,Completed,3.03,0.0,2023-03-24 23:50:00,2023-03-25 01:18:00,,2023-03-27 20:54:00,2023-03-27 22:22:00,88.0
J961,M04,Completed,2.24,0.0,2023-03-25 00:00:00,2023-03-25 01:33:00,,2023-03-27 22:22:00,2023-03-27 23:55:00,93.0
J963,M04,Completed,11.33,0.006666666666666667,2023-03-25 00:20:00,2023-03-25 02:01:00,,2023-03-27 23:55:00,2023-03-28 01:36:00,101.0
J970,M04,Completed,4.4,0.006666666666666667,2023-03-25 01:30:00,2023-03-25 02:45:00,,2023-03-28 01:36:00,2023-03-28 02:51:00,75.0
J984,M04,Delayed,9.05,1.0,2023-03-25 03:50:00,2023-03-25 05:04:00,,2023-03-28 02:51:00,2023-03-28 04:05:00,74.0
J988,M04,Completed,8.83,0.0,2023-03-25 04:30:00,2023-03-25 06:14:00,,2023-03-28 04:05:00,2023-03-28 05:49:00,104.0
J008,M05,Completed,13.86,0.0,2023-03-18 09:10:00,2023-03-18 10:29:00,,2023-03-18 09:10:00,2023-03-18 10:29:00,79.0
J015,M05,Completed,3.67,0.0,2023-03-18 10:20:00,2023-03-18 12:04:00,,2023-03-18 10:29:00,2023-03-18 12:13:00,104.0
J018,M05,Completed,10.95,0.0,2023-03-18 10:50:00,2023-03-18 11:45:00,,2023-03-18 12:13:00,2023-03-18 13:08:00,55.0
J020,M05,Completed,14.19,0.0,2023-03-18 11:10:00,2023-03-18 11:52:00,,2023-03-18 13:08:00,2023-03-18 13:50:00,42.0
J030,M05,Completed,10.36,0.006666666666666667,2023-03-18 12:50:00,2023-03-18 13:56:00,,2023-03-18 13:50:00,2023-03-18 14:56:00,66.0
J052,M05,Completed,9.2,0.006666666666666667,2023-03-18 16:30:00,2023-03-18 16:53:00,,2023-03-18 16:30:00,2023-03-18 16:53:00,23.0
J054,M05,Delayed,6.66,1.0,2023-03-18 16:50:00,2023-03-18 17:54:00,,2023-03-18 16:53:00,2023-03-18 17:57:00,64.0
J055,M05,Completed,13.1,0.006666666666666667,2023-03-18 17:00:00,2023-03-18 18:56:00,,2023-03-18 17:57:00,2023-03-18 19:53:00,116.0
J059,M05,Delayed,6.06,1.0,2023-03-18 17:40:00,2023-03-18 18:42:00,,2023-03-18 19:53:00,2023-03-18 20:55:00,62.0
J072,M05,Completed,6.05,0.0,2023-03-18 19:50:00,2023-03-18 20:58:00,,2023-03-18 20:55:00,2023-03-18 22:03:00,68.0
J075,M05,Completed,7.52,0.0,2023-03-18 20:20:00,2023-03-18 21:45:00,,2023-03-18 22:03:00,2023-03-18 23:28:00,85.0
J079,M05,Delayed,7.43,0.9933333333333333,2023-03-18 21:00:00,2023-03-18 22:24:00,,2023-03-18 23:28:00,2023-03-19 00:52:00,84.0
J084,M05,Delayed,11.36,0.9933333333333333,2023-03-18 21:50:00,2023-03-18 23:07:00,,2023-03-19 00:52:00,2023-03-19 02:09:00,77.0
J086,M05,Completed,14.07,0.0,2023-03-18 22:10:00,2023-03-18 23:27:00,,2023-03-19 02:09:00,2023-03-19 03:26:00,77.0
J094,M05,Delayed,7.61,1.0,2023-03-18 23:30:00,2023-03-19 00:21:00,,2023-03-19 03:26:00,2023-03-19 04:17:00,51.0
J096,M05,Delayed,10.67,0.9866666666666667,2023-03-18 23:50:00,2023-03-19 01:40:00,,2023-03-19 04:17:00,2023-03-19 06:07:00,110.0
J099,M05,Failed,3.17,0.92,2023-03-19 00:20:00,2023-03-19 00:53:00,,2023-03-19 06:07:00,2023-03-19 06:40:00,33.0
J101,M05,Completed,4.73,0.0,2023-03-19 00:40:00,2023-03-19 01:17:00,,2023-03-19 06:40:00,2023-03-19 07:17:00,37.0
J103,M05,Delayed,9.97,1.0,2023-03-19 01:00:00,2023-03-19 02:45:00,,2023-03-19 07:17:00,2023-03-19 09:02:00,105.0
J104,M05,Completed,8.45,0.0,2023-03-19 01:10:00,2023-03-19 02:12:00,,2023-03-19 09:02:00,2023-03-19 10:04:00,62.0
J108,M05,Completed,14.78,0.006666666666666667,2023-03-19 01:50:00,2023-03-19 03:08:00,,2023-03-19 10:04:00,2023-03-19 11:22:00,78.0
J109,M05,Completed,5.14,0.013333333333333334,2023-03-19 02:00:00,2023-03-19 03:42:00,,2023-03-19 11:22:00,2023-03-19 13:04:00,102.0
J110,M05,Completed,9.31,0.006666666666666667,2023-03-19 02:10:00,2023-03-19 03:57:00,,2023-03-19 13:04:00,2023-03-19 14:51:00,107.0
J121,M05,Completed,8.06,0.0,2023-03-19 04:00:00,2023-03-19 04:39:00,,2023-03-19 14:51:00,2023-03-19 15:30:00,39.0
J129,M05,Completed,7.75,0.0,2023-03-19 05:20:00,2023-03-19 06:05:00,,2023-03-19 15:30:00,2023-03-19 16:15:00,45.0
J140,M05,Completed,8.54,0.0,2023-03-19 07:10:00,2023-03-19 08:50:00,,2023-03-19 16:15:00,2023-03-19 17:55:00,100.0
J145,M05,Completed,7.26,0.0,2023-03-19 08:00:00,2023-03-19 08:22:00,,2023-03-19 17:55:00,2023-03-19 18:17:00,22.0
J149,M05,Failed,11.84,0.9733333333333334,2023-03-19 08:40:00,2023-03-19 10:20:00,,2023-03-19 18:17:00,2023-03-19 19:57:00,100.0
J152,M05,Completed,9.32,0.013333333333333334,2023-03-19 09:10:00,2023-03-19 10:56:00,,2023-03-19 19:57:00,2023-03-19 21:43:00,106.0
J153,M05,Completed,5.45,0.0,2023-03-19 09:20:00,2023-03-19 10:26:00,,2023-03-19 21:43:00,2023-03-19 22:49:00,66.0
J158,M05,Completed,7.69,0.0,2023-03-19 10:10:00,2023-03-19 12:03:00,,2023-03-19 22:49:00,2023-03-20 00:42:00,113.0
J164,M05,Delayed,4.22,0.9933333333333333,2023-03-19 11:10:00,2023-03-19 12:06:00,,2023-03-20 00:42:00,2023-03-20 01:38:00,56.0
J171,M05,Completed,13.69,0.0,2023-03-19 12:20:00,2023-03-19 13:32:00,,2023-03-20 01:38:00,2023-03-20 02:50:00,72.0
J176,M05,Completed,2.62,0.006666666666666667,2023-03-19 13:10:00,2023-03-19 14:50:00,,2023-03-20 02:50:00,2023-03-20 04:30:00,100.0
J197,M05,Delayed,9.75,0.98,2023-03-19 16:40:00,2023-03-19 17:01:00,,2023-03-20 04:30:00,2023-03-20 04:51:00,21.0
J203,M05,Delayed,3.81,1.0,2023-03-19 17:40:00,2023-03-19 18:41:00,,2023-03-20 04:51:00,2023-03-20 05:52:00,61.0
J207,M05,Completed,3.53,0.006666666666666667,2023-03-19 18:20:00,2023-03-19 18:41:00,,2023-03-20 05:52:00,2023-03-20 06:13:00,21.0
J218,M05,Delayed,10.74,1.0,2023-03-19 20:10:00,2023-03-19 21:21:00,,2023-03-20 06:13:00,2023-03-20 07:24:00,71.0
J219,M05,Completed,11.19,0.006666666666666667,2023-03-19 20:20:00,2023-03-19 22:07:00,,2023-03-20 07:24:00,2023-03-20 09:11:00,107.0
J220,M05,Completed,4.22,0.0,2023-03-19 20:30:00,2023-03-19 21:40:00,,2023-03-20 09:11:00,2023-03-20 10:21:00,70.0
J224,M05,Delayed,9.63,0.9933333333333333,2023-03-19 21:10:00,2023-03-19 22:35:00,,2023-03-20 10:21:00,2023-03-20 11:46:00,85.0
J227,M05,Delayed,6.97,1.0,2023-03-19 21:40:00,2023-03-19 23:29:00,,2023-03-20 11:46:00,2023-03-20 13:35:00,109.0
J238,M05,Completed,7.18,0.006666666666666667,2023-03-19 23:30:00,2023-03-20 01:05:00,,2023-03-20 13:35:00,2023-03-20 15:10:00,95.0
J242,M05,Completed,10.33,0.0,2023-03-20 00:10:00,2023-03-20 01:52:00,,2023-03-20 15:10:00,2023-03-20 16:52:00,102.0
J252,M05,Completed,13.14,0.0,2023-03-20 01:50:00,2023-03-20 02:28:00,,2023-03-20 16:52:00,2023-03-20 17:30:00,38.0
J254,M05,Delayed,14.38,1.0,2023-03-20 02:10:00,2023-03-20 02:48:00,,2023-03-20 17:30:00,2023-03-20 18:08:00,38.0
J258,M05,Completed,9.23,0.006666666666666667,2023-03-20 02:50:00,2023-03-20 03:18:00,,2023-03-20 18:08:00,2023-03-20 18:36:00,28.0
J262,M05,Failed,4.24,0.9466666666666667,2023-03-20 03:30:00,2023-03-20 05:24:00,,2023-03-20 18:36:00,2023-03-20 20:30:00,114.0
J266,M05,Delayed,12.26,1.0,2023-03-20 04:10:00,2023-03-20 05:46:00,,2023-03-20 20:30:00,2023-03-20 22:06:00,96.0
J274,M05,Completed,4.29,0.013333333333333334,2023-03-20 05:30:00,2023-03-20 05:50:00,,2023-03-20 22:06:00,2023-03-20 22:26:00,20.0
J280,M05,Completed,9.66,0.0,2023-03-20 06:30:00,2023-03-20 07:36:00,,2023-03-20 22:26:00,2023-03-20 23:32:00,66.0
J290,M05,Completed,10.72,0.0,2023-03-20 08:10:00,2023-03-20 09:31:00,,2023-03-20 23:32:00,2023-03-21 00:53:00,81.0
J303,M05,Completed,6.46,0.006666666666666667,2023-03-20 10:20:00,2023-03-20 10:58:00,,2023-03-21 00:53:00,2023-03-21 01:31:00,38.0
J305,M05,Completed,12.46,0.0,2023-03-20 10:40:00,2023-03-20 12:09:00,,2023-03-21 01:31:00,2023-03-21 03:00:00,89.0
J313,M05,Failed,4.65,1.0,2023-03-20 12:00:00,2023-03-20 12:59:00,,2023-03-21 03:00:00,2023-03-21 03:59:00,59.0
J314,M05,Completed,10.52,0.0,2023-03-20 12:10:00,2023-03-20 14:03:00,,2023-03-21 03:59:00,2023-03-21 05:52:00,113.0
J315,M05,Completed,4.67,0.0,2023-03-20 12:20:00,2023-03-20 13:11:00,,2023-03-21 05:52:00,2023-03-21 06:43:00,51.0
J317,M05,Completed,4.67,0.0,2023-03-20 12:40:00,2023-03-20 13:50:00,,2023-03-21 06:43:00,2023-03-21 07:53:00,70.0
J324,M05,Delayed,11.65,0.9733333333333334,2023-03-20 13:50:00,2023-03-20 14:11:00,,2023-03-21 07:53:00,2023-03-21 08:14:00,21.0
J328,M05,Completed,13.77,0.0,2023-03-20 14:30:00,2023-03-20 15:27:00,,2023-03-21 08:14:00,2023-03-21 09:11:00,57.0
J329,M05,Delayed,2.64,0.98,2023-03-20 14:40:00,2023-03-20 15:54:00,,2023-03-21 09:11:00,2023-03-21 10:25:00,74.0
J332,M05,Completed,9.52,0.04,2023-03-20 15:10:00,2023-03-20 17:04:00,,2023-03-21 10:25:00,2023-03-21 12:19:00,114.0
J335,M05,Completed,13.01,0.0,2023-03-20 15:40:00,2023-03-20 16:39:00,,2023-03-21 12:19:00,2023-03-21 13:18:00,59.0
J336,M05,Completed,10.4,0.02,2023-03-20 15:50:00,2023-03-20 16:15:00,,2023-03-21 13:18:00,2023-03-21 13:43:00,25.0
J340,M05,Delayed,6.8,0.9933333333333333,2023-03-20 16:30:00,2023-03-20 17:28:00,,2023-03-21 13:43:00,2023-03-21 14:41:00,58.0
J345,M05,Failed,6.03,0.9933333333333333,2023-03-20 17:20:00,2023-03-20 17:57:00,,2023-03-21 14:41:00,2023-03-21 15:18:00,37.0
J357,M05,Completed,11.31,0.0,2023-03-20 19:20:00,2023-03-20 21:16:00,,2023-03-21 15:18:00,2023-03-21 17:14:00,116.0
J360,M05,Completed,8.0,0.0,2023-03-20 19:50:00,2023-03-20 20:19:00,,2023-03-21 17:14:00,2023-03-21 17:43:00,29.0
J361,M05,Completed,4.43,0.006666666666666667,2023-03-20 20:00:00,2023-03-20 21:23:00,,2023-03-21 17:43:00,2023-03-21 19:06:00,83.0
J364,M05,Completed,6.41,0.006666666666666667,2023-03-20 20:30:00,2023-03-20 22:25:00,,2023-03-21 19:06:00,2023-03-21 21:01:00,115.0
J365,M05,Completed,9.52,0.0,2023-03-20 20:40:00,2023-03-20 22:26:00,,2023-03-21 21:01:00,2023-03-21 22:47:00,106.0
J367,M05,Completed,12.38,0.006666666666666667,2023-03-20 21:00:00,2023-03-20 21:38:00,,2023-03-21 22:47:00,2023-03-21 23:25:00,38.0
J373,M05,Completed,4.05,0.0,2023-03-20 22:00:00,2023-03-20 23:35:00,,2023-03-21 23:25:00,2023-03-22 01:00:00,95.0
J375,M05,Failed,12.16,1.0,2023-03-20 22:20:00,2023-03-21 00:10:00,,2023-03-22 01:00:00,2023-03-22 02:50:00,110.0
J386,M05,Completed,5.47,0.0,2023-03-21 00:10:00,2023-03-21 01:23:00,,2023-03-22 02:50:00,2023-03-22 04:03:00,73.0
J388,M05,Completed,11.46,0.013333333333333334,2023-03-21 00:30:00,2023-03-21 00:54:00,,2023-03-22 04:03:00,2023-03-22 04:27:00,24.0
J397,M05,Failed,8.52,0.9466666666666667,2023-03-21 02:00:00,2023-03-21 02:23:00,,2023-03-22 04:27:00,2023-03-22 04:50:00,23.0
J399,M05,Completed,12.18,0.0,2023-03-21 02:20:00,2023-03-21 03:40:00,,2023-03-22 04:50:00,2023-03-22 06:10:00,80.0
J403,M05,Completed,11.6,0.006666666666666667,2023-03-21 03:00:00,2023-03-21 04:53:00,,2023-03-22 06:10:00,2023-03-22 08:03:00,113.0
J409,M05,Delayed,12.64,0.9933333333333333,2023-03-21 04:00:00,2023-03-21 04:31:00,,2023-03-22 08:03:00,2023-03-22 08:34:00,31.0
J410,M05,Completed,2.77,0.0,2023-03-21 04:10:00,2023-03-21 05:43:00,,2023-03-22 08:34:00,2023-03-22 10:07:00,93.0
J419,M05,Completed,13.53,0.0,2023-03-21 05:40:00,2023-03-21 06:23:00,,2023-03-22 10:07:00,2023-03-22 10:50:00,43.0
J423,M05,Delayed,12.92,0.9933333333333333,2023-03-21 06:20:00,2023-03-21 08:05:00,,2023-03-22 10:50:00,2023-03-22 12:35:00,105.0
J426,M05,Delayed,7.11,1.0,2023-03-21 06:50:00,2023-03-21 08:04:00,,2023-03-22 12:35:00,2023-03-22 13:49:00,74.0
J427,M05,Completed,10.25,0.0,2023-03-21 07:00:00,2023-03-21 08:04:00,,2023-03-22 13:49:00,2023-03-22 14:53:00,64.0
J428,M05,Completed,11.13,0.0,2023-03-21 07:10:00,2023-03-21 07:47:00,,2023-03-22 14:53:00,2023-03-22 15:30:00,37.0
J430,M05,Completed,12.69,0.013333333333333334,2023-03-21 07:30:00,2023-03-21 08:14:00,,2023-03-22 15:30:00,2023-03-22 16:14:00,44.0
J434,M05,Completed,14.22,0.0,2023-03-21 08:10:00,2023-03-21 09:37:00,,2023-03-22 16:14:00,2023-03-22 17:41:00,87.0
J437,M05,Completed,11.57,0.0,2023-03-21 08:40:00,2023-03-21 09:37:00,,2023-03-22 17:41:00,2023-03-22 18:38:00,57.0
J442,M05,Completed,3.62,0.0,2023-03-21 09:30:00,2023-03-21 11:07:00,,2023-03-22 18:38:00,2023-03-22 20:15:00,97.0
J448,M05,Completed,12.99,0.0,2023-03-21 10:30:00,2023-03-21 11:24:00,,2023-03-22 20:15:00,2023-03-22 21:09:00,54.0
J450,M05,Delayed,4.55,1.0,2023-03-21 10:50:00,2023-03-21 12:25:00,,2023-03-22 21:09:00,2023-03-22 22:44:00,95.0
J456,M05,Delayed,7.59,1.0,2023-03-21 11:50:00,2023-03-21 13:05:00,,2023-03-22 22:44:00,2023-03-22 23:59:00,75.0
J462,M05,Delayed,7.51,1.0,2023-03-21 12:50:00,2023-03-21 13:36:00,,2023-03-22 23:59:00,2023-03-23 00:45:00,46.0
J468,M05,Completed,9.42,0.0,2023-03-21 13:50:00,2023-03-21 14:32:00,,2023-03-23 00:45:00,2023-03-23 01:27:00,42.0
J470,M05,Completed,11.98,0.0,2023-03-21 14:10:00,2023-03-21 15:06:00,,2023-03-23 01:27:00,2023-03-23 02:23:00,56.0
J478,M05,Delayed,7.69,1.0,2023-03-21 15:30:00,2023-03-21 16:04:00,,2023-03-23 02:23:00,2023-03-23 02:57:00,34.0
J488,M05,Completed,5.58,0.006666666666666667,2023-03-21 17:10:00,2023-03-21 18:45:00,,2023-03-23 02:57:00,2023-03-23 04:32:00,95.0
J490,M05,Completed,5.42,0.006666666666666667,2023-03-21 17:30:00,2023-03-21 18:51:00,,2023-03-23 04:32:00,2023-03-23 05:53:00,81.0
J494,M05,Delayed,6.85,1.0,2023-03-21 18:10:00,2023-03-21 19:21:00,,2023-03-23 05:53:00,2023-03-23 07:04:00,71.0
J499,M05,Completed,8.55,0.0,2023-03-21 19:00:00,2023-03-21 20:09:00,,2023-03-23 07:04:00,2023-03-23 08:13:00,69.0
J502,M05,Delayed,10.83,1.0,2023-03-21 19:30:00,2023-03-21 21:01:00,,2023-03-23 08:13:00,2023-03-23 09:44:00,91.0
J506,M05,Completed,8.99,0.013333333333333334,2023-03-21 20:10:00,2023-03-21 22:07:00,,2023-03-23 09:44:00,2023-03-23 11:41:00,117.0
J512,M05,Completed,4.27,0.0,2023-03-21 21:10:00,2023-03-21 22:48:00,,2023-03-23 11:41:00,2023-03-23 13:19:00,98.0
J518,M05,Completed,4.09,0.0,2023-03-21 22:10:00,2023-03-21 23:11:00,,2023-03-23 13:19:00,2023-03-23 14:20:00,61.0
J521,M05,Completed,14.46,0.0,2023-03-21 22:40:00,2023-03-21 23:42:00,,2023-03-23 14:20:00,2023-03-23 15:22:00,62.0
J540,M05,Completed,3.62,0.0,2023-03-22 01:50:00,2023-03-22 02:50:00,,2023-03-23 15:22:00,2023-03-23 16:22:00,60.0
J543,M05,Completed,3.37,0.0,2023-03-22 02:20:00,2023-03-22 03:47:00,,2023-03-23 16:22:00,2023-03-23 17:49:00,87.0
J545,M05,Completed,6.67,0.013333333333333334,2023-03-22 02:40:00,2023-03-22 03:30:00,,2023-03-23 17:49:00,2023-03-23 18:39:00,50.0
J556,M05,Failed,5.37,0.9533333333333334,2023-03-22 04:30:00,2023-03-22 05:06:00,,2023-03-23 18:39:00,2023-03-23 19:15:00,36.0
J562,M05,Completed,10.49,0.0,2023-03-22 05:30:00,2023-03-22 07:18:00,,2023-03-23 19:15:00,2023-03-23 21:03:00,108.0
J563,M05,Completed,7.48,0.0,2023-03-22 05:40:00,2023-03-22 07:00:00,,2023-03-23 21:03:00,2023-03-23 22:23:00,80.0
J565,M05,Completed,13.71,0.006666666666666667,2023-03-22 06:00:00,2023-03-22 07:50:00,,2023-03-23 22:23:00,2023-03-24 00:13:00,110.0
J575,M05,Delayed,2.21,0.98,2023-03-22 07:40:00,2023-03-22 09:40:00,,2023-03-24 00:13:00,2023-03-24 02:13:00,120.0
J584,M05,Failed,4.86,0.9733333333333334,2023-03-22 09:10:00,2023-03-22 09:42:00,,2023-03-24 02:13:00,2023-03-24 02:45:00,32.0
J585,M05,Failed,5.15,0.98,2023-03-22 09:20:00,2023-03-22 10:01:00,,2023-03-24 02:45:00,2023-03-24 03:26:00,41.0
J587,M05,Delayed,6.9,0.9933333333333333,2023-03-22 09:40:00,2023-03-22 11:00:00,,2023-03-24 03:26:00,2023-03-24 04:46:00,80.0
J591,M05,Failed,13.68,0.9866666666666667,2023-03-22 10:20:00,2023-03-22 11:30:00,,2023-03-24 04:46:00,2023-03-24 05:56:00,70.0
J594,M05,Completed,12.13,0.0,2023-03-22 10:50:00,2023-03-22 12:14:00,,2023-03-24 05:56:00,2023-03-24 07:20:00,84.0
J595,M05,Completed,9.83,0.02,2023-03-22 11:00:00,2023-03-22 11:26:00,,2023-03-24 07:20:00,2023-03-24 07:46:00,26.0
J621,M05,Completed,8.91,0.0,2023-03-22 15:20:00,2023-03-22 16:18:00,,2023-03-24 07:46:00,2023-03-24 08:44:00,58.0
J626,M05,Completed,2.68,0.013333333333333334,2023-03-22 16:10:00,2023-03-22 17:02:00,,2023-03-24 08:44:00,2023-03-24 09:36:00,52.0
J630,M05,Delayed,6.18,0.9933333333333333,2023-03-22 16:50:00,2023-03-22 17:29:00,,2023-03-24 09:36:00,2023-03-24 10:15:00,39.0
J636,M05,Delayed,4.36,1.0,2023-03-22 17:50:00,2023-03-22 19:03:00,,2023-03-24 10:15:00,2023-03-24 11:28:00,73.0
J638,M05,Completed,4.06,0.0,2023-03-22 18:10:00,2023-03-22 19:43:00,,2023-03-24 11:28:00,2023-03-24 13:01:00,93.0
J639,M05,Delayed,2.21,0.9933333333333333,2023-03-22 18:20:00,2023-03-22 20:02:00,,2023-03-24 13:01:00,2023-03-24 14:43:00,102.0
J643,M05,Delayed,5.82,1.0,2023-03-22 19:00:00,2023-03-22 20:01:00,,2023-03-24 14:43:00,2023-03-24 15:44:00,61.0
J647,M05,Completed,14.54,0.006666666666666667,2023-03-22 19:40:00,2023-03-22 21:17:00,,2023-03-24 15:44:00,2023-03-24 17:21:00,97.0
J664,M05,Completed,2.25,0.05333333333333334,2023-03-22 22:30:00,2023-03-23 00:07:00,,2023-03-24 17:21:00,2023-03-24 18:58:00,97.0
J690,M05,Delayed,10.82,0.9933333333333333,2023-03-23 02:50:00,2023-03-23 03:30:00,,2023-03-24 18:58:00,2023-03-24 19:38:00,40.0
J691,M05,Completed,4.38,0.0,2023-03-23 03:00:00,2023-03-23 04:27:00,,2023-03-24 19:38:00,2023-03-24 21:05:00,87.0
J698,M05,Delayed,13.15,1.0,2023-03-23 04:10:00,2023-03-23 05:06:00,,2023-03-24 21:05:00,2023-03-24 22:01:00,56.0
J702,M05,Delayed,14.9,0.9933333333333333,2023-03-23 04:50:00,2023-03-23 05:35:00,,2023-03-24 22:01:00,2023-03-24 22:46:00,45.0
J704,M05,Delayed,9.13,1.0,2023-03-23 05:10:00,2023-03-23 05:49:00,,2023-03-24 22:46:00,2023-03-24 23:25:00,39.0
J708,M05,Delayed,6.32,1.0,2023-03-23 05:50:00,2023-03-23 07:24:00,,2023-03-24 23:25:00,2023-03-25 00:59:00,94.0
J713,M05,Failed,13.55,0.9866666666666667,2023-03-23 06:40:00,2023-03-23 08:00:00,,2023-03-25 00:59:00,2023-03-25 02:19:00,80.0
J715,M05,Completed,4.22,0.0,2023-03-23 07:00:00,2023-03-23 07:51:00,,2023-03-25 02:19:00,2023-03-25 03:10:00,51.0
J716,M05,Completed,3.19,0.0,2023-03-23 07:10:00,2023-03-23 07:37:00,,2023-03-25 03:10:00,2023-03-25 03:37:00,27.0
J726,M05,Failed,5.72,0.9866666666666667,2023-03-23 08:50:00,2023-03-23 10:47:00,,2023-03-25 03:37:00,2023-03-25 05:34:00,117.0
J736,M05,Completed,6.99,0.013333333333333334,2023-03-23 10:30:00,2023-03-23 10:57:00,,2023-03-25 05:34:00,2023-03-25 06:01:00,27.0
J737,M05,Completed,10.93,0.04,2023-03-23 10:40:00,2023-03-23 11:00:00,,2023-03-25 06:01:00,2023-03-25 06:21:00,20.0
J747,M05,Completed,13.05,0.0,2023-03-23 12:20:00,2023-03-23 12:56:00,,2023-03-25 06:21:00,2023-03-25 06:57:00,36.0
J750,M05,Completed,7.82,0.006666666666666667,2023-03-23 12:50:00,2023-03-23 14:04:00,,2023-03-25 06:57:00,2023-03-25 08:11:00,74.0
J751,M05,Completed,2.72,0.006666666666666667,2023-03-23 13:00:00,2023-03-23 14:30:00,,2023-03-25 08:11:00,2023-03-25 09:41:00,90.0
J763,M05,Failed,11.37,0.9933333333333333,2023-03-23 15:00:00,2023-03-23 16:24:00,,2023-03-25 09:41:00,2023-03-25 11:05:00,84.0
J770,M05,Delayed,9.96,0.9866666666666667,2023-03-23 16:10:00,2023-03-23 17:55:00,,2023-03-25 11:05:00,2023-03-25 12:50:00,105.0
J771,M05,Completed,2.21,0.0,2023-03-23 16:20:00,2023-03-23 18:03:00,,2023-03-25 12:50:00,2023-03-25 14:33:00,103.0
J773,M05,Failed,6.96,0.94,2023-03-23 16:40:00,2023-03-23 18:40:00,,2023-03-25 14:33:00,2023-03-25 16:33:00,120.0
J781,M05,Completed,8.66,0.0,2023-03-23 18:00:00,2023-03-23 19:43:00,,2023-03-25 16:33:00,2023-03-25 18:16:00,103.0
J786,M05,Completed,7.71,0.0,2023-03-23 18:50:00,2023-03-23 20:40:00,,2023-03-25 18:16:00,2023-03-25 20:06:00,110.0
J790,M05,Completed,8.66,0.0,2023-03-23 19:30:00,2023-03-23 19:58:00,,2023-03-25 20:06:00,2023-03-25 20:34:00,28.0
J794,M05,Delayed,6.66,0.98,2023-03-23 20:10:00,2023-03-23 21:43:00,,2023-03-25 20:34:00,2023-03-25 22:07:00,93.0
J799,M05,Delayed,7.42,0.9933333333333333,2023-03-23 21:00:00,2023-03-23 22:44:00,,2023-03-25 22:07:00,2023-03-25 23:51:00,104.0
J807,M05,Completed,7.53,0.006666666666666667,2023-03-23 22:20:00,2023-03-23 23:59:00,,2023-03-25 23:51:00,2023-03-26 01:30:00,99.0
J808,M05,Completed,10.93,0.0,2023-03-23 22:30:00,2023-03-24 00:24:00,,2023-03-26 01:30:00,2023-03-26 03:24:00,114.0
J812,M05,Completed,10.78,0.0,2023-03-23 23:10:00,2023-03-23 23:34:00,,2023-03-26 03:24:00,2023-03-26 03:48:00,24.0
J813,M05,Completed,3.48,0.03333333333333333,2023-03-23 23:20:00,2023-03-24 01:19:00,,2023-03-26 03:48:00,2023-03-26 05:47:00,119.0
J816,M05,Completed,14.45,0.006666666666666667,2023-03-23 23:50:00,2023-03-24 00:24:00,,2023-03-26 05:47:00,2023-03-26 06:21:00,34.0
J819,M05,Completed,7.28,0.013333333333333334,2023-03-24 00:20:00,2023-03-24 01:32:00,,2023-03-26 06:21:00,2023-03-26 07:33:00,72.0
J824,M05,Completed,2.9,0.006666666666666667,2023-03-24 01:10:00,2023-03-24 02:43:00,,2023-03-26 07:33:00,2023-03-26 09:06:00,93.0
J831,M05,Delayed,12.55,0.9933333333333333,2023-03-24 02:20:00,2023-03-24 03:40:00,,2023-03-26 09:06:00,2023-03-26 10:26:00,80.0
J837,M05,Failed,3.56,0.98,2023-03-24 03:20:00,2023-03-24 04:12:00,,2023-03-26 10:26:00,2023-03-26 11:18:00,52.0
J839,M05,Completed,12.74,0.006666666666666667,2023-03-24 03:40:00,2023-03-24 04:54:00,,2023-03-26 11:18:00,2023-03-26 12:32:00,74.0
J843,M05,Completed,8.88,0.0,2023-03-24 04:20:00,2023-03-24 05:21:00,,2023-03-26 12:32:00,2023-03-26 13:33:00,61.0
J849,M05,Completed,8.73,0.013333333333333334,2023-03-24 05:20:00,2023-03-24 06:13:00,,2023-03-26 13:33:00,2023-03-26 14:26:00,53.0
J850,M05,Failed,6.5,0.9666666666666667,2023-03-24 05:30:00,2023-03-24 07:21:00,,2023-03-26 14:26:00,2023-03-26 16:17:00,111.0
J854,M05,Completed,12.99,0.0,2023-03-24 06:10:00,2023-03-24 07:18:00,,2023-03-26 16:17:00,2023-03-26 17:25:00,68.0
J877,M05,Delayed,6.93,0.9866666666666667,2023-03-24 10:00:00,2023-03-24 10:23:00,,2023-03-26 17:25:00,2023-03-26 17:48:00,23.0
J878,M05,Completed,3.49,0.0,2023-03-24 10:10:00,2023-03-24 12:06:00,,2023-03-26 17:48:00,2023-03-26 19:44:00,116.0
J879,M05,Failed,13.14,0.9866666666666667,2023-03-24 10:20:00,2023-03-24 11:12:00,,2023-03-26 19:44:00,2023-03-26 20:36:00,52.0
J882,M05,Completed,7.5,0.006666666666666667,2023-03-24 10:50:00,2023-03-24 11:50:00,,2023-03-26 20:36:00,2023-03-26 21:36:00,60.0
J885,M05,Completed,8.68,0.0,2023-03-24 11:20:00,2023-03-24 12:05:00,,2023-03-26 21:36:00,2023-03-26 22:21:00,45.0
J895,M05,Completed,6.89,0.0,2023-03-24 13:00:00,2023-03-24 14:22:00,,2023-03-26 22:21:00,2023-03-26 23:43:00,82.0
J897,M05,Completed,9.29,0.006666666666666667,2023-03-24 13:20:00,2023-03-24 14:20:00,,2023-03-26 23:43:00,2023-03-27 00:43:00,60.0
J898,M05,Delayed,9.81,0.98,2023-03-24 13:30:00,2023-03-24 13:50:00,,2023-03-27 00:43:00,2023-03-27 01:03:00,20.0
J901,M05,Delayed,12.06,0.9933333333333333,2023-03-24 14:00:00,2023-03-24 15:34:00,,2023-03-27 01:03:00,2023-03-27 02:37:00,94.0
J904,M05,Failed,12.46,0.9733333333333334,2023-03-24 14:30:00,2023-03-24 15:35:00,,2023-03-27 02:37:00,2023-03-27 03:42:00,65.0
J913,M05,Completed,12.76,0.0,2023-03-24 16:00:00,2023-03-24 16:31:00,,2023-03-27 03:42:00,2023-03-27 04:13:00,31.0
J919,M05,Completed,11.56,0.006666666666666667,2023-03-24 17:00:00,2023-03-24 17:48:00,,2023-03-27 04:13:00,2023-03-27 05:01:00,48.0
J926,M05,Completed,4.62,0.0,2023-03-24 18:10:00,2023-03-24 20:05:00,,2023-03-27 05:01:00,2023-03-27 06:56:00,115.0
J934,M05,Completed,11.95,0.006666666666666667,2023-03-24 19:30:00,2023-03-24 20:58:00,,2023-03-27 06:56:00,2023-03-27 08:24:00,88.0
J936,M05,Completed,13.15,0.0,2023-03-24 19:50:00,2023-03-24 20:12:00,,2023-03-27 08:24:00,2023-03-27 08:46:00,22.0
J951,M05,Completed,4.52,0.0,2023-03-24 22:20:00,2023-03-24 23:41:00,,2023-03-27 08:46:00,2023-03-27 10:07:00,81.0
J958,M05,Completed,2.83,0.0,2023-03-24 23:30:00,2023-03-25 00:14:00,,2023-03-27 10:07:00,2023-03-27 10:51:00,44.0
J967,M05,Completed,8.79,0.0,2023-03-25 01:00:00,2023-03-25 02:04:00,,2023-03-27 10:51:00,2023-03-27 11:55:00,64.0
J974,M05,Delayed,14.04,1.0,2023-03-25 02:10:00,2023-03-25 02:51:00,,2023-03-27 11:55:00,2023-03-27 12:36:00,41.0
J976,M05,Failed,9.23,0.9666666666666667,2023-03-25 02:30:00,2023-03-25 04:11:00,,2023-03-27 12:36:00,2023-03-27 14:17:00,101.0
J983,M05,Delayed,14.1,1.0,2023-03-25 03:40:00,2023-03-25 04:26:00,,2023-03-27 14:17:00,2023-03-27 15:03:00,46.0
J986,M05,Completed,3.53,0.006666666666666667,2023-03-25 04:10:00,2023-03-25 05:10:00,,2023-03-27 15:03:00,2023-03-27 16:03:00,60.0
J993,M05,Delayed,9.95,0.9933333333333333,2023-03-25 05:20:00,2023-03-25 07:05:00,,2023-03-27 16:03:00,2023-03-27 17:48:00,105.0
J994,M05,Completed,9.39,0.0,2023-03-25 05:30:00,2023-03-25 07:04:00,,2023-03-27 17:48:00,2023-03-27 19:22:00,94.0
J997,M05,Failed,3.17,1.0,2023-03-25 06:00:00,2023-03-25 07:00:00,,2023-03-27 19:22:00,2023-03-27 20:22:00,60.0
J1000,M05,Completed,3.88,0.02,2023-03-25 06:30:00,2023-03-25 08:21:00,,2023-03-27 20:22:00,2023-03-27 22:13:00,111.0
