Job_ID,Machine_ID,Job_Status,orig_Scheduled_start,orig_Scheduled_end,pred_abnormal_prob,optimized_start,optimized_end,Processing_Time,Energy_Consumption,tardiness_min
J001,M01,Completed,2023-03-18 08:00:00,2023-03-18 09:16:00,0.0,2023-04-04 12:51:00,2023-04-04 14:07:00,76.0,11.42,24771.0
J002,M01,Delayed,2023-03-18 08:10:00,2023-03-18 09:29:00,1.0,2023-04-04 11:32:00,2023-04-04 12:51:00,79.0,6.61,24682.0
J003,M04,Failed,2023-03-18 08:20:00,2023-03-18 09:16:00,0.9866666666666667,2023-04-04 01:03:00,2023-04-04 01:59:00,56.0,11.11,24043.0
J004,M04,Completed,2023-03-18 08:30:00,2023-03-18 10:16:00,0.006666666666666667,2023-04-03 23:17:00,2023-04-04 01:03:00,106.0,12.5,23927.0
J005,M01,Completed,2023-03-18 08:40:00,2023-03-18 09:26:00,0.0,2023-04-04 10:46:00,2023-04-04 11:32:00,46.0,8.13,24606.0
J006,M02,Completed,2023-03-18 08:50:00,2023-03-18 10:30:00,0.006666666666666667,2023-04-04 23:45:00,2023-04-05 01:25:00,100.0,13.83,25375.0
J007,M04,Completed,2023-03-18 09:00:00,2023-03-18 09:22:00,0.0,2023-04-03 22:55:00,2023-04-03 23:17:00,22.0,14.2,23875.0
J008,M05,Completed,2023-03-18 09:10:00,2023-03-18 10:29:00,0.0,2023-04-05 00:06:00,2023-04-05 01:25:00,79.0,13.86,25376.0
J009,M02,Completed,2023-03-18 09:20:00,2023-03-18 10:02:00,0.0,2023-04-04 23:03:00,2023-04-04 23:45:00,42.0,8.97,25303.0
J010,M01,Delayed,2023-03-18 09:30:00,2023-03-18 09:57:00,0.9933333333333333,2023-04-04 10:19:00,2023-04-04 10:46:00,27.0,3.66,24529.0
J011,M01,Completed,2023-03-18 09:40:00,2023-03-18 10:45:00,0.0,2023-04-04 09:14:00,2023-04-04 10:19:00,65.0,9.98,24454.0
J012,M03,Delayed,2023-03-18 09:50:00,2023-03-18 10:18:00,0.9866666666666667,2023-04-03 06:26:00,2023-04-03 06:54:00,28.0,8.08,22836.0
J013,M03,Completed,2023-03-18 10:00:00,2023-03-18 10:43:00,0.0,2023-04-03 05:43:00,2023-04-03 06:26:00,43.0,5.55,22783.0
J014,M04,Completed,2023-03-18 10:10:00,2023-03-18 12:02:00,0.013333333333333334,2023-04-03 21:03:00,2023-04-03 22:55:00,112.0,2.01,23693.0
J015,M05,Completed,2023-03-18 10:20:00,2023-03-18 12:04:00,0.0,2023-04-04 22:22:00,2023-04-05 00:06:00,104.0,3.67,25202.0
J016,M01,Completed,2023-03-18 10:30:00,2023-03-18 11:35:00,0.0,2023-04-04 08:09:00,2023-04-04 09:14:00,65.0,12.29,24339.0
J017,M03,Completed,2023-03-18 10:40:00,2023-03-18 12:35:00,0.0,2023-04-03 03:48:00,2023-04-03 05:43:00,115.0,9.44,22628.0
J018,M05,Completed,2023-03-18 10:50:00,2023-03-18 11:45:00,0.0,2023-04-04 21:27:00,2023-04-04 22:22:00,55.0,10.95,25117.0
J019,M02,Completed,2023-03-18 11:00:00,2023-03-18 11:52:00,0.013333333333333334,2023-04-04 22:11:00,2023-04-04 23:03:00,52.0,3.27,25151.0
J020,M05,Completed,2023-03-18 11:10:00,2023-03-18 11:52:00,0.0,2023-04-04 20:45:00,2023-04-04 21:27:00,42.0,14.19,25055.0
J021,M02,Completed,2023-03-18 11:20:00,2023-03-18 13:07:00,0.0,2023-04-04 20:24:00,2023-04-04 22:11:00,107.0,13.73,25024.0
J022,M03,Delayed,2023-03-18 11:30:00,2023-03-18 12:34:00,1.0,2023-04-03 02:44:00,2023-04-03 03:48:00,64.0,4.14,22514.0
J023,M01,Completed,2023-03-18 11:40:00,2023-03-18 13:18:00,0.0,2023-04-04 06:31:00,2023-04-04 08:09:00,98.0,13.49,24171.0
J024,M02,Delayed,2023-03-18 11:50:00,2023-03-18 13:14:00,0.9733333333333334,2023-04-04 19:00:00,2023-04-04 20:24:00,84.0,8.81,24910.0
J025,M04,Failed,2023-03-18 12:00:00,2023-03-18 13:59:00,0.9533333333333334,2023-04-03 19:04:00,2023-04-03 21:03:00,119.0,5.1,23464.0
J026,M01,Completed,2023-03-18 12:10:00,2023-03-18 12:31:00,0.0,2023-04-04 06:10:00,2023-04-04 06:31:00,21.0,3.89,24120.0
J027,M03,Failed,2023-03-18 12:20:00,2023-03-18 13:47:00,0.9666666666666667,2023-04-03 01:17:00,2023-04-03 02:44:00,87.0,11.34,22377.0
J028,M03,Completed,2023-03-18 12:30:00,2023-03-18 14:03:00,0.0,2023-04-02 23:44:00,2023-04-03 01:17:00,93.0,4.16,22274.0
J029,M02,Completed,2023-03-18 12:40:00,2023-03-18 14:36:00,0.02,2023-04-04 17:04:00,2023-04-04 19:00:00,116.0,5.39,24744.0
J030,M05,Completed,2023-03-18 12:50:00,2023-03-18 13:56:00,0.006666666666666667,2023-04-03 12:13:00,2023-04-03 13:19:00,66.0,10.36,23003.0
J031,M03,Completed,2023-03-18 13:00:00,2023-03-18 13:37:00,0.0,2023-04-02 23:07:00,2023-04-02 23:44:00,37.0,3.21,22207.0
J032,M03,Completed,2023-03-18 13:10:00,2023-03-18 14:28:00,0.0,2023-04-02 21:49:00,2023-04-02 23:07:00,78.0,4.93,22119.0
J033,M04,Delayed,2023-03-18 13:20:00,2023-03-18 15:03:00,1.0,2023-04-03 17:21:00,2023-04-03 19:04:00,103.0,8.02,23281.0
J034,M01,Delayed,2023-03-18 13:30:00,2023-03-18 15:20:00,0.9933333333333333,2023-04-04 04:20:00,2023-04-04 06:10:00,110.0,12.52,23930.0
J035,M02,Completed,2023-03-18 13:40:00,2023-03-18 14:27:00,0.013333333333333334,2023-04-04 16:17:00,2023-04-04 17:04:00,47.0,12.12,24637.0
J036,M04,Completed,2023-03-18 13:50:00,2023-03-18 15:29:00,0.0,2023-04-03 15:42:00,2023-04-03 17:21:00,99.0,4.72,23152.0
J037,M01,Completed,2023-03-18 14:00:00,2023-03-18 15:19:00,0.0,2023-04-04 03:01:00,2023-04-04 04:20:00,79.0,13.17,23821.0
J038,M01,Completed,2023-03-18 14:10:00,2023-03-18 14:53:00,0.0,2023-04-04 02:18:00,2023-04-04 03:01:00,43.0,4.98,23768.0
J039,M02,Failed,2023-03-18 14:20:00,2023-03-18 15:08:00,0.9933333333333333,2023-04-04 15:29:00,2023-04-04 16:17:00,48.0,10.65,24549.0
J040,M01,Completed,2023-03-18 14:30:00,2023-03-18 15:20:00,0.0,2023-04-04 01:28:00,2023-04-04 02:18:00,50.0,9.94,23698.0
J041,M04,Completed,2023-03-18 14:40:00,2023-03-18 16:08:00,0.006666666666666667,2023-04-03 14:14:00,2023-04-03 15:42:00,88.0,11.64,23014.0
J042,M04,Completed,2023-03-18 14:50:00,2023-03-18 15:38:00,0.0,2023-04-03 13:26:00,2023-04-03 14:14:00,48.0,13.57,22956.0
J043,M03,Completed,2023-03-18 15:00:00,2023-03-18 16:15:00,0.013333333333333334,2023-04-02 20:34:00,2023-04-02 21:49:00,75.0,4.53,21934.0
J044,M02,Completed,2023-03-18 15:10:00,2023-03-18 16:59:00,0.013333333333333334,2023-04-04 13:40:00,2023-04-04 15:29:00,109.0,5.67,24390.0
J045,M02,Completed,2023-03-18 15:20:00,2023-03-18 16:38:00,0.0,2023-04-04 12:22:00,2023-04-04 13:40:00,78.0,3.03,24302.0
J046,M03,Delayed,2023-03-18 15:30:00,2023-03-18 16:00:00,0.9933333333333333,2023-04-02 20:04:00,2023-04-02 20:34:00,30.0,7.15,21874.0
J047,M02,Completed,2023-03-18 15:40:00,2023-03-18 16:05:00,0.0,2023-04-04 11:57:00,2023-04-04 12:22:00,25.0,10.09,24257.0
J048,M02,Completed,2023-03-18 15:50:00,2023-03-18 17:05:00,0.006666666666666667,2023-04-04 10:42:00,2023-04-04 11:57:00,75.0,4.12,24172.0
J049,M02,Completed,2023-03-18 16:00:00,2023-03-18 16:33:00,0.006666666666666667,2023-04-04 10:09:00,2023-04-04 10:42:00,33.0,7.55,24129.0
J050,M01,Delayed,2023-03-18 16:10:00,2023-03-18 17:54:00,1.0,2023-04-03 23:44:00,2023-04-04 01:28:00,104.0,3.09,23494.0
J051,M04,Failed,2023-03-18 16:20:00,2023-03-18 16:44:00,0.9866666666666667,2023-04-03 13:02:00,2023-04-03 13:26:00,24.0,7.26,22842.0
J052,M05,Completed,2023-03-18 16:30:00,2023-03-18 16:53:00,0.006666666666666667,2023-04-03 11:50:00,2023-04-03 12:13:00,23.0,9.2,22760.0
J053,M02,Completed,2023-03-18 16:40:00,2023-03-18 18:17:00,0.0,2023-04-04 08:32:00,2023-04-04 10:09:00,97.0,4.77,23992.0
J054,M05,Delayed,2023-03-18 16:50:00,2023-03-18 17:54:00,1.0,2023-04-03 10:46:00,2023-04-03 11:50:00,64.0,6.66,22676.0
J055,M05,Completed,2023-03-18 17:00:00,2023-03-18 18:56:00,0.006666666666666667,2023-04-03 08:50:00,2023-04-03 10:46:00,116.0,13.1,22550.0
J056,M01,Completed,2023-03-18 17:10:00,2023-03-18 18:54:00,0.006666666666666667,2023-04-03 22:00:00,2023-04-03 23:44:00,104.0,11.91,23330.0
J057,M02,Completed,2023-03-18 17:20:00,2023-03-18 17:51:00,0.013333333333333334,2023-04-04 08:01:00,2023-04-04 08:32:00,31.0,6.53,23921.0
J058,M01,Completed,2023-03-18 17:30:00,2023-03-18 18:53:00,0.02,2023-04-03 20:37:00,2023-04-03 22:00:00,83.0,8.42,23227.0
J059,M05,Delayed,2023-03-18 17:40:00,2023-03-18 18:42:00,1.0,2023-04-03 07:48:00,2023-04-03 08:50:00,62.0,6.06,22448.0
J060,M01,Completed,2023-03-18 17:50:00,2023-03-18 18:56:00,0.0,2023-04-03 19:31:00,2023-04-03 20:37:00,66.0,8.69,23141.0
J061,M02,Failed,2023-03-18 18:00:00,2023-03-18 19:50:00,0.98,2023-04-04 06:11:00,2023-04-04 08:01:00,110.0,6.98,23771.0
J062,M02,Delayed,2023-03-18 18:10:00,2023-03-18 19:48:00,1.0,2023-04-04 04:33:00,2023-04-04 06:11:00,98.0,9.93,23663.0
J063,M02,Failed,2023-03-18 18:20:00,2023-03-18 19:07:00,0.9933333333333333,2023-04-04 03:46:00,2023-04-04 04:33:00,47.0,8.4,23606.0
J064,M02,Completed,2023-03-18 18:30:00,2023-03-18 19:41:00,0.0,2023-04-04 02:35:00,2023-04-04 03:46:00,71.0,7.42,23525.0
J065,M03,Failed,2023-03-18 18:40:00,2023-03-18 19:03:00,0.9666666666666667,2023-04-02 19:41:00,2023-04-02 20:04:00,23.0,6.8,21661.0
J066,M03,Delayed,2023-03-18 18:50:00,2023-03-18 19:42:00,0.9933333333333333,2023-04-02 18:49:00,2023-04-02 19:41:00,52.0,2.09,21599.0
J067,M02,Delayed,2023-03-18 19:00:00,2023-03-18 19:23:00,1.0,2023-04-04 02:12:00,2023-04-04 02:35:00,23.0,3.79,23472.0
J068,M02,Completed,2023-03-18 19:10:00,2023-03-18 21:06:00,0.013333333333333334,2023-04-04 00:16:00,2023-04-04 02:12:00,116.0,9.64,23346.0
J069,M04,Completed,2023-03-18 19:20:00,2023-03-18 19:49:00,0.013333333333333334,2023-04-03 12:33:00,2023-04-03 13:02:00,29.0,9.58,22633.0
J070,M04,Failed,2023-03-18 19:30:00,2023-03-18 20:24:00,0.9266666666666666,2023-04-03 11:39:00,2023-04-03 12:33:00,54.0,2.46,22569.0
J071,M04,Completed,2023-03-18 19:40:00,2023-03-18 20:05:00,0.02,2023-04-03 11:14:00,2023-04-03 11:39:00,25.0,7.29,22534.0
J072,M05,Completed,2023-03-18 19:50:00,2023-03-18 20:58:00,0.0,2023-04-03 06:40:00,2023-04-03 07:48:00,68.0,6.05,22250.0
J073,M04,Completed,2023-03-18 20:00:00,2023-03-18 21:52:00,0.0,2023-04-03 09:22:00,2023-04-03 11:14:00,112.0,11.57,22402.0
J074,M04,Completed,2023-03-18 20:10:00,2023-03-18 21:15:00,0.0,2023-04-03 08:17:00,2023-04-03 09:22:00,65.0,12.97,22327.0
J075,M05,Completed,2023-03-18 20:20:00,2023-03-18 21:45:00,0.0,2023-04-03 05:15:00,2023-04-03 06:40:00,85.0,7.52,22135.0
J076,M01,Failed,2023-03-18 20:30:00,2023-03-18 22:09:00,0.94,2023-04-03 17:52:00,2023-04-03 19:31:00,99.0,10.01,22882.0
J077,M01,Completed,2023-03-18 20:40:00,2023-03-18 21:42:00,0.0,2023-04-03 16:50:00,2023-04-03 17:52:00,62.0,7.46,22810.0
J078,M02,Delayed,2023-03-18 20:50:00,2023-03-18 22:37:00,0.9933333333333333,2023-04-03 22:29:00,2023-04-04 00:16:00,107.0,2.2,23139.0
J079,M05,Delayed,2023-03-18 21:00:00,2023-03-18 22:24:00,0.9933333333333333,2023-04-03 03:51:00,2023-04-03 05:15:00,84.0,7.43,22011.0
J080,M04,Completed,2023-03-18 21:10:00,2023-03-18 22:32:00,0.006666666666666667,2023-04-03 06:55:00,2023-04-03 08:17:00,82.0,14.62,22185.0
J081,M02,Completed,2023-03-18 21:20:00,2023-03-18 22:29:00,0.0,2023-04-03 21:20:00,2023-04-03 22:29:00,69.0,11.72,23040.0
J082,M01,Completed,2023-03-18 21:30:00,2023-03-18 21:54:00,0.006666666666666667,2023-04-03 16:26:00,2023-04-03 16:50:00,24.0,13.39,22736.0
J083,M03,Completed,2023-03-18 21:40:00,2023-03-18 22:39:00,0.006666666666666667,2023-04-02 17:50:00,2023-04-02 18:49:00,59.0,12.15,21370.0
J084,M05,Delayed,2023-03-18 21:50:00,2023-03-18 23:07:00,0.9933333333333333,2023-04-03 02:34:00,2023-04-03 03:51:00,77.0,11.36,21884.0
J085,M02,Completed,2023-03-18 22:00:00,2023-03-18 22:44:00,0.0,2023-04-03 20:36:00,2023-04-03 21:20:00,44.0,3.35,22956.0
J086,M05,Completed,2023-03-18 22:10:00,2023-03-18 23:27:00,0.0,2023-04-03 01:17:00,2023-04-03 02:34:00,77.0,14.07,21787.0
J087,M03,Delayed,2023-03-18 22:20:00,2023-03-18 23:19:00,0.9933333333333333,2023-04-02 16:51:00,2023-04-02 17:50:00,59.0,14.83,21271.0
J088,M04,Completed,2023-03-18 22:30:00,2023-03-18 23:30:00,0.013333333333333334,2023-04-03 05:55:00,2023-04-03 06:55:00,60.0,9.56,22045.0
J089,M04,Completed,2023-03-18 22:40:00,2023-03-18 23:35:00,0.0,2023-04-03 05:00:00,2023-04-03 05:55:00,55.0,14.16,21980.0
J090,M02,Delayed,2023-03-18 22:50:00,2023-03-18 23:17:00,1.0,2023-04-03 20:09:00,2023-04-03 20:36:00,27.0,12.34,22879.0
J091,M02,Completed,2023-03-18 23:00:00,2023-03-19 00:00:00,0.013333333333333334,2023-04-03 19:09:00,2023-04-03 20:09:00,60.0,14.6,22809.0
J092,M03,Failed,2023-03-18 23:10:00,2023-03-19 00:40:00,0.9666666666666667,2023-04-02 15:21:00,2023-04-02 16:51:00,90.0,8.14,21131.0
J093,M03,Delayed,2023-03-18 23:20:00,2023-03-19 00:46:00,1.0,2023-04-02 13:55:00,2023-04-02 15:21:00,86.0,9.92,21035.0
J094,M05,Delayed,2023-03-18 23:30:00,2023-03-19 00:21:00,1.0,2023-04-03 00:26:00,2023-04-03 01:17:00,51.0,7.61,21656.0
J095,M03,Completed,2023-03-18 23:40:00,2023-03-19 01:33:00,0.006666666666666667,2023-04-02 12:02:00,2023-04-02 13:55:00,113.0,9.22,20902.0
J096,M05,Delayed,2023-03-18 23:50:00,2023-03-19 01:40:00,0.9866666666666667,2023-04-02 22:36:00,2023-04-03 00:26:00,110.0,10.67,21526.0
J097,M04,Delayed,2023-03-19 00:00:00,2023-03-19 00:57:00,1.0,2023-04-03 04:03:00,2023-04-03 05:00:00,57.0,3.8,21843.0
J098,M03,Completed,2023-03-19 00:10:00,2023-03-19 01:41:00,0.013333333333333334,2023-04-02 10:31:00,2023-04-02 12:02:00,91.0,14.55,20781.0
J099,M05,Failed,2023-03-19 00:20:00,2023-03-19 00:53:00,0.92,2023-04-02 22:03:00,2023-04-02 22:36:00,33.0,3.17,21463.0
J100,M02,Completed,2023-03-19 00:30:00,2023-03-19 00:57:00,0.006666666666666667,2023-04-03 18:42:00,2023-04-03 19:09:00,27.0,12.24,22692.0
J101,M05,Completed,2023-03-19 00:40:00,2023-03-19 01:17:00,0.0,2023-04-02 21:26:00,2023-04-02 22:03:00,37.0,4.73,21406.0
J102,M04,Completed,2023-03-19 00:50:00,2023-03-19 02:40:00,0.006666666666666667,2023-04-03 02:13:00,2023-04-03 04:03:00,110.0,14.56,21683.0
J103,M05,Delayed,2023-03-19 01:00:00,2023-03-19 02:45:00,1.0,2023-04-02 19:41:00,2023-04-02 21:26:00,105.0,9.97,21281.0
J104,M05,Completed,2023-03-19 01:10:00,2023-03-19 02:12:00,0.0,2023-04-02 18:39:00,2023-04-02 19:41:00,62.0,8.45,21209.0
J105,M03,Completed,2023-03-19 01:20:00,2023-03-19 02:03:00,0.0,2023-04-02 09:48:00,2023-04-02 10:31:00,43.0,13.65,20668.0
J106,M03,Completed,2023-03-19 01:30:00,2023-03-19 03:17:00,0.0,2023-04-02 08:01:00,2023-04-02 09:48:00,107.0,8.8,20551.0
J107,M04,Failed,2023-03-19 01:40:00,2023-03-19 03:23:00,1.0,2023-04-03 00:30:00,2023-04-03 02:13:00,103.0,13.37,21530.0
J108,M05,Completed,2023-03-19 01:50:00,2023-03-19 03:08:00,0.006666666666666667,2023-04-02 17:21:00,2023-04-02 18:39:00,78.0,14.78,21091.0
J109,M05,Completed,2023-03-19 02:00:00,2023-03-19 03:42:00,0.013333333333333334,2023-04-02 15:39:00,2023-04-02 17:21:00,102.0,5.14,20979.0
J110,M05,Completed,2023-03-19 02:10:00,2023-03-19 03:57:00,0.006666666666666667,2023-04-02 13:52:00,2023-04-02 15:39:00,107.0,9.31,20862.0
J111,M01,Completed,2023-03-19 02:20:00,2023-03-19 04:19:00,0.006666666666666667,2023-04-03 14:27:00,2023-04-03 16:26:00,119.0,13.26,22327.0
J112,M02,Completed,2023-03-19 02:30:00,2023-03-19 03:44:00,0.0,2023-04-03 17:28:00,2023-04-03 18:42:00,74.0,7.12,22498.0
J113,M01,Completed,2023-03-19 02:40:00,2023-03-19 04:23:00,0.0,2023-04-03 12:44:00,2023-04-03 14:27:00,103.0,2.25,22204.0
J114,M01,Delayed,2023-03-19 02:50:00,2023-03-19 04:46:00,0.9933333333333333,2023-04-03 10:48:00,2023-04-03 12:44:00,116.0,4.36,22078.0
J115,M04,Completed,2023-03-19 03:00:00,2023-03-19 04:54:00,0.0,2023-04-02 22:36:00,2023-04-03 00:30:00,114.0,9.49,21336.0
J116,M04,Completed,2023-03-19 03:10:00,2023-03-19 04:27:00,0.006666666666666667,2023-04-02 21:19:00,2023-04-02 22:36:00,77.0,5.69,21249.0
J117,M02,Completed,2023-03-19 03:20:00,2023-03-19 04:27:00,0.0,2023-04-03 16:21:00,2023-04-03 17:28:00,67.0,5.41,22381.0
J118,M02,Failed,2023-03-19 03:30:00,2023-03-19 04:38:00,0.9533333333333334,2023-04-03 15:13:00,2023-04-03 16:21:00,68.0,12.12,22303.0
J119,M04,Completed,2023-03-19 03:40:00,2023-03-19 04:38:00,0.013333333333333334,2023-04-02 20:21:00,2023-04-02 21:19:00,58.0,6.55,21161.0
J120,M04,Completed,2023-03-19 03:50:00,2023-03-19 04:23:00,0.0,2023-04-02 19:48:00,2023-04-02 20:21:00,33.0,5.5,21118.0
J121,M05,Completed,2023-03-19 04:00:00,2023-03-19 04:39:00,0.0,2023-04-02 13:13:00,2023-04-02 13:52:00,39.0,8.06,20713.0
J122,M02,Completed,2023-03-19 04:10:00,2023-03-19 05:52:00,0.0,2023-04-03 13:31:00,2023-04-03 15:13:00,102.0,7.75,22161.0
J123,M04,Completed,2023-03-19 04:20:00,2023-03-19 05:45:00,0.0,2023-04-02 18:23:00,2023-04-02 19:48:00,85.0,8.35,21003.0
J124,M01,Completed,2023-03-19 04:30:00,2023-03-19 05:10:00,0.0,2023-04-03 10:08:00,2023-04-03 10:48:00,40.0,4.42,21938.0
J125,M02,Completed,2023-03-19 04:40:00,2023-03-19 05:56:00,0.0,2023-04-03 12:15:00,2023-04-03 13:31:00,76.0,3.58,22055.0
J126,M01,Completed,2023-03-19 04:50:00,2023-03-19 06:00:00,0.0,2023-04-03 08:58:00,2023-04-03 10:08:00,70.0,5.07,21848.0
J127,M04,Delayed,2023-03-19 05:00:00,2023-03-19 05:27:00,0.9933333333333333,2023-04-02 17:56:00,2023-04-02 18:23:00,27.0,6.94,20936.0
J128,M04,Completed,2023-03-19 05:10:00,2023-03-19 05:50:00,0.0,2023-04-02 17:16:00,2023-04-02 17:56:00,40.0,10.06,20886.0
J129,M05,Completed,2023-03-19 05:20:00,2023-03-19 06:05:00,0.0,2023-04-02 12:28:00,2023-04-02 13:13:00,45.0,7.75,20588.0
J130,M02,Completed,2023-03-19 05:30:00,2023-03-19 06:48:00,0.05333333333333334,2023-04-03 10:57:00,2023-04-03 12:15:00,78.0,2.49,21927.0
J131,M04,Completed,2023-03-19 05:40:00,2023-03-19 06:58:00,0.006666666666666667,2023-04-02 15:58:00,2023-04-02 17:16:00,78.0,4.87,20778.0
J132,M01,Delayed,2023-03-19 05:50:00,2023-03-19 07:00:00,1.0,2023-04-03 07:48:00,2023-04-03 08:58:00,70.0,10.68,21718.0
J133,M01,Completed,2023-03-19 06:00:00,2023-03-19 07:25:00,0.006666666666666667,2023-04-03 06:23:00,2023-04-03 07:48:00,85.0,6.51,21623.0
J134,M03,Failed,2023-03-19 06:10:00,2023-03-19 07:21:00,1.0,2023-04-02 06:50:00,2023-04-02 08:01:00,71.0,13.03,20200.0
J135,M01,Completed,2023-03-19 06:20:00,2023-03-19 06:43:00,0.013333333333333334,2023-04-03 06:00:00,2023-04-03 06:23:00,23.0,8.31,21580.0
J136,M04,Completed,2023-03-19 06:30:00,2023-03-19 07:48:00,0.006666666666666667,2023-04-02 14:40:00,2023-04-02 15:58:00,78.0,2.59,20650.0
J137,M01,Completed,2023-03-19 06:40:00,2023-03-19 08:11:00,0.0,2023-04-03 04:29:00,2023-04-03 06:00:00,91.0,11.79,21469.0
J138,M03,Delayed,2023-03-19 06:50:00,2023-03-19 07:55:00,1.0,2023-04-02 05:45:00,2023-04-02 06:50:00,65.0,11.48,20095.0
J139,M03,Completed,2023-03-19 07:00:00,2023-03-19 07:45:00,0.006666666666666667,2023-04-02 05:00:00,2023-04-02 05:45:00,45.0,4.48,20040.0
J140,M05,Completed,2023-03-19 07:10:00,2023-03-19 08:50:00,0.0,2023-04-02 10:48:00,2023-04-02 12:28:00,100.0,8.54,20378.0
J141,M03,Completed,2023-03-19 07:20:00,2023-03-19 09:00:00,0.006666666666666667,2023-04-02 03:20:00,2023-04-02 05:00:00,100.0,6.0,19920.0
J142,M03,Completed,2023-03-19 07:30:00,2023-03-19 09:20:00,0.006666666666666667,2023-04-02 01:30:00,2023-04-02 03:20:00,110.0,3.75,19800.0
J143,M03,Delayed,2023-03-19 07:40:00,2023-03-19 08:13:00,1.0,2023-04-02 00:57:00,2023-04-02 01:30:00,33.0,4.28,19757.0
J144,M03,Completed,2023-03-19 07:50:00,2023-03-19 08:37:00,0.02,2023-04-02 00:10:00,2023-04-02 00:57:00,47.0,6.24,19700.0
J145,M05,Completed,2023-03-19 08:00:00,2023-03-19 08:22:00,0.0,2023-04-02 10:26:00,2023-04-02 10:48:00,22.0,7.26,20306.0
J146,M01,Failed,2023-03-19 08:10:00,2023-03-19 09:12:00,0.9866666666666667,2023-04-03 03:27:00,2023-04-03 04:29:00,62.0,2.21,21317.0
J147,M03,Delayed,2023-03-19 08:20:00,2023-03-19 08:49:00,0.9866666666666667,2023-04-01 23:41:00,2023-04-02 00:10:00,29.0,11.1,19641.0
J148,M01,Completed,2023-03-19 08:30:00,2023-03-19 09:09:00,0.0,2023-04-03 02:48:00,2023-04-03 03:27:00,39.0,9.65,21258.0
J149,M05,Failed,2023-03-19 08:40:00,2023-03-19 10:20:00,0.9733333333333334,2023-04-02 08:46:00,2023-04-02 10:26:00,100.0,11.84,20166.0
J150,M03,Delayed,2023-03-19 08:50:00,2023-03-19 09:43:00,1.0,2023-04-01 22:48:00,2023-04-01 23:41:00,53.0,12.4,19558.0
J151,M02,Failed,2023-03-19 09:00:00,2023-03-19 09:20:00,0.9533333333333334,2023-04-03 10:37:00,2023-04-03 10:57:00,20.0,13.63,21697.0
J152,M05,Completed,2023-03-19 09:10:00,2023-03-19 10:56:00,0.013333333333333334,2023-04-02 07:00:00,2023-04-02 08:46:00,106.0,9.32,20030.0
J153,M05,Completed,2023-03-19 09:20:00,2023-03-19 10:26:00,0.0,2023-04-02 05:54:00,2023-04-02 07:00:00,66.0,5.45,19954.0
J154,M02,Completed,2023-03-19 09:30:00,2023-03-19 11:21:00,0.006666666666666667,2023-04-03 08:46:00,2023-04-03 10:37:00,111.0,7.67,21556.0
J155,M03,Completed,2023-03-19 09:40:00,2023-03-19 10:20:00,0.03333333333333333,2023-04-01 22:08:00,2023-04-01 22:48:00,40.0,9.87,19468.0
J156,M04,Failed,2023-03-19 09:50:00,2023-03-19 10:59:00,0.9933333333333333,2023-04-02 13:31:00,2023-04-02 14:40:00,69.0,14.55,20381.0
J157,M03,Completed,2023-03-19 10:00:00,2023-03-19 10:59:00,0.0,2023-04-01 21:09:00,2023-04-01 22:08:00,59.0,8.16,19389.0
J158,M05,Completed,2023-03-19 10:10:00,2023-03-19 12:03:00,0.0,2023-04-02 04:01:00,2023-04-02 05:54:00,113.0,7.69,19791.0
J159,M02,Completed,2023-03-19 10:20:00,2023-03-19 11:06:00,0.0,2023-04-03 08:00:00,2023-04-03 08:46:00,46.0,3.01,21460.0
J160,M01,Completed,2023-03-19 10:30:00,2023-03-19 12:28:00,0.006666666666666667,2023-04-03 00:50:00,2023-04-03 02:48:00,118.0,9.57,21020.0
J161,M04,Completed,2023-03-19 10:40:00,2023-03-19 11:34:00,0.0,2023-04-02 12:37:00,2023-04-02 13:31:00,54.0,10.3,20277.0
J162,M01,Completed,2023-03-19 10:50:00,2023-03-19 11:48:00,0.0,2023-04-02 23:52:00,2023-04-03 00:50:00,58.0,11.7,20942.0
J163,M01,Completed,2023-03-19 11:00:00,2023-03-19 11:43:00,0.0,2023-04-02 23:09:00,2023-04-02 23:52:00,43.0,10.4,20889.0
J164,M05,Delayed,2023-03-19 11:10:00,2023-03-19 12:06:00,0.9933333333333333,2023-04-02 03:05:00,2023-04-02 04:01:00,56.0,4.22,19675.0
J165,M04,Completed,2023-03-19 11:20:00,2023-03-19 11:49:00,0.0,2023-04-02 12:08:00,2023-04-02 12:37:00,29.0,7.32,20208.0
J166,M04,Failed,2023-03-19 11:30:00,2023-03-19 12:31:00,0.9933333333333333,2023-04-02 11:07:00,2023-04-02 12:08:00,61.0,11.52,20137.0
J167,M01,Completed,2023-03-19 11:40:00,2023-03-19 12:15:00,0.006666666666666667,2023-04-02 22:34:00,2023-04-02 23:09:00,35.0,7.2,20814.0
J168,M03,Delayed,2023-03-19 11:50:00,2023-03-19 12:27:00,0.9733333333333334,2023-04-01 20:32:00,2023-04-01 21:09:00,37.0,12.54,19242.0
J169,M03,Completed,2023-03-19 12:00:00,2023-03-19 12:23:00,0.0,2023-04-01 20:09:00,2023-04-01 20:32:00,23.0,7.11,19209.0
J170,M03,Completed,2023-03-19 12:10:00,2023-03-19 13:52:00,0.0,2023-04-01 18:27:00,2023-04-01 20:09:00,102.0,2.14,19097.0
J171,M05,Completed,2023-03-19 12:20:00,2023-03-19 13:32:00,0.0,2023-04-02 01:53:00,2023-04-02 03:05:00,72.0,13.69,19533.0
J172,M02,Failed,2023-03-19 12:30:00,2023-03-19 13:51:00,0.98,2023-04-03 06:39:00,2023-04-03 08:00:00,81.0,11.61,21249.0
J173,M02,Completed,2023-03-19 12:40:00,2023-03-19 13:44:00,0.0,2023-04-03 05:35:00,2023-04-03 06:39:00,64.0,12.14,21175.0
J174,M01,Delayed,2023-03-19 12:50:00,2023-03-19 14:43:00,1.0,2023-04-02 20:41:00,2023-04-02 22:34:00,113.0,12.49,20631.0
J175,M04,Failed,2023-03-19 13:00:00,2023-03-19 13:40:00,0.9933333333333333,2023-04-02 10:27:00,2023-04-02 11:07:00,40.0,8.16,20007.0
J176,M05,Completed,2023-03-19 13:10:00,2023-03-19 14:50:00,0.006666666666666667,2023-04-02 00:13:00,2023-04-02 01:53:00,100.0,2.62,19383.0
J177,M02,Completed,2023-03-19 13:20:00,2023-03-19 14:57:00,0.0,2023-04-03 03:58:00,2023-04-03 05:35:00,97.0,9.08,21038.0
J178,M01,Completed,2023-03-19 13:30:00,2023-03-19 14:52:00,0.0,2023-04-02 19:19:00,2023-04-02 20:41:00,82.0,10.58,20509.0
J179,M03,Delayed,2023-03-19 13:40:00,2023-03-19 15:15:00,1.0,2023-04-01 16:52:00,2023-04-01 18:27:00,95.0,14.17,18912.0
J180,M02,Completed,2023-03-19 13:50:00,2023-03-19 14:59:00,0.0,2023-04-03 02:49:00,2023-04-03 03:58:00,69.0,3.76,20939.0
J181,M02,Completed,2023-03-19 14:00:00,2023-03-19 15:35:00,0.0,2023-04-03 01:14:00,2023-04-03 02:49:00,95.0,6.4,20834.0
J182,M01,Failed,2023-03-19 14:10:00,2023-03-19 15:29:00,0.9866666666666667,2023-04-02 18:00:00,2023-04-02 19:19:00,79.0,6.22,20390.0
J183,M04,Completed,2023-03-19 14:20:00,2023-03-19 16:06:00,0.006666666666666667,2023-04-02 08:41:00,2023-04-02 10:27:00,106.0,12.25,19821.0
J184,M04,Completed,2023-03-19 14:30:00,2023-03-19 15:59:00,0.0,2023-04-02 07:12:00,2023-04-02 08:41:00,89.0,9.7,19722.0
J185,M04,Completed,2023-03-19 14:40:00,2023-03-19 15:30:00,0.006666666666666667,2023-04-02 06:22:00,2023-04-02 07:12:00,50.0,6.07,19662.0
J186,M01,Completed,2023-03-19 14:50:00,2023-03-19 16:00:00,0.013333333333333334,2023-04-02 16:50:00,2023-04-02 18:00:00,70.0,12.13,20280.0
J187,M04,Failed,2023-03-19 15:00:00,2023-03-19 16:50:00,0.9733333333333334,2023-04-02 04:32:00,2023-04-02 06:22:00,110.0,10.29,19532.0
J188,M02,Completed,2023-03-19 15:10:00,2023-03-19 16:40:00,0.006666666666666667,2023-04-02 23:44:00,2023-04-03 01:14:00,90.0,9.18,20674.0
J189,M03,Completed,2023-03-19 15:20:00,2023-03-19 16:10:00,0.006666666666666667,2023-04-01 16:02:00,2023-04-01 16:52:00,50.0,11.6,18762.0
J190,M04,Delayed,2023-03-19 15:30:00,2023-03-19 16:20:00,1.0,2023-04-02 03:42:00,2023-04-02 04:32:00,50.0,10.25,19452.0
J191,M01,Completed,2023-03-19 15:40:00,2023-03-19 17:34:00,0.006666666666666667,2023-04-02 14:56:00,2023-04-02 16:50:00,114.0,5.81,20116.0
J192,M03,Completed,2023-03-19 15:50:00,2023-03-19 17:30:00,0.02,2023-04-01 14:22:00,2023-04-01 16:02:00,100.0,6.93,18632.0
J193,M04,Completed,2023-03-19 16:00:00,2023-03-19 17:20:00,0.0,2023-04-02 02:22:00,2023-04-02 03:42:00,80.0,14.08,19342.0
J194,M03,Completed,2023-03-19 16:10:00,2023-03-19 17:07:00,0.0,2023-04-01 13:25:00,2023-04-01 14:22:00,57.0,8.84,18555.0
J195,M02,Completed,2023-03-19 16:20:00,2023-03-19 17:48:00,0.013333333333333334,2023-04-02 22:16:00,2023-04-02 23:44:00,88.0,7.32,20516.0
J196,M02,Completed,2023-03-19 16:30:00,2023-03-19 17:26:00,0.0,2023-04-02 21:20:00,2023-04-02 22:16:00,56.0,8.84,20450.0
J197,M05,Delayed,2023-03-19 16:40:00,2023-03-19 17:01:00,0.98,2023-04-01 23:52:00,2023-04-02 00:13:00,21.0,9.75,19152.0
J198,M04,Completed,2023-03-19 16:50:00,2023-03-19 18:04:00,0.07333333333333333,2023-04-02 01:08:00,2023-04-02 02:22:00,74.0,2.46,19218.0
J199,M04,Completed,2023-03-19 17:00:00,2023-03-19 18:30:00,0.0,2023-04-01 23:38:00,2023-04-02 01:08:00,90.0,7.61,19118.0
J200,M02,Completed,2023-03-19 17:10:00,2023-03-19 18:34:00,0.006666666666666667,2023-04-02 19:56:00,2023-04-02 21:20:00,84.0,7.96,20326.0
J201,M04,Failed,2023-03-19 17:20:00,2023-03-19 18:12:00,0.9933333333333333,2023-04-01 22:46:00,2023-04-01 23:38:00,52.0,9.24,19046.0
J202,M02,Failed,2023-03-19 17:30:00,2023-03-19 18:52:00,0.9266666666666666,2023-04-02 18:34:00,2023-04-02 19:56:00,82.0,10.12,20224.0
J203,M05,Delayed,2023-03-19 17:40:00,2023-03-19 18:41:00,1.0,2023-04-01 22:51:00,2023-04-01 23:52:00,61.0,3.81,19031.0
J204,M02,Completed,2023-03-19 17:50:00,2023-03-19 19:43:00,0.006666666666666667,2023-04-02 16:41:00,2023-04-02 18:34:00,113.0,5.93,20091.0
J205,M04,Failed,2023-03-19 18:00:00,2023-03-19 19:29:00,0.88,2023-04-01 21:17:00,2023-04-01 22:46:00,89.0,10.18,18917.0
J206,M04,Delayed,2023-03-19 18:10:00,2023-03-19 19:39:00,1.0,2023-04-01 19:48:00,2023-04-01 21:17:00,89.0,3.08,18818.0
J207,M05,Completed,2023-03-19 18:20:00,2023-03-19 18:41:00,0.006666666666666667,2023-04-01 22:30:00,2023-04-01 22:51:00,21.0,3.53,18970.0
J208,M01,Completed,2023-03-19 18:30:00,2023-03-19 18:50:00,0.013333333333333334,2023-04-02 14:36:00,2023-04-02 14:56:00,20.0,5.06,19926.0
J209,M01,Delayed,2023-03-19 18:40:00,2023-03-19 20:26:00,0.9933333333333333,2023-04-02 12:50:00,2023-04-02 14:36:00,106.0,11.95,19810.0
J210,M04,Completed,2023-03-19 18:50:00,2023-03-19 20:06:00,0.006666666666666667,2023-04-01 18:32:00,2023-04-01 19:48:00,76.0,10.49,18702.0
J211,M03,Completed,2023-03-19 19:00:00,2023-03-19 19:25:00,0.0,2023-04-01 13:00:00,2023-04-01 13:25:00,25.0,8.39,18360.0
J212,M01,Completed,2023-03-19 19:10:00,2023-03-19 20:46:00,0.0,2023-04-02 11:14:00,2023-04-02 12:50:00,96.0,4.27,19684.0
J213,M03,Failed,2023-03-19 19:20:00,2023-03-19 20:13:00,0.9666666666666667,2023-04-01 12:07:00,2023-04-01 13:00:00,53.0,4.49,18287.0
J214,M04,Completed,2023-03-19 19:30:00,2023-03-19 20:06:00,0.0,2023-04-01 17:56:00,2023-04-01 18:32:00,36.0,4.59,18626.0
J215,M02,Completed,2023-03-19 19:40:00,2023-03-19 20:23:00,0.0,2023-04-02 15:58:00,2023-04-02 16:41:00,43.0,6.1,19938.0
J216,M01,Completed,2023-03-19 19:50:00,2023-03-19 20:32:00,0.0,2023-04-02 10:32:00,2023-04-02 11:14:00,42.0,10.46,19602.0
J217,M02,Completed,2023-03-19 20:00:00,2023-03-19 21:49:00,0.0,2023-04-02 14:09:00,2023-04-02 15:58:00,109.0,4.75,19809.0
J218,M05,Delayed,2023-03-19 20:10:00,2023-03-19 21:21:00,1.0,2023-04-01 21:19:00,2023-04-01 22:30:00,71.0,10.74,18789.0
J219,M05,Completed,2023-03-19 20:20:00,2023-03-19 22:07:00,0.006666666666666667,2023-04-01 19:32:00,2023-04-01 21:19:00,107.0,11.19,18672.0
J220,M05,Completed,2023-03-19 20:30:00,2023-03-19 21:40:00,0.0,2023-04-01 18:22:00,2023-04-01 19:32:00,70.0,4.22,18592.0
J221,M02,Delayed,2023-03-19 20:40:00,2023-03-19 22:15:00,1.0,2023-04-02 12:34:00,2023-04-02 14:09:00,95.0,10.49,19674.0
J222,M03,Failed,2023-03-19 20:50:00,2023-03-19 22:49:00,0.9733333333333334,2023-04-01 10:08:00,2023-04-01 12:07:00,119.0,3.14,18078.0
J223,M01,Failed,2023-03-19 21:00:00,2023-03-19 21:58:00,0.9866666666666667,2023-04-02 09:34:00,2023-04-02 10:32:00,58.0,10.74,19474.0
J224,M05,Delayed,2023-03-19 21:10:00,2023-03-19 22:35:00,0.9933333333333333,2023-04-01 16:57:00,2023-04-01 18:22:00,85.0,9.63,18467.0
J225,M03,Completed,2023-03-19 21:20:00,2023-03-19 21:42:00,0.0,2023-04-01 09:46:00,2023-04-01 10:08:00,22.0,13.02,18026.0
J226,M04,Completed,2023-03-19 21:30:00,2023-03-19 23:15:00,0.0,2023-04-01 16:11:00,2023-04-01 17:56:00,105.0,7.9,18401.0
J227,M05,Delayed,2023-03-19 21:40:00,2023-03-19 23:29:00,1.0,2023-04-01 15:08:00,2023-04-01 16:57:00,109.0,6.97,18328.0
J228,M02,Completed,2023-03-19 21:50:00,2023-03-19 23:07:00,0.006666666666666667,2023-04-02 11:17:00,2023-04-02 12:34:00,77.0,8.47,19527.0
J229,M01,Completed,2023-03-19 22:00:00,2023-03-19 22:59:00,0.0,2023-04-02 08:35:00,2023-04-02 09:34:00,59.0,13.77,19355.0
J230,M01,Completed,2023-03-19 22:10:00,2023-03-19 23:15:00,0.0,2023-04-02 07:30:00,2023-04-02 08:35:00,65.0,11.13,19280.0
J231,M02,Failed,2023-03-19 22:20:00,2023-03-19 22:56:00,0.9733333333333334,2023-04-02 10:41:00,2023-04-02 11:17:00,36.0,14.64,19461.0
J232,M01,Completed,2023-03-19 22:30:00,2023-03-20 00:16:00,0.0,2023-04-02 05:44:00,2023-04-02 07:30:00,106.0,11.48,19154.0
J233,M04,Completed,2023-03-19 22:40:00,2023-03-20 00:08:00,0.0,2023-04-01 14:43:00,2023-04-01 16:11:00,88.0,2.35,18243.0
J234,M01,Completed,2023-03-19 22:50:00,2023-03-20 00:41:00,0.0,2023-04-02 03:53:00,2023-04-02 05:44:00,111.0,9.95,19023.0
J235,M03,Completed,2023-03-19 23:00:00,2023-03-19 23:56:00,0.013333333333333334,2023-04-01 08:50:00,2023-04-01 09:46:00,56.0,6.94,17870.0
J236,M02,Completed,2023-03-19 23:10:00,2023-03-19 23:36:00,0.0,2023-04-02 10:15:00,2023-04-02 10:41:00,26.0,7.84,19385.0
J237,M01,Completed,2023-03-19 23:20:00,2023-03-20 00:43:00,0.0,2023-04-02 02:30:00,2023-04-02 03:53:00,83.0,6.17,18910.0
J238,M05,Completed,2023-03-19 23:30:00,2023-03-20 01:05:00,0.006666666666666667,2023-04-01 13:33:00,2023-04-01 15:08:00,95.0,7.18,18123.0
J239,M03,Failed,2023-03-19 23:40:00,2023-03-20 01:09:00,0.9733333333333334,2023-04-01 07:21:00,2023-04-01 08:50:00,89.0,2.79,17741.0
J240,M02,Failed,2023-03-19 23:50:00,2023-03-20 00:12:00,0.96,2023-04-02 09:53:00,2023-04-02 10:15:00,22.0,9.51,19323.0
J241,M01,Completed,2023-03-20 00:00:00,2023-03-20 01:35:00,0.02,2023-04-02 00:55:00,2023-04-02 02:30:00,95.0,9.52,18775.0
J242,M05,Completed,2023-03-20 00:10:00,2023-03-20 01:52:00,0.0,2023-04-01 11:51:00,2023-04-01 13:33:00,102.0,10.33,17981.0
J243,M02,Completed,2023-03-20 00:20:00,2023-03-20 01:16:00,0.0,2023-04-02 08:57:00,2023-04-02 09:53:00,56.0,4.43,19237.0
J244,M03,Delayed,2023-03-20 00:30:00,2023-03-20 01:12:00,1.0,2023-04-01 06:39:00,2023-04-01 07:21:00,42.0,10.91,17649.0
J245,M02,Completed,2023-03-20 00:40:00,2023-03-20 01:05:00,0.006666666666666667,2023-04-02 08:32:00,2023-04-02 08:57:00,25.0,2.84,19192.0
J246,M01,Completed,2023-03-20 00:50:00,2023-03-20 01:30:00,0.0,2023-04-02 00:15:00,2023-04-02 00:55:00,40.0,3.02,18685.0
J247,M02,Completed,2023-03-20 01:00:00,2023-03-20 02:24:00,0.0,2023-04-02 07:08:00,2023-04-02 08:32:00,84.0,12.46,19088.0
J248,M01,Completed,2023-03-20 01:10:00,2023-03-20 02:01:00,0.0,2023-04-01 23:24:00,2023-04-02 00:15:00,51.0,5.84,18614.0
J249,M03,Completed,2023-03-20 01:20:00,2023-03-20 02:27:00,0.0,2023-04-01 05:32:00,2023-04-01 06:39:00,67.0,3.71,17532.0
J250,M02,Completed,2023-03-20 01:30:00,2023-03-20 02:49:00,0.0,2023-04-02 05:49:00,2023-04-02 07:08:00,79.0,6.4,18979.0
J251,M01,Completed,2023-03-20 01:40:00,2023-03-20 02:01:00,0.02,2023-04-01 23:03:00,2023-04-01 23:24:00,21.0,8.57,18563.0
J252,M05,Completed,2023-03-20 01:50:00,2023-03-20 02:28:00,0.0,2023-04-01 11:13:00,2023-04-01 11:51:00,38.0,13.14,17843.0
J253,M01,Completed,2023-03-20 02:00:00,2023-03-20 02:43:00,0.0,2023-04-01 22:20:00,2023-04-01 23:03:00,43.0,9.9,18500.0
J254,M05,Delayed,2023-03-20 02:10:00,2023-03-20 02:48:00,1.0,2023-04-01 10:35:00,2023-04-01 11:13:00,38.0,14.38,17785.0
J255,M01,Completed,2023-03-20 02:20:00,2023-03-20 02:58:00,0.0,2023-04-01 21:42:00,2023-04-01 22:20:00,38.0,11.78,18442.0
J256,M01,Completed,2023-03-20 02:30:00,2023-03-20 03:30:00,0.006666666666666667,2023-04-01 20:42:00,2023-04-01 21:42:00,60.0,4.89,18372.0
J257,M02,Completed,2023-03-20 02:40:00,2023-03-20 04:40:00,0.02666666666666667,2023-04-02 03:49:00,2023-04-02 05:49:00,120.0,5.09,18789.0
J258,M05,Completed,2023-03-20 02:50:00,2023-03-20 03:18:00,0.006666666666666667,2023-04-01 10:07:00,2023-04-01 10:35:00,28.0,9.23,17717.0
J259,M03,Completed,2023-03-20 03:00:00,2023-03-20 03:24:00,0.013333333333333334,2023-04-01 05:08:00,2023-04-01 05:32:00,24.0,7.41,17408.0
J260,M04,Failed,2023-03-20 03:10:00,2023-03-20 03:57:00,0.98,2023-04-01 13:56:00,2023-04-01 14:43:00,47.0,4.55,17926.0
J261,M01,Delayed,2023-03-20 03:20:00,2023-03-20 05:04:00,1.0,2023-04-01 18:58:00,2023-04-01 20:42:00,104.0,4.72,18218.0
J262,M05,Failed,2023-03-20 03:30:00,2023-03-20 05:24:00,0.9466666666666667,2023-04-01 08:13:00,2023-04-01 10:07:00,114.0,4.24,17563.0
J263,M04,Completed,2023-03-20 03:40:00,2023-03-20 04:18:00,0.013333333333333334,2023-04-01 13:18:00,2023-04-01 13:56:00,38.0,14.87,17858.0
J264,M04,Delayed,2023-03-20 03:50:00,2023-03-20 05:02:00,1.0,2023-04-01 12:06:00,2023-04-01 13:18:00,72.0,13.92,17776.0
J265,M04,Completed,2023-03-20 04:00:00,2023-03-20 05:37:00,0.0,2023-04-01 10:29:00,2023-04-01 12:06:00,97.0,6.15,17669.0
J266,M05,Delayed,2023-03-20 04:10:00,2023-03-20 05:46:00,1.0,2023-04-01 06:37:00,2023-04-01 08:13:00,96.0,12.26,17427.0
J267,M02,Completed,2023-03-20 04:20:00,2023-03-20 06:01:00,0.0,2023-04-02 02:08:00,2023-04-02 03:49:00,101.0,8.25,18588.0
J268,M04,Completed,2023-03-20 04:30:00,2023-03-20 06:15:00,0.006666666666666667,2023-04-01 08:44:00,2023-04-01 10:29:00,105.0,6.98,17534.0
J269,M01,Delayed,2023-03-20 04:40:00,2023-03-20 05:05:00,0.9933333333333333,2023-04-01 18:33:00,2023-04-01 18:58:00,25.0,4.0,18113.0
J270,M04,Completed,2023-03-20 04:50:00,2023-03-20 06:05:00,0.0,2023-04-01 07:29:00,2023-04-01 08:44:00,75.0,14.44,17439.0
J271,M01,Completed,2023-03-20 05:00:00,2023-03-20 05:21:00,0.0,2023-04-01 18:12:00,2023-04-01 18:33:00,21.0,7.47,18072.0
J272,M04,Completed,2023-03-20 05:10:00,2023-03-20 06:05:00,0.0,2023-04-01 06:34:00,2023-04-01 07:29:00,55.0,13.68,17364.0
J273,M01,Delayed,2023-03-20 05:20:00,2023-03-20 06:38:00,0.9933333333333333,2023-04-01 16:54:00,2023-04-01 18:12:00,78.0,5.42,17974.0
J274,M05,Completed,2023-03-20 05:30:00,2023-03-20 05:50:00,0.013333333333333334,2023-04-01 06:17:00,2023-04-01 06:37:00,20.0,4.29,17327.0
J275,M03,Completed,2023-03-20 05:40:00,2023-03-20 07:14:00,0.0,2023-04-01 03:34:00,2023-04-01 05:08:00,94.0,14.67,17154.0
J276,M02,Failed,2023-03-20 05:50:00,2023-03-20 07:08:00,1.0,2023-04-02 00:50:00,2023-04-02 02:08:00,78.0,4.23,18420.0
J277,M01,Completed,2023-03-20 06:00:00,2023-03-20 07:16:00,0.0,2023-04-01 15:38:00,2023-04-01 16:54:00,76.0,12.37,17858.0
J278,M03,Completed,2023-03-20 06:10:00,2023-03-20 07:08:00,0.0,2023-04-01 02:36:00,2023-04-01 03:34:00,58.0,14.2,17066.0
J279,M04,Completed,2023-03-20 06:20:00,2023-03-20 07:24:00,0.006666666666666667,2023-04-01 05:30:00,2023-04-01 06:34:00,64.0,2.45,17230.0
J280,M05,Completed,2023-03-20 06:30:00,2023-03-20 07:36:00,0.0,2023-04-01 05:11:00,2023-04-01 06:17:00,66.0,9.66,17201.0
J281,M03,Completed,2023-03-20 06:40:00,2023-03-20 07:39:00,0.04,2023-04-01 01:37:00,2023-04-01 02:36:00,59.0,8.66,16977.0
J282,M03,Completed,2023-03-20 06:50:00,2023-03-20 07:20:00,0.0,2023-04-01 01:07:00,2023-04-01 01:37:00,30.0,10.21,16937.0
J283,M01,Completed,2023-03-20 07:00:00,2023-03-20 07:37:00,0.0,2023-04-01 15:01:00,2023-04-01 15:38:00,37.0,9.47,17761.0
J284,M02,Delayed,2023-03-20 07:10:00,2023-03-20 08:21:00,1.0,2023-04-01 23:39:00,2023-04-02 00:50:00,71.0,13.8,18269.0
J285,M01,Completed,2023-03-20 07:20:00,2023-03-20 09:06:00,0.0,2023-04-01 13:15:00,2023-04-01 15:01:00,106.0,13.31,17635.0
J286,M04,Completed,2023-03-20 07:30:00,2023-03-20 09:17:00,0.006666666666666667,2023-04-01 03:43:00,2023-04-01 05:30:00,107.0,6.69,17053.0
J287,M02,Completed,2023-03-20 07:40:00,2023-03-20 09:15:00,0.0,2023-04-01 22:04:00,2023-04-01 23:39:00,95.0,5.56,18144.0
J288,M02,Completed,2023-03-20 07:50:00,2023-03-20 08:26:00,0.0,2023-04-01 21:28:00,2023-04-01 22:04:00,36.0,6.56,18098.0
J289,M02,Completed,2023-03-20 08:00:00,2023-03-20 09:37:00,0.006666666666666667,2023-04-01 19:51:00,2023-04-01 21:28:00,97.0,5.47,17991.0
J290,M05,Completed,2023-03-20 08:10:00,2023-03-20 09:31:00,0.0,2023-04-01 03:50:00,2023-04-01 05:11:00,81.0,10.72,17020.0
J291,M03,Completed,2023-03-20 08:20:00,2023-03-20 08:46:00,0.0,2023-04-01 00:41:00,2023-04-01 01:07:00,26.0,12.76,16821.0
J292,M04,Completed,2023-03-20 08:30:00,2023-03-20 10:03:00,0.0,2023-04-01 02:10:00,2023-04-01 03:43:00,93.0,9.8,16900.0
J293,M04,Completed,2023-03-20 08:40:00,2023-03-20 10:23:00,0.0,2023-04-01 00:27:00,2023-04-01 02:10:00,103.0,13.09,16787.0
J294,M03,Completed,2023-03-20 08:50:00,2023-03-20 10:20:00,0.013333333333333334,2023-03-31 23:11:00,2023-04-01 00:41:00,90.0,6.74,16701.0
J295,M02,Completed,2023-03-20 09:00:00,2023-03-20 09:39:00,0.0,2023-04-01 19:12:00,2023-04-01 19:51:00,39.0,10.97,17892.0
J296,M03,Failed,2023-03-20 09:10:00,2023-03-20 10:26:00,1.0,2023-03-31 21:55:00,2023-03-31 23:11:00,76.0,13.25,16605.0
J297,M01,Delayed,2023-03-20 09:20:00,2023-03-20 10:39:00,0.98,2023-04-01 11:56:00,2023-04-01 13:15:00,79.0,2.05,17436.0
J298,M04,Completed,2023-03-20 09:30:00,2023-03-20 11:26:00,0.006666666666666667,2023-03-31 22:31:00,2023-04-01 00:27:00,116.0,4.79,16621.0
J299,M04,Delayed,2023-03-20 09:40:00,2023-03-20 10:03:00,1.0,2023-03-31 22:08:00,2023-03-31 22:31:00,23.0,3.92,16588.0
J300,M04,Completed,2023-03-20 09:50:00,2023-03-20 10:10:00,0.02,2023-03-31 21:48:00,2023-03-31 22:08:00,20.0,6.24,16558.0
J301,M02,Completed,2023-03-20 10:00:00,2023-03-20 11:27:00,0.006666666666666667,2023-04-01 17:45:00,2023-04-01 19:12:00,87.0,5.09,17745.0
J302,M04,Delayed,2023-03-20 10:10:00,2023-03-20 11:02:00,1.0,2023-03-31 20:56:00,2023-03-31 21:48:00,52.0,14.65,16486.0
J303,M05,Completed,2023-03-20 10:20:00,2023-03-20 10:58:00,0.006666666666666667,2023-04-01 03:12:00,2023-04-01 03:50:00,38.0,6.46,16852.0
J304,M03,Completed,2023-03-20 10:30:00,2023-03-20 11:45:00,0.0,2023-03-31 20:40:00,2023-03-31 21:55:00,75.0,6.02,16450.0
J305,M05,Completed,2023-03-20 10:40:00,2023-03-20 12:09:00,0.0,2023-04-01 01:43:00,2023-04-01 03:12:00,89.0,12.46,16743.0
J306,M03,Completed,2023-03-20 10:50:00,2023-03-20 12:07:00,0.006666666666666667,2023-03-31 19:23:00,2023-03-31 20:40:00,77.0,9.46,16353.0
J307,M02,Delayed,2023-03-20 11:00:00,2023-03-20 12:29:00,0.9933333333333333,2023-04-01 16:16:00,2023-04-01 17:45:00,89.0,6.97,17596.0
J308,M01,Completed,2023-03-20 11:10:00,2023-03-20 12:00:00,0.0,2023-04-01 11:06:00,2023-04-01 11:56:00,50.0,3.41,17276.0
J309,M03,Delayed,2023-03-20 11:20:00,2023-03-20 12:31:00,1.0,2023-03-31 18:12:00,2023-03-31 19:23:00,71.0,11.53,16252.0
J310,M04,Completed,2023-03-20 11:30:00,2023-03-20 12:20:00,0.0,2023-03-31 20:06:00,2023-03-31 20:56:00,50.0,8.24,16356.0
J311,M02,Failed,2023-03-20 11:40:00,2023-03-20 13:05:00,0.98,2023-04-01 14:51:00,2023-04-01 16:16:00,85.0,13.06,17471.0
J312,M04,Failed,2023-03-20 11:50:00,2023-03-20 13:25:00,0.98,2023-03-31 18:31:00,2023-03-31 20:06:00,95.0,6.84,16241.0
J313,M05,Failed,2023-03-20 12:00:00,2023-03-20 12:59:00,1.0,2023-04-01 00:44:00,2023-04-01 01:43:00,59.0,4.65,16604.0
J314,M05,Completed,2023-03-20 12:10:00,2023-03-20 14:03:00,0.0,2023-03-31 22:51:00,2023-04-01 00:44:00,113.0,10.52,16481.0
J315,M05,Completed,2023-03-20 12:20:00,2023-03-20 13:11:00,0.0,2023-03-31 22:00:00,2023-03-31 22:51:00,51.0,4.67,16420.0
J316,M02,Completed,2023-03-20 12:30:00,2023-03-20 14:15:00,0.0,2023-04-01 13:06:00,2023-04-01 14:51:00,105.0,14.25,17316.0
J317,M05,Completed,2023-03-20 12:40:00,2023-03-20 13:50:00,0.0,2023-03-31 20:50:00,2023-03-31 22:00:00,70.0,4.67,16330.0
J318,M02,Completed,2023-03-20 12:50:00,2023-03-20 14:17:00,0.0,2023-04-01 11:39:00,2023-04-01 13:06:00,87.0,10.22,17209.0
J319,M03,Completed,2023-03-20 13:00:00,2023-03-20 13:23:00,0.006666666666666667,2023-03-31 17:49:00,2023-03-31 18:12:00,23.0,10.48,16129.0
J320,M04,Completed,2023-03-20 13:10:00,2023-03-20 13:49:00,0.0,2023-03-31 17:52:00,2023-03-31 18:31:00,39.0,2.7,16122.0
J321,M01,Delayed,2023-03-20 13:20:00,2023-03-20 14:30:00,1.0,2023-04-01 09:56:00,2023-04-01 11:06:00,70.0,10.34,17076.0
J322,M03,Completed,2023-03-20 13:30:00,2023-03-20 14:50:00,0.0,2023-03-31 16:29:00,2023-03-31 17:49:00,80.0,10.42,16019.0
J323,M01,Completed,2023-03-20 13:40:00,2023-03-20 15:10:00,0.0,2023-04-01 08:26:00,2023-04-01 09:56:00,90.0,5.88,16966.0
J324,M05,Delayed,2023-03-20 13:50:00,2023-03-20 14:11:00,0.9733333333333334,2023-03-31 20:29:00,2023-03-31 20:50:00,21.0,11.65,16239.0
J325,M03,Failed,2023-03-20 14:00:00,2023-03-20 15:52:00,0.9733333333333334,2023-03-31 14:37:00,2023-03-31 16:29:00,112.0,4.85,15877.0
J326,M01,Completed,2023-03-20 14:10:00,2023-03-20 15:10:00,0.006666666666666667,2023-04-01 07:26:00,2023-04-01 08:26:00,60.0,4.74,16876.0
J327,M04,Completed,2023-03-20 14:20:00,2023-03-20 15:33:00,0.0,2023-03-31 16:39:00,2023-03-31 17:52:00,73.0,11.29,15979.0
J328,M05,Completed,2023-03-20 14:30:00,2023-03-20 15:27:00,0.0,2023-03-31 19:32:00,2023-03-31 20:29:00,57.0,13.77,16142.0
J329,M05,Delayed,2023-03-20 14:40:00,2023-03-20 15:54:00,0.98,2023-03-31 18:18:00,2023-03-31 19:32:00,74.0,2.64,16058.0
J330,M01,Completed,2023-03-20 14:50:00,2023-03-20 15:44:00,0.006666666666666667,2023-04-01 06:32:00,2023-04-01 07:26:00,54.0,8.66,16782.0
J331,M04,Completed,2023-03-20 15:00:00,2023-03-20 15:27:00,0.0,2023-03-31 16:12:00,2023-03-31 16:39:00,27.0,5.78,15912.0
J332,M05,Completed,2023-03-20 15:10:00,2023-03-20 17:04:00,0.04,2023-03-31 16:24:00,2023-03-31 18:18:00,114.0,9.52,15914.0
J333,M02,Delayed,2023-03-20 15:20:00,2023-03-20 16:21:00,1.0,2023-04-01 10:38:00,2023-04-01 11:39:00,61.0,11.45,16998.0
J334,M04,Failed,2023-03-20 15:30:00,2023-03-20 16:37:00,0.9933333333333333,2023-03-31 15:05:00,2023-03-31 16:12:00,67.0,5.28,15815.0
J335,M05,Completed,2023-03-20 15:40:00,2023-03-20 16:39:00,0.0,2023-03-31 15:25:00,2023-03-31 16:24:00,59.0,13.01,15825.0
J336,M05,Completed,2023-03-20 15:50:00,2023-03-20 16:15:00,0.02,2023-03-31 15:00:00,2023-03-31 15:25:00,25.0,10.4,15790.0
J337,M02,Delayed,2023-03-20 16:00:00,2023-03-20 17:18:00,0.9933333333333333,2023-04-01 09:20:00,2023-04-01 10:38:00,78.0,13.17,16880.0
J338,M01,Completed,2023-03-20 16:10:00,2023-03-20 17:21:00,0.006666666666666667,2023-04-01 05:21:00,2023-04-01 06:32:00,71.0,13.97,16631.0
J339,M03,Completed,2023-03-20 16:20:00,2023-03-20 17:34:00,0.0,2023-03-31 13:23:00,2023-03-31 14:37:00,74.0,11.52,15663.0
J340,M05,Delayed,2023-03-20 16:30:00,2023-03-20 17:28:00,0.9933333333333333,2023-03-31 14:02:00,2023-03-31 15:00:00,58.0,6.8,15692.0
J341,M03,Failed,2023-03-20 16:40:00,2023-03-20 18:16:00,0.9866666666666667,2023-03-31 11:47:00,2023-03-31 13:23:00,96.0,13.66,15547.0
J342,M04,Failed,2023-03-20 16:50:00,2023-03-20 18:48:00,0.9466666666666667,2023-03-31 13:07:00,2023-03-31 15:05:00,118.0,5.0,15617.0
J343,M02,Completed,2023-03-20 17:00:00,2023-03-20 18:40:00,0.0,2023-04-01 07:40:00,2023-04-01 09:20:00,100.0,10.38,16720.0
J344,M01,Completed,2023-03-20 17:10:00,2023-03-20 18:44:00,0.0,2023-04-01 03:47:00,2023-04-01 05:21:00,94.0,14.98,16477.0
J345,M05,Failed,2023-03-20 17:20:00,2023-03-20 17:57:00,0.9933333333333333,2023-03-31 13:25:00,2023-03-31 14:02:00,37.0,6.03,15605.0
J346,M04,Completed,2023-03-20 17:30:00,2023-03-20 17:59:00,0.0,2023-03-31 12:38:00,2023-03-31 13:07:00,29.0,13.78,15548.0
J347,M01,Completed,2023-03-20 17:40:00,2023-03-20 18:53:00,0.0,2023-04-01 02:34:00,2023-04-01 03:47:00,73.0,14.45,16374.0
J348,M02,Completed,2023-03-20 17:50:00,2023-03-20 19:22:00,0.02666666666666667,2023-04-01 06:08:00,2023-04-01 07:40:00,92.0,8.79,16578.0
J349,M04,Completed,2023-03-20 18:00:00,2023-03-20 19:26:00,0.006666666666666667,2023-03-31 11:12:00,2023-03-31 12:38:00,86.0,10.39,15432.0
J350,M03,Completed,2023-03-20 18:10:00,2023-03-20 19:27:00,0.006666666666666667,2023-03-31 10:30:00,2023-03-31 11:47:00,77.0,10.81,15380.0
J351,M04,Completed,2023-03-20 18:20:00,2023-03-20 19:11:00,0.006666666666666667,2023-03-31 10:21:00,2023-03-31 11:12:00,51.0,9.83,15361.0
J352,M01,Completed,2023-03-20 18:30:00,2023-03-20 20:03:00,0.0,2023-04-01 01:01:00,2023-04-01 02:34:00,93.0,14.04,16231.0
J353,M02,Completed,2023-03-20 18:40:00,2023-03-20 19:16:00,0.0,2023-04-01 05:32:00,2023-04-01 06:08:00,36.0,5.98,16492.0
J354,M03,Completed,2023-03-20 18:50:00,2023-03-20 19:51:00,0.0,2023-03-31 09:29:00,2023-03-31 10:30:00,61.0,13.62,15279.0
J355,M03,Completed,2023-03-20 19:00:00,2023-03-20 20:27:00,0.0,2023-03-31 08:02:00,2023-03-31 09:29:00,87.0,5.88,15182.0
J356,M01,Completed,2023-03-20 19:10:00,2023-03-20 20:51:00,0.006666666666666667,2023-03-31 23:20:00,2023-04-01 01:01:00,101.0,10.12,16090.0
J357,M05,Completed,2023-03-20 19:20:00,2023-03-20 21:16:00,0.0,2023-03-31 11:29:00,2023-03-31 13:25:00,116.0,11.31,15369.0
J358,M01,Failed,2023-03-20 19:30:00,2023-03-20 20:36:00,0.9866666666666667,2023-03-31 22:14:00,2023-03-31 23:20:00,66.0,8.79,16004.0
J359,M04,Completed,2023-03-20 19:40:00,2023-03-20 21:10:00,0.0,2023-03-31 08:51:00,2023-03-31 10:21:00,90.0,7.96,15191.0
J360,M05,Completed,2023-03-20 19:50:00,2023-03-20 20:19:00,0.0,2023-03-31 11:00:00,2023-03-31 11:29:00,29.0,8.0,15310.0
J361,M05,Completed,2023-03-20 20:00:00,2023-03-20 21:23:00,0.006666666666666667,2023-03-31 09:37:00,2023-03-31 11:00:00,83.0,4.43,15217.0
J362,M02,Completed,2023-03-20 20:10:00,2023-03-20 21:00:00,0.013333333333333334,2023-04-01 04:42:00,2023-04-01 05:32:00,50.0,12.64,16352.0
J363,M04,Completed,2023-03-20 20:20:00,2023-03-20 22:18:00,0.006666666666666667,2023-03-31 06:53:00,2023-03-31 08:51:00,118.0,3.21,15033.0
J364,M05,Completed,2023-03-20 20:30:00,2023-03-20 22:25:00,0.006666666666666667,2023-03-31 07:42:00,2023-03-31 09:37:00,115.0,6.41,15072.0
J365,M05,Completed,2023-03-20 20:40:00,2023-03-20 22:26:00,0.0,2023-03-31 05:56:00,2023-03-31 07:42:00,106.0,9.52,14956.0
J366,M03,Completed,2023-03-20 20:50:00,2023-03-20 21:37:00,0.0,2023-03-31 07:15:00,2023-03-31 08:02:00,47.0,12.4,15025.0
J367,M05,Completed,2023-03-20 21:00:00,2023-03-20 21:38:00,0.006666666666666667,2023-03-31 05:18:00,2023-03-31 05:56:00,38.0,12.38,14898.0
J368,M03,Completed,2023-03-20 21:10:00,2023-03-20 22:13:00,0.0,2023-03-31 06:12:00,2023-03-31 07:15:00,63.0,8.96,14942.0
J369,M04,Completed,2023-03-20 21:20:00,2023-03-20 22:36:00,0.0,2023-03-31 05:37:00,2023-03-31 06:53:00,76.0,5.98,14897.0
J370,M04,Failed,2023-03-20 21:30:00,2023-03-20 22:17:00,1.0,2023-03-31 04:50:00,2023-03-31 05:37:00,47.0,14.26,14840.0
J371,M01,Completed,2023-03-20 21:40:00,2023-03-20 22:12:00,0.0,2023-03-31 21:42:00,2023-03-31 22:14:00,32.0,4.38,15842.0
J372,M03,Delayed,2023-03-20 21:50:00,2023-03-20 23:08:00,1.0,2023-03-31 04:54:00,2023-03-31 06:12:00,78.0,9.06,14824.0
J373,M05,Completed,2023-03-20 22:00:00,2023-03-20 23:35:00,0.0,2023-03-31 03:43:00,2023-03-31 05:18:00,95.0,4.05,14743.0
J374,M02,Completed,2023-03-20 22:10:00,2023-03-20 22:58:00,0.0,2023-04-01 03:54:00,2023-04-01 04:42:00,48.0,7.49,16184.0
J375,M05,Failed,2023-03-20 22:20:00,2023-03-21 00:10:00,1.0,2023-03-31 01:53:00,2023-03-31 03:43:00,110.0,12.16,14613.0
J376,M04,Completed,2023-03-20 22:30:00,2023-03-20 23:22:00,0.006666666666666667,2023-03-31 03:58:00,2023-03-31 04:50:00,52.0,13.19,14728.0
J377,M02,Completed,2023-03-20 22:40:00,2023-03-20 23:41:00,0.006666666666666667,2023-04-01 02:53:00,2023-04-01 03:54:00,61.0,6.11,16093.0
J378,M01,Failed,2023-03-20 22:50:00,2023-03-20 23:53:00,0.9933333333333333,2023-03-31 20:39:00,2023-03-31 21:42:00,63.0,4.78,15709.0
J379,M01,Completed,2023-03-20 23:00:00,2023-03-20 23:47:00,0.006666666666666667,2023-03-31 19:52:00,2023-03-31 20:39:00,47.0,5.13,15652.0
J380,M02,Completed,2023-03-20 23:10:00,2023-03-20 23:56:00,0.0,2023-04-01 02:07:00,2023-04-01 02:53:00,46.0,4.7,16017.0
J381,M01,Completed,2023-03-20 23:20:00,2023-03-21 00:49:00,0.0,2023-03-31 18:23:00,2023-03-31 19:52:00,89.0,7.85,15543.0
J382,M04,Completed,2023-03-20 23:30:00,2023-03-21 00:42:00,0.0,2023-03-31 02:46:00,2023-03-31 03:58:00,72.0,14.49,14596.0
J383,M01,Delayed,2023-03-20 23:40:00,2023-03-21 00:45:00,0.9866666666666667,2023-03-31 17:18:00,2023-03-31 18:23:00,65.0,3.68,15458.0
J384,M01,Completed,2023-03-20 23:50:00,2023-03-21 00:40:00,0.0,2023-03-31 16:28:00,2023-03-31 17:18:00,50.0,11.62,15398.0
J385,M02,Completed,2023-03-21 00:00:00,2023-03-21 00:59:00,0.0,2023-04-01 01:08:00,2023-04-01 02:07:00,59.0,3.65,15908.0
J386,M05,Completed,2023-03-21 00:10:00,2023-03-21 01:23:00,0.0,2023-03-31 00:40:00,2023-03-31 01:53:00,73.0,5.47,14430.0
J387,M01,Completed,2023-03-21 00:20:00,2023-03-21 01:02:00,0.0,2023-03-31 15:46:00,2023-03-31 16:28:00,42.0,4.47,15326.0
J388,M05,Completed,2023-03-21 00:30:00,2023-03-21 00:54:00,0.013333333333333334,2023-03-31 00:16:00,2023-03-31 00:40:00,24.0,11.46,14386.0
J389,M01,Completed,2023-03-21 00:40:00,2023-03-21 01:51:00,0.0,2023-03-31 14:35:00,2023-03-31 15:46:00,71.0,9.02,15235.0
J390,M04,Delayed,2023-03-21 00:50:00,2023-03-21 02:06:00,1.0,2023-03-31 01:30:00,2023-03-31 02:46:00,76.0,11.35,14440.0
J391,M03,Completed,2023-03-21 01:00:00,2023-03-21 01:35:00,0.006666666666666667,2023-03-31 04:19:00,2023-03-31 04:54:00,35.0,4.83,14599.0
J392,M01,Completed,2023-03-21 01:10:00,2023-03-21 02:46:00,0.006666666666666667,2023-03-31 12:59:00,2023-03-31 14:35:00,96.0,10.86,15109.0
J393,M01,Completed,2023-03-21 01:20:00,2023-03-21 02:29:00,0.006666666666666667,2023-03-31 11:50:00,2023-03-31 12:59:00,69.0,2.09,15030.0
J394,M02,Completed,2023-03-21 01:30:00,2023-03-21 02:44:00,0.0,2023-03-31 23:54:00,2023-04-01 01:08:00,74.0,10.7,15744.0
J395,M03,Completed,2023-03-21 01:40:00,2023-03-21 02:46:00,0.0,2023-03-31 03:13:00,2023-03-31 04:19:00,66.0,13.0,14493.0
J396,M02,Completed,2023-03-21 01:50:00,2023-03-21 02:57:00,0.006666666666666667,2023-03-31 22:47:00,2023-03-31 23:54:00,67.0,6.88,15657.0
J397,M05,Failed,2023-03-21 02:00:00,2023-03-21 02:23:00,0.9466666666666667,2023-03-30 23:53:00,2023-03-31 00:16:00,23.0,8.52,14273.0
J398,M01,Completed,2023-03-21 02:10:00,2023-03-21 03:32:00,0.0,2023-03-31 10:28:00,2023-03-31 11:50:00,82.0,13.87,14898.0
J399,M05,Completed,2023-03-21 02:20:00,2023-03-21 03:40:00,0.0,2023-03-30 22:33:00,2023-03-30 23:53:00,80.0,12.18,14173.0
J400,M02,Delayed,2023-03-21 02:30:00,2023-03-21 02:54:00,0.9933333333333333,2023-03-31 22:23:00,2023-03-31 22:47:00,24.0,2.23,15593.0
J401,M04,Failed,2023-03-21 02:40:00,2023-03-21 03:29:00,0.98,2023-03-31 00:41:00,2023-03-31 01:30:00,49.0,8.1,14281.0
J402,M04,Completed,2023-03-21 02:50:00,2023-03-21 04:43:00,0.006666666666666667,2023-03-30 22:48:00,2023-03-31 00:41:00,113.0,10.78,14158.0
J403,M05,Completed,2023-03-21 03:00:00,2023-03-21 04:53:00,0.006666666666666667,2023-03-30 20:40:00,2023-03-30 22:33:00,113.0,11.6,14020.0
J404,M01,Delayed,2023-03-21 03:10:00,2023-03-21 04:39:00,0.9933333333333333,2023-03-31 08:59:00,2023-03-31 10:28:00,89.0,11.11,14749.0
J405,M03,Completed,2023-03-21 03:20:00,2023-03-21 05:00:00,0.0,2023-03-31 01:33:00,2023-03-31 03:13:00,100.0,8.05,14293.0
J406,M02,Completed,2023-03-21 03:30:00,2023-03-21 04:57:00,0.0,2023-03-31 20:56:00,2023-03-31 22:23:00,87.0,3.5,15446.0
J407,M02,Delayed,2023-03-21 03:40:00,2023-03-21 05:40:00,0.9933333333333333,2023-03-31 18:56:00,2023-03-31 20:56:00,120.0,11.91,15316.0
J408,M03,Completed,2023-03-21 03:50:00,2023-03-21 04:44:00,0.006666666666666667,2023-03-31 00:39:00,2023-03-31 01:33:00,54.0,7.62,14209.0
J409,M05,Delayed,2023-03-21 04:00:00,2023-03-21 04:31:00,0.9933333333333333,2023-03-30 20:09:00,2023-03-30 20:40:00,31.0,12.64,13929.0
J410,M05,Completed,2023-03-21 04:10:00,2023-03-21 05:43:00,0.0,2023-03-30 18:36:00,2023-03-30 20:09:00,93.0,2.77,13826.0
J411,M03,Delayed,2023-03-21 04:20:00,2023-03-21 05:56:00,0.9933333333333333,2023-03-30 23:03:00,2023-03-31 00:39:00,96.0,12.16,14083.0
J412,M01,Delayed,2023-03-21 04:30:00,2023-03-21 05:16:00,1.0,2023-03-31 08:13:00,2023-03-31 08:59:00,46.0,2.94,14623.0
J413,M04,Completed,2023-03-21 04:40:00,2023-03-21 05:02:00,0.006666666666666667,2023-03-30 22:26:00,2023-03-30 22:48:00,22.0,4.23,14026.0
J414,M03,Delayed,2023-03-21 04:50:00,2023-03-21 05:21:00,0.9933333333333333,2023-03-30 22:32:00,2023-03-30 23:03:00,31.0,2.08,14022.0
J415,M02,Delayed,2023-03-21 05:00:00,2023-03-21 05:33:00,1.0,2023-03-31 18:23:00,2023-03-31 18:56:00,33.0,7.35,15203.0
J416,M01,Completed,2023-03-21 05:10:00,2023-03-21 06:57:00,0.0,2023-03-31 06:26:00,2023-03-31 08:13:00,107.0,11.97,14476.0
J417,M01,Failed,2023-03-21 05:20:00,2023-03-21 06:10:00,0.9933333333333333,2023-03-31 05:36:00,2023-03-31 06:26:00,50.0,6.94,14416.0
J418,M04,Completed,2023-03-21 05:30:00,2023-03-21 06:10:00,0.0,2023-03-30 21:46:00,2023-03-30 22:26:00,40.0,8.17,13936.0
J419,M05,Completed,2023-03-21 05:40:00,2023-03-21 06:23:00,0.0,2023-03-30 17:53:00,2023-03-30 18:36:00,43.0,13.53,13693.0
J420,M02,Completed,2023-03-21 05:50:00,2023-03-21 07:45:00,0.0,2023-03-31 16:28:00,2023-03-31 18:23:00,115.0,12.24,15038.0
J421,M02,Completed,2023-03-21 06:00:00,2023-03-21 07:36:00,0.0,2023-03-31 14:52:00,2023-03-31 16:28:00,96.0,9.69,14932.0
J422,M01,Completed,2023-03-21 06:10:00,2023-03-21 08:09:00,0.02,2023-03-31 03:37:00,2023-03-31 05:36:00,119.0,6.31,14247.0
J423,M05,Delayed,2023-03-21 06:20:00,2023-03-21 08:05:00,0.9933333333333333,2023-03-30 16:08:00,2023-03-30 17:53:00,105.0,12.92,13548.0
J424,M01,Failed,2023-03-21 06:30:00,2023-03-21 07:34:00,1.0,2023-03-31 02:33:00,2023-03-31 03:37:00,64.0,8.93,14163.0
J425,M02,Delayed,2023-03-21 06:40:00,2023-03-21 08:30:00,1.0,2023-03-31 13:02:00,2023-03-31 14:52:00,110.0,10.48,14782.0
J426,M05,Delayed,2023-03-21 06:50:00,2023-03-21 08:04:00,1.0,2023-03-30 14:54:00,2023-03-30 16:08:00,74.0,7.11,13444.0
J427,M05,Completed,2023-03-21 07:00:00,2023-03-21 08:04:00,0.0,2023-03-30 13:50:00,2023-03-30 14:54:00,64.0,10.25,13370.0
J428,M05,Completed,2023-03-21 07:10:00,2023-03-21 07:47:00,0.0,2023-03-30 13:13:00,2023-03-30 13:50:00,37.0,11.13,13323.0
J429,M01,Completed,2023-03-21 07:20:00,2023-03-21 08:20:00,0.0,2023-03-31 01:33:00,2023-03-31 02:33:00,60.0,13.16,14053.0
J430,M05,Completed,2023-03-21 07:30:00,2023-03-21 08:14:00,0.013333333333333334,2023-03-30 12:29:00,2023-03-30 13:13:00,44.0,12.69,13259.0
J431,M01,Completed,2023-03-21 07:40:00,2023-03-21 08:28:00,0.006666666666666667,2023-03-31 00:45:00,2023-03-31 01:33:00,48.0,2.15,13985.0
J432,M03,Delayed,2023-03-21 07:50:00,2023-03-21 09:35:00,1.0,2023-03-30 20:47:00,2023-03-30 22:32:00,105.0,12.39,13737.0
J433,M04,Completed,2023-03-21 08:00:00,2023-03-21 08:46:00,0.0,2023-03-30 21:00:00,2023-03-30 21:46:00,46.0,9.54,13740.0
J434,M05,Completed,2023-03-21 08:10:00,2023-03-21 09:37:00,0.0,2023-03-30 11:02:00,2023-03-30 12:29:00,87.0,14.22,13132.0
J435,M02,Completed,2023-03-21 08:20:00,2023-03-21 09:11:00,0.0,2023-03-31 12:11:00,2023-03-31 13:02:00,51.0,4.84,14631.0
J436,M04,Delayed,2023-03-21 08:30:00,2023-03-21 09:29:00,0.9933333333333333,2023-03-30 20:01:00,2023-03-30 21:00:00,59.0,3.27,13651.0
J437,M05,Completed,2023-03-21 08:40:00,2023-03-21 09:37:00,0.0,2023-03-30 10:05:00,2023-03-30 11:02:00,57.0,11.57,13045.0
J438,M04,Delayed,2023-03-21 08:50:00,2023-03-21 10:39:00,0.98,2023-03-30 18:12:00,2023-03-30 20:01:00,109.0,14.03,13522.0
J439,M02,Delayed,2023-03-21 09:00:00,2023-03-21 10:55:00,0.9933333333333333,2023-03-31 10:16:00,2023-03-31 12:11:00,115.0,7.11,14476.0
J440,M04,Completed,2023-03-21 09:10:00,2023-03-21 10:48:00,0.0,2023-03-30 16:34:00,2023-03-30 18:12:00,98.0,2.65,13404.0
J441,M04,Failed,2023-03-21 09:20:00,2023-03-21 10:22:00,0.9933333333333333,2023-03-30 15:32:00,2023-03-30 16:34:00,62.0,4.8,13332.0
J442,M05,Completed,2023-03-21 09:30:00,2023-03-21 11:07:00,0.0,2023-03-30 08:28:00,2023-03-30 10:05:00,97.0,3.62,12898.0
J443,M03,Completed,2023-03-21 09:40:00,2023-03-21 11:29:00,0.0,2023-03-30 18:58:00,2023-03-30 20:47:00,109.0,12.1,13518.0
J444,M03,Completed,2023-03-21 09:50:00,2023-03-21 10:46:00,0.0,2023-03-30 18:02:00,2023-03-30 18:58:00,56.0,14.6,13452.0
J445,M04,Completed,2023-03-21 10:00:00,2023-03-21 10:56:00,0.0,2023-03-30 14:36:00,2023-03-30 15:32:00,56.0,5.06,13236.0
J446,M03,Failed,2023-03-21 10:10:00,2023-03-21 11:12:00,0.9933333333333333,2023-03-30 17:00:00,2023-03-30 18:02:00,62.0,10.68,13370.0
J447,M01,Completed,2023-03-21 10:20:00,2023-03-21 11:33:00,0.0,2023-03-30 23:32:00,2023-03-31 00:45:00,73.0,3.13,13752.0
J448,M05,Completed,2023-03-21 10:30:00,2023-03-21 11:24:00,0.0,2023-03-30 07:34:00,2023-03-30 08:28:00,54.0,12.99,12784.0
J449,M01,Completed,2023-03-21 10:40:00,2023-03-21 12:38:00,0.0,2023-03-30 21:34:00,2023-03-30 23:32:00,118.0,3.42,13614.0
J450,M05,Delayed,2023-03-21 10:50:00,2023-03-21 12:25:00,1.0,2023-03-30 05:59:00,2023-03-30 07:34:00,95.0,4.55,12669.0
J451,M01,Delayed,2023-03-21 11:00:00,2023-03-21 12:49:00,0.9933333333333333,2023-03-30 19:45:00,2023-03-30 21:34:00,109.0,9.01,13485.0
J452,M02,Completed,2023-03-21 11:10:00,2023-03-21 13:00:00,0.006666666666666667,2023-03-31 08:26:00,2023-03-31 10:16:00,110.0,7.81,14236.0
J453,M03,Completed,2023-03-21 11:20:00,2023-03-21 13:13:00,0.006666666666666667,2023-03-30 15:07:00,2023-03-30 17:00:00,113.0,5.09,13187.0
J454,M03,Delayed,2023-03-21 11:30:00,2023-03-21 12:25:00,1.0,2023-03-30 14:12:00,2023-03-30 15:07:00,55.0,6.99,13122.0
J455,M01,Completed,2023-03-21 11:40:00,2023-03-21 13:27:00,0.02,2023-03-30 17:58:00,2023-03-30 19:45:00,107.0,2.35,13338.0
J456,M05,Delayed,2023-03-21 11:50:00,2023-03-21 13:05:00,1.0,2023-03-30 04:44:00,2023-03-30 05:59:00,75.0,7.59,12534.0
J457,M02,Delayed,2023-03-21 12:00:00,2023-03-21 13:41:00,0.9933333333333333,2023-03-31 06:45:00,2023-03-31 08:26:00,101.0,14.23,14085.0
J458,M03,Completed,2023-03-21 12:10:00,2023-03-21 14:00:00,0.013333333333333334,2023-03-30 12:22:00,2023-03-30 14:12:00,110.0,12.73,12972.0
J459,M02,Completed,2023-03-21 12:20:00,2023-03-21 13:53:00,0.0,2023-03-31 05:12:00,2023-03-31 06:45:00,93.0,10.61,13972.0
J460,M04,Completed,2023-03-21 12:30:00,2023-03-21 14:15:00,0.0,2023-03-30 12:51:00,2023-03-30 14:36:00,105.0,4.74,12981.0
J461,M02,Completed,2023-03-21 12:40:00,2023-03-21 13:30:00,0.006666666666666667,2023-03-31 04:22:00,2023-03-31 05:12:00,50.0,9.95,13902.0
J462,M05,Delayed,2023-03-21 12:50:00,2023-03-21 13:36:00,1.0,2023-03-30 03:58:00,2023-03-30 04:44:00,46.0,7.51,12428.0
J463,M02,Completed,2023-03-21 13:00:00,2023-03-21 13:28:00,0.006666666666666667,2023-03-31 03:54:00,2023-03-31 04:22:00,28.0,13.03,13854.0
J464,M02,Completed,2023-03-21 13:10:00,2023-03-21 14:42:00,0.006666666666666667,2023-03-31 02:22:00,2023-03-31 03:54:00,92.0,2.84,13752.0
J465,M01,Failed,2023-03-21 13:20:00,2023-03-21 13:48:00,0.98,2023-03-30 17:30:00,2023-03-30 17:58:00,28.0,2.46,13210.0
J466,M01,Completed,2023-03-21 13:30:00,2023-03-21 13:51:00,0.0,2023-03-30 17:09:00,2023-03-30 17:30:00,21.0,11.49,13179.0
J467,M01,Completed,2023-03-21 13:40:00,2023-03-21 14:17:00,0.0,2023-03-30 16:32:00,2023-03-30 17:09:00,37.0,10.63,13132.0
J468,M05,Completed,2023-03-21 13:50:00,2023-03-21 14:32:00,0.0,2023-03-30 03:16:00,2023-03-30 03:58:00,42.0,9.42,12326.0
J469,M04,Completed,2023-03-21 14:00:00,2023-03-21 15:59:00,0.0,2023-03-30 10:52:00,2023-03-30 12:51:00,119.0,9.17,12772.0
J470,M05,Completed,2023-03-21 14:10:00,2023-03-21 15:06:00,0.0,2023-03-30 02:20:00,2023-03-30 03:16:00,56.0,11.98,12250.0
J471,M01,Completed,2023-03-21 14:20:00,2023-03-21 14:42:00,0.013333333333333334,2023-03-30 16:10:00,2023-03-30 16:32:00,22.0,2.3,13070.0
J472,M02,Completed,2023-03-21 14:30:00,2023-03-21 15:49:00,0.0,2023-03-31 01:03:00,2023-03-31 02:22:00,79.0,7.54,13593.0
J473,M04,Completed,2023-03-21 14:40:00,2023-03-21 16:00:00,0.013333333333333334,2023-03-30 09:32:00,2023-03-30 10:52:00,80.0,12.21,12652.0
J474,M04,Delayed,2023-03-21 14:50:00,2023-03-21 15:42:00,1.0,2023-03-30 08:40:00,2023-03-30 09:32:00,52.0,5.65,12590.0
J475,M01,Completed,2023-03-21 15:00:00,2023-03-21 16:46:00,0.013333333333333334,2023-03-30 14:24:00,2023-03-30 16:10:00,106.0,8.41,12924.0
J476,M02,Completed,2023-03-21 15:10:00,2023-03-21 16:33:00,0.0,2023-03-30 23:40:00,2023-03-31 01:03:00,83.0,4.14,13470.0
J477,M01,Completed,2023-03-21 15:20:00,2023-03-21 15:55:00,0.006666666666666667,2023-03-30 13:49:00,2023-03-30 14:24:00,35.0,14.52,12869.0
J478,M05,Delayed,2023-03-21 15:30:00,2023-03-21 16:04:00,1.0,2023-03-30 01:46:00,2023-03-30 02:20:00,34.0,7.69,12136.0
J479,M02,Completed,2023-03-21 15:40:00,2023-03-21 16:46:00,0.0,2023-03-30 22:34:00,2023-03-30 23:40:00,66.0,3.68,13374.0
J480,M01,Completed,2023-03-21 15:50:00,2023-03-21 16:44:00,0.0,2023-03-30 12:55:00,2023-03-30 13:49:00,54.0,5.21,12785.0
J481,M01,Delayed,2023-03-21 16:00:00,2023-03-21 16:38:00,0.9933333333333333,2023-03-30 12:17:00,2023-03-30 12:55:00,38.0,8.81,12737.0
J482,M02,Completed,2023-03-21 16:10:00,2023-03-21 17:23:00,0.0,2023-03-30 21:21:00,2023-03-30 22:34:00,73.0,5.99,13271.0
J483,M03,Completed,2023-03-21 16:20:00,2023-03-21 16:53:00,0.0,2023-03-30 11:49:00,2023-03-30 12:22:00,33.0,3.04,12689.0
J484,M04,Completed,2023-03-21 16:30:00,2023-03-21 18:21:00,0.006666666666666667,2023-03-30 06:49:00,2023-03-30 08:40:00,111.0,6.81,12379.0
J485,M03,Completed,2023-03-21 16:40:00,2023-03-21 17:14:00,0.0,2023-03-30 11:15:00,2023-03-30 11:49:00,34.0,9.0,12635.0
J486,M03,Completed,2023-03-21 16:50:00,2023-03-21 17:43:00,0.02,2023-03-30 10:22:00,2023-03-30 11:15:00,53.0,8.12,12572.0
J487,M01,Delayed,2023-03-21 17:00:00,2023-03-21 18:40:00,1.0,2023-03-30 10:37:00,2023-03-30 12:17:00,100.0,9.22,12577.0
J488,M05,Completed,2023-03-21 17:10:00,2023-03-21 18:45:00,0.006666666666666667,2023-03-30 00:11:00,2023-03-30 01:46:00,95.0,5.58,11941.0
J489,M04,Completed,2023-03-21 17:20:00,2023-03-21 17:57:00,0.0,2023-03-30 06:12:00,2023-03-30 06:49:00,37.0,4.17,12292.0
J490,M05,Completed,2023-03-21 17:30:00,2023-03-21 18:51:00,0.006666666666666667,2023-03-29 22:50:00,2023-03-30 00:11:00,81.0,5.42,11840.0
J491,M01,Completed,2023-03-21 17:40:00,2023-03-21 18:16:00,0.0,2023-03-30 10:01:00,2023-03-30 10:37:00,36.0,13.87,12501.0
J492,M04,Completed,2023-03-21 17:50:00,2023-03-21 18:55:00,0.0,2023-03-30 05:07:00,2023-03-30 06:12:00,65.0,5.53,12197.0
J493,M02,Completed,2023-03-21 18:00:00,2023-03-21 19:40:00,0.013333333333333334,2023-03-30 19:41:00,2023-03-30 21:21:00,100.0,9.82,13061.0
J494,M05,Delayed,2023-03-21 18:10:00,2023-03-21 19:21:00,1.0,2023-03-29 21:39:00,2023-03-29 22:50:00,71.0,6.85,11729.0
J495,M01,Completed,2023-03-21 18:20:00,2023-03-21 19:04:00,0.0,2023-03-30 09:17:00,2023-03-30 10:01:00,44.0,6.16,12417.0
J496,M04,Failed,2023-03-21 18:30:00,2023-03-21 19:08:00,0.9733333333333334,2023-03-30 04:29:00,2023-03-30 05:07:00,38.0,8.37,12119.0
J497,M01,Completed,2023-03-21 18:40:00,2023-03-21 19:03:00,0.006666666666666667,2023-03-30 08:54:00,2023-03-30 09:17:00,23.0,10.07,12374.0
J498,M01,Completed,2023-03-21 18:50:00,2023-03-21 20:27:00,0.0,2023-03-30 07:17:00,2023-03-30 08:54:00,97.0,8.17,12267.0
J499,M05,Completed,2023-03-21 19:00:00,2023-03-21 20:09:00,0.0,2023-03-29 20:30:00,2023-03-29 21:39:00,69.0,8.55,11610.0
J500,M03,Failed,2023-03-21 19:10:00,2023-03-21 19:58:00,0.9933333333333333,2023-03-30 09:34:00,2023-03-30 10:22:00,48.0,9.05,12384.0
J501,M02,Completed,2023-03-21 19:20:00,2023-03-21 20:08:00,0.0,2023-03-30 18:53:00,2023-03-30 19:41:00,48.0,6.1,12933.0
J502,M05,Delayed,2023-03-21 19:30:00,2023-03-21 21:01:00,1.0,2023-03-29 18:59:00,2023-03-29 20:30:00,91.0,10.83,11489.0
J503,M01,Completed,2023-03-21 19:40:00,2023-03-21 21:10:00,0.0,2023-03-30 05:47:00,2023-03-30 07:17:00,90.0,14.29,12127.0
J504,M01,Delayed,2023-03-21 19:50:00,2023-03-21 21:11:00,1.0,2023-03-30 04:26:00,2023-03-30 05:47:00,81.0,13.88,12036.0
J505,M02,Completed,2023-03-21 20:00:00,2023-03-21 21:14:00,0.0,2023-03-30 17:39:00,2023-03-30 18:53:00,74.0,13.58,12819.0
J506,M05,Completed,2023-03-21 20:10:00,2023-03-21 22:07:00,0.013333333333333334,2023-03-29 17:02:00,2023-03-29 18:59:00,117.0,8.99,11332.0
J507,M01,Delayed,2023-03-21 20:20:00,2023-03-21 20:42:00,0.9733333333333334,2023-03-30 04:04:00,2023-03-30 04:26:00,22.0,14.51,11984.0
J508,M04,Delayed,2023-03-21 20:30:00,2023-03-21 21:47:00,1.0,2023-03-30 03:12:00,2023-03-30 04:29:00,77.0,6.72,11922.0
J509,M03,Completed,2023-03-21 20:40:00,2023-03-21 22:23:00,0.0,2023-03-30 07:51:00,2023-03-30 09:34:00,103.0,9.13,12191.0
J510,M01,Failed,2023-03-21 20:50:00,2023-03-21 21:51:00,0.9933333333333333,2023-03-30 03:03:00,2023-03-30 04:04:00,61.0,14.14,11893.0
J511,M02,Completed,2023-03-21 21:00:00,2023-03-21 22:14:00,0.006666666666666667,2023-03-30 16:25:00,2023-03-30 17:39:00,74.0,9.07,12685.0
J512,M05,Completed,2023-03-21 21:10:00,2023-03-21 22:48:00,0.0,2023-03-29 15:24:00,2023-03-29 17:02:00,98.0,4.27,11174.0
J513,M03,Failed,2023-03-21 21:20:00,2023-03-21 22:32:00,0.9866666666666667,2023-03-30 06:39:00,2023-03-30 07:51:00,72.0,14.65,12079.0
J514,M01,Failed,2023-03-21 21:30:00,2023-03-21 23:26:00,0.98,2023-03-30 01:07:00,2023-03-30 03:03:00,116.0,9.83,11737.0
J515,M03,Delayed,2023-03-21 21:40:00,2023-03-21 22:20:00,1.0,2023-03-30 05:59:00,2023-03-30 06:39:00,40.0,4.16,12019.0
J516,M01,Failed,2023-03-21 21:50:00,2023-03-21 22:40:00,0.9866666666666667,2023-03-30 00:17:00,2023-03-30 01:07:00,50.0,4.77,11667.0
J517,M04,Completed,2023-03-21 22:00:00,2023-03-21 23:06:00,0.013333333333333334,2023-03-30 02:06:00,2023-03-30 03:12:00,66.0,14.84,11766.0
J518,M05,Completed,2023-03-21 22:10:00,2023-03-21 23:11:00,0.0,2023-03-29 14:23:00,2023-03-29 15:24:00,61.0,4.09,11053.0
J519,M02,Completed,2023-03-21 22:20:00,2023-03-21 23:56:00,0.0,2023-03-30 14:49:00,2023-03-30 16:25:00,96.0,14.32,12509.0
J520,M04,Failed,2023-03-21 22:30:00,2023-03-21 23:04:00,0.9933333333333333,2023-03-30 01:32:00,2023-03-30 02:06:00,34.0,6.56,11702.0
J521,M05,Completed,2023-03-21 22:40:00,2023-03-21 23:42:00,0.0,2023-03-29 13:21:00,2023-03-29 14:23:00,62.0,14.46,10961.0
J522,M04,Delayed,2023-03-21 22:50:00,2023-03-21 23:14:00,0.9933333333333333,2023-03-30 01:08:00,2023-03-30 01:32:00,24.0,11.99,11658.0
J523,M02,Completed,2023-03-21 23:00:00,2023-03-21 23:52:00,0.0,2023-03-30 13:57:00,2023-03-30 14:49:00,52.0,6.94,12417.0
J524,M03,Completed,2023-03-21 23:10:00,2023-03-22 00:12:00,0.0,2023-03-30 04:57:00,2023-03-30 05:59:00,62.0,10.68,11867.0
J525,M01,Completed,2023-03-21 23:20:00,2023-03-22 00:52:00,0.0,2023-03-29 22:45:00,2023-03-30 00:17:00,92.0,10.02,11485.0
J526,M02,Completed,2023-03-21 23:30:00,2023-03-22 00:46:00,0.0,2023-03-30 12:41:00,2023-03-30 13:57:00,76.0,9.64,12311.0
J527,M01,Completed,2023-03-21 23:40:00,2023-03-22 00:47:00,0.006666666666666667,2023-03-29 21:38:00,2023-03-29 22:45:00,67.0,3.15,11398.0
J528,M03,Failed,2023-03-21 23:50:00,2023-03-22 00:18:00,0.9733333333333334,2023-03-30 04:29:00,2023-03-30 04:57:00,28.0,7.02,11799.0
J529,M04,Failed,2023-03-22 00:00:00,2023-03-22 01:42:00,0.9933333333333333,2023-03-29 23:26:00,2023-03-30 01:08:00,102.0,9.47,11486.0
J530,M04,Delayed,2023-03-22 00:10:00,2023-03-22 01:37:00,0.9933333333333333,2023-03-29 21:59:00,2023-03-29 23:26:00,87.0,9.93,11389.0
J531,M01,Completed,2023-03-22 00:20:00,2023-03-22 01:50:00,0.02,2023-03-29 20:08:00,2023-03-29 21:38:00,90.0,8.86,11268.0
J532,M03,Completed,2023-03-22 00:30:00,2023-03-22 02:16:00,0.0,2023-03-30 02:43:00,2023-03-30 04:29:00,106.0,4.73,11653.0
J533,M01,Completed,2023-03-22 00:40:00,2023-03-22 02:32:00,0.02666666666666667,2023-03-29 18:16:00,2023-03-29 20:08:00,112.0,6.86,11136.0
J534,M02,Completed,2023-03-22 00:50:00,2023-03-22 01:51:00,0.013333333333333334,2023-03-30 11:40:00,2023-03-30 12:41:00,61.0,3.66,12170.0
J535,M02,Completed,2023-03-22 01:00:00,2023-03-22 01:45:00,0.02,2023-03-30 10:55:00,2023-03-30 11:40:00,45.0,6.96,12115.0
J536,M01,Completed,2023-03-22 01:10:00,2023-03-22 02:50:00,0.0,2023-03-29 16:36:00,2023-03-29 18:16:00,100.0,6.97,11006.0
J537,M02,Completed,2023-03-22 01:20:00,2023-03-22 02:08:00,0.006666666666666667,2023-03-30 10:07:00,2023-03-30 10:55:00,48.0,13.96,12047.0
J538,M01,Completed,2023-03-22 01:30:00,2023-03-22 02:45:00,0.0,2023-03-29 15:21:00,2023-03-29 16:36:00,75.0,2.16,10911.0
J539,M01,Completed,2023-03-22 01:40:00,2023-03-22 03:36:00,0.013333333333333334,2023-03-29 13:25:00,2023-03-29 15:21:00,116.0,10.59,10785.0
J540,M05,Completed,2023-03-22 01:50:00,2023-03-22 02:50:00,0.0,2023-03-29 12:21:00,2023-03-29 13:21:00,60.0,3.62,10711.0
J541,M01,Completed,2023-03-22 02:00:00,2023-03-22 02:53:00,0.0,2023-03-29 12:32:00,2023-03-29 13:25:00,53.0,4.45,10712.0
J542,M03,Completed,2023-03-22 02:10:00,2023-03-22 02:57:00,0.0,2023-03-30 01:56:00,2023-03-30 02:43:00,47.0,13.17,11506.0
J543,M05,Completed,2023-03-22 02:20:00,2023-03-22 03:47:00,0.0,2023-03-29 10:54:00,2023-03-29 12:21:00,87.0,3.37,10594.0
J544,M02,Completed,2023-03-22 02:30:00,2023-03-22 03:59:00,0.02666666666666667,2023-03-30 08:38:00,2023-03-30 10:07:00,89.0,5.76,11888.0
J545,M05,Completed,2023-03-22 02:40:00,2023-03-22 03:30:00,0.013333333333333334,2023-03-29 10:04:00,2023-03-29 10:54:00,50.0,6.67,10524.0
J546,M04,Completed,2023-03-22 02:50:00,2023-03-22 04:25:00,0.006666666666666667,2023-03-29 20:24:00,2023-03-29 21:59:00,95.0,7.55,11134.0
J547,M04,Completed,2023-03-22 03:00:00,2023-03-22 04:40:00,0.0,2023-03-29 18:44:00,2023-03-29 20:24:00,100.0,6.39,11024.0
J548,M04,Completed,2023-03-22 03:10:00,2023-03-22 03:31:00,0.0,2023-03-29 18:23:00,2023-03-29 18:44:00,21.0,5.14,10993.0
J549,M04,Completed,2023-03-22 03:20:00,2023-03-22 04:21:00,0.0,2023-03-29 17:22:00,2023-03-29 18:23:00,61.0,14.7,10922.0
J550,M02,Completed,2023-03-22 03:30:00,2023-03-22 04:01:00,0.006666666666666667,2023-03-30 08:07:00,2023-03-30 08:38:00,31.0,6.28,11797.0
J551,M01,Completed,2023-03-22 03:40:00,2023-03-22 05:05:00,0.0,2023-03-29 11:07:00,2023-03-29 12:32:00,85.0,5.05,10527.0
J552,M01,Completed,2023-03-22 03:50:00,2023-03-22 04:58:00,0.0,2023-03-29 09:59:00,2023-03-29 11:07:00,68.0,11.58,10449.0
J553,M03,Completed,2023-03-22 04:00:00,2023-03-22 05:03:00,0.0,2023-03-30 00:53:00,2023-03-30 01:56:00,63.0,12.39,11333.0
J554,M04,Completed,2023-03-22 04:10:00,2023-03-22 05:43:00,0.006666666666666667,2023-03-29 15:49:00,2023-03-29 17:22:00,93.0,6.97,10779.0
J555,M02,Delayed,2023-03-22 04:20:00,2023-03-22 04:57:00,0.98,2023-03-30 07:30:00,2023-03-30 08:07:00,37.0,12.3,11710.0
J556,M05,Failed,2023-03-22 04:30:00,2023-03-22 05:06:00,0.9533333333333334,2023-03-29 09:28:00,2023-03-29 10:04:00,36.0,5.37,10378.0
J557,M04,Completed,2023-03-22 04:40:00,2023-03-22 05:24:00,0.0,2023-03-29 15:05:00,2023-03-29 15:49:00,44.0,4.66,10705.0
J558,M03,Completed,2023-03-22 04:50:00,2023-03-22 05:46:00,0.0,2023-03-29 23:57:00,2023-03-30 00:53:00,56.0,8.89,11227.0
J559,M02,Completed,2023-03-22 05:00:00,2023-03-22 06:54:00,0.02,2023-03-30 05:36:00,2023-03-30 07:30:00,114.0,9.67,11556.0
J560,M01,Delayed,2023-03-22 05:10:00,2023-03-22 06:29:00,1.0,2023-03-29 08:40:00,2023-03-29 09:59:00,79.0,12.1,10290.0
J561,M04,Completed,2023-03-22 05:20:00,2023-03-22 06:04:00,0.0,2023-03-29 14:21:00,2023-03-29 15:05:00,44.0,8.3,10621.0
J562,M05,Completed,2023-03-22 05:30:00,2023-03-22 07:18:00,0.0,2023-03-29 07:40:00,2023-03-29 09:28:00,108.0,10.49,10210.0
J563,M05,Completed,2023-03-22 05:40:00,2023-03-22 07:00:00,0.0,2023-03-29 06:20:00,2023-03-29 07:40:00,80.0,7.48,10120.0
J564,M02,Completed,2023-03-22 05:50:00,2023-03-22 07:42:00,0.013333333333333334,2023-03-30 03:44:00,2023-03-30 05:36:00,112.0,12.39,11394.0
J565,M05,Completed,2023-03-22 06:00:00,2023-03-22 07:50:00,0.006666666666666667,2023-03-29 04:30:00,2023-03-29 06:20:00,110.0,13.71,9990.0
J566,M02,Completed,2023-03-22 06:10:00,2023-03-22 07:58:00,0.0,2023-03-30 01:56:00,2023-03-30 03:44:00,108.0,6.09,11266.0
J567,M01,Completed,2023-03-22 06:20:00,2023-03-22 07:48:00,0.0,2023-03-29 07:12:00,2023-03-29 08:40:00,88.0,7.35,10132.0
J568,M03,Delayed,2023-03-22 06:30:00,2023-03-22 07:44:00,1.0,2023-03-29 22:43:00,2023-03-29 23:57:00,74.0,2.47,11053.0
J569,M02,Completed,2023-03-22 06:40:00,2023-03-22 07:32:00,0.0,2023-03-30 01:04:00,2023-03-30 01:56:00,52.0,10.42,11184.0
J570,M03,Completed,2023-03-22 06:50:00,2023-03-22 07:57:00,0.0,2023-03-29 21:36:00,2023-03-29 22:43:00,67.0,13.2,10966.0
J571,M03,Failed,2023-03-22 07:00:00,2023-03-22 08:25:00,0.98,2023-03-29 20:11:00,2023-03-29 21:36:00,85.0,8.37,10871.0
J572,M04,Completed,2023-03-22 07:10:00,2023-03-22 08:40:00,0.0,2023-03-29 12:51:00,2023-03-29 14:21:00,90.0,11.44,10421.0
J573,M03,Failed,2023-03-22 07:20:00,2023-03-22 08:30:00,0.9733333333333334,2023-03-29 19:01:00,2023-03-29 20:11:00,70.0,6.78,10781.0
J574,M02,Completed,2023-03-22 07:30:00,2023-03-22 07:53:00,0.0,2023-03-30 00:41:00,2023-03-30 01:04:00,23.0,5.63,11111.0
J575,M05,Delayed,2023-03-22 07:40:00,2023-03-22 09:40:00,0.98,2023-03-29 02:30:00,2023-03-29 04:30:00,120.0,2.21,9770.0
J576,M03,Completed,2023-03-22 07:50:00,2023-03-22 08:55:00,0.0,2023-03-29 17:56:00,2023-03-29 19:01:00,65.0,3.67,10686.0
J577,M04,Delayed,2023-03-22 08:00:00,2023-03-22 09:39:00,1.0,2023-03-29 11:12:00,2023-03-29 12:51:00,99.0,5.13,10272.0
J578,M03,Completed,2023-03-22 08:10:00,2023-03-22 09:34:00,0.0,2023-03-29 16:32:00,2023-03-29 17:56:00,84.0,4.29,10582.0
J579,M03,Completed,2023-03-22 08:20:00,2023-03-22 09:54:00,0.0,2023-03-29 14:58:00,2023-03-29 16:32:00,94.0,13.75,10478.0
J580,M04,Completed,2023-03-22 08:30:00,2023-03-22 08:58:00,0.006666666666666667,2023-03-29 10:44:00,2023-03-29 11:12:00,28.0,9.13,10214.0
J581,M01,Completed,2023-03-22 08:40:00,2023-03-22 09:47:00,0.0,2023-03-29 06:05:00,2023-03-29 07:12:00,67.0,11.24,9925.0
J582,M03,Delayed,2023-03-22 08:50:00,2023-03-22 10:25:00,1.0,2023-03-29 13:23:00,2023-03-29 14:58:00,95.0,6.41,10353.0
J583,M02,Completed,2023-03-22 09:00:00,2023-03-22 09:56:00,0.0,2023-03-29 23:45:00,2023-03-30 00:41:00,56.0,13.47,10965.0
J584,M05,Failed,2023-03-22 09:10:00,2023-03-22 09:42:00,0.9733333333333334,2023-03-29 01:58:00,2023-03-29 02:30:00,32.0,4.86,9648.0
J585,M05,Failed,2023-03-22 09:20:00,2023-03-22 10:01:00,0.98,2023-03-29 01:17:00,2023-03-29 01:58:00,41.0,5.15,9597.0
J586,M01,Completed,2023-03-22 09:30:00,2023-03-22 10:58:00,0.006666666666666667,2023-03-29 04:37:00,2023-03-29 06:05:00,88.0,10.05,9787.0
J587,M05,Delayed,2023-03-22 09:40:00,2023-03-22 11:00:00,0.9933333333333333,2023-03-28 23:57:00,2023-03-29 01:17:00,80.0,6.9,9497.0
J588,M04,Failed,2023-03-22 09:50:00,2023-03-22 11:26:00,0.9266666666666666,2023-03-29 09:08:00,2023-03-29 10:44:00,96.0,13.0,10038.0
J589,M03,Completed,2023-03-22 10:00:00,2023-03-22 10:54:00,0.0,2023-03-29 12:29:00,2023-03-29 13:23:00,54.0,11.89,10229.0
J590,M03,Completed,2023-03-22 10:10:00,2023-03-22 12:00:00,0.0,2023-03-29 10:39:00,2023-03-29 12:29:00,110.0,3.47,10109.0
J591,M05,Failed,2023-03-22 10:20:00,2023-03-22 11:30:00,0.9866666666666667,2023-03-28 22:47:00,2023-03-28 23:57:00,70.0,13.68,9387.0
J592,M01,Failed,2023-03-22 10:30:00,2023-03-22 11:39:00,0.9866666666666667,2023-03-29 03:28:00,2023-03-29 04:37:00,69.0,6.62,9658.0
J593,M03,Completed,2023-03-22 10:40:00,2023-03-22 12:07:00,0.0,2023-03-29 09:12:00,2023-03-29 10:39:00,87.0,6.22,9992.0
J594,M05,Completed,2023-03-22 10:50:00,2023-03-22 12:14:00,0.0,2023-03-28 21:23:00,2023-03-28 22:47:00,84.0,12.13,9273.0
J595,M05,Completed,2023-03-22 11:00:00,2023-03-22 11:26:00,0.02,2023-03-28 20:57:00,2023-03-28 21:23:00,26.0,9.83,9237.0
J596,M02,Completed,2023-03-22 11:10:00,2023-03-22 11:31:00,0.0,2023-03-29 23:24:00,2023-03-29 23:45:00,21.0,3.03,10814.0
J597,M04,Completed,2023-03-22 11:20:00,2023-03-22 12:24:00,0.0,2023-03-29 08:04:00,2023-03-29 09:08:00,64.0,11.0,9884.0
J598,M04,Completed,2023-03-22 11:30:00,2023-03-22 13:12:00,0.14,2023-03-29 06:22:00,2023-03-29 08:04:00,102.0,2.43,9772.0
J599,M04,Delayed,2023-03-22 11:40:00,2023-03-22 13:05:00,0.9933333333333333,2023-03-29 04:57:00,2023-03-29 06:22:00,85.0,7.05,9677.0
J600,M01,Completed,2023-03-22 11:50:00,2023-03-22 12:53:00,0.0,2023-03-29 02:25:00,2023-03-29 03:28:00,63.0,10.66,9515.0
J601,M01,Completed,2023-03-22 12:00:00,2023-03-22 13:00:00,0.0,2023-03-29 01:25:00,2023-03-29 02:25:00,60.0,12.62,9445.0
J602,M04,Delayed,2023-03-22 12:10:00,2023-03-22 13:29:00,1.0,2023-03-29 03:38:00,2023-03-29 04:57:00,79.0,7.93,9568.0
J603,M03,Completed,2023-03-22 12:20:00,2023-03-22 13:50:00,0.0,2023-03-29 07:42:00,2023-03-29 09:12:00,90.0,7.32,9802.0
J604,M02,Delayed,2023-03-22 12:30:00,2023-03-22 14:14:00,1.0,2023-03-29 21:40:00,2023-03-29 23:24:00,104.0,4.99,10630.0
J605,M04,Completed,2023-03-22 12:40:00,2023-03-22 13:05:00,0.0,2023-03-29 03:13:00,2023-03-29 03:38:00,25.0,9.27,9513.0
J606,M01,Completed,2023-03-22 12:50:00,2023-03-22 14:33:00,0.0,2023-03-28 23:42:00,2023-03-29 01:25:00,103.0,11.35,9292.0
J607,M03,Failed,2023-03-22 13:00:00,2023-03-22 14:19:00,0.98,2023-03-29 06:23:00,2023-03-29 07:42:00,79.0,13.93,9683.0
J608,M03,Failed,2023-03-22 13:10:00,2023-03-22 15:08:00,0.9933333333333333,2023-03-29 04:25:00,2023-03-29 06:23:00,118.0,7.23,9555.0
J609,M03,Failed,2023-03-22 13:20:00,2023-03-22 14:45:00,0.9866666666666667,2023-03-29 03:00:00,2023-03-29 04:25:00,85.0,3.08,9460.0
J610,M01,Failed,2023-03-22 13:30:00,2023-03-22 15:26:00,0.94,2023-03-28 21:46:00,2023-03-28 23:42:00,116.0,2.46,9136.0
J611,M01,Failed,2023-03-22 13:40:00,2023-03-22 14:50:00,1.0,2023-03-28 20:36:00,2023-03-28 21:46:00,70.0,7.41,9056.0
J612,M03,Failed,2023-03-22 13:50:00,2023-03-22 15:32:00,0.9866666666666667,2023-03-29 01:18:00,2023-03-29 03:00:00,102.0,14.0,9328.0
J613,M03,Completed,2023-03-22 14:00:00,2023-03-22 15:06:00,0.0,2023-03-29 00:12:00,2023-03-29 01:18:00,66.0,6.01,9252.0
J614,M01,Completed,2023-03-22 14:10:00,2023-03-22 15:27:00,0.0,2023-03-28 19:19:00,2023-03-28 20:36:00,77.0,5.71,8949.0
J615,M02,Delayed,2023-03-22 14:20:00,2023-03-22 15:13:00,1.0,2023-03-29 20:47:00,2023-03-29 21:40:00,53.0,12.27,10467.0
J616,M01,Failed,2023-03-22 14:30:00,2023-03-22 15:15:00,0.9666666666666667,2023-03-28 18:34:00,2023-03-28 19:19:00,45.0,6.11,8884.0
J617,M01,Completed,2023-03-22 14:40:00,2023-03-22 15:46:00,0.0,2023-03-28 17:28:00,2023-03-28 18:34:00,66.0,11.05,8808.0
J618,M02,Completed,2023-03-22 14:50:00,2023-03-22 16:24:00,0.0,2023-03-29 19:13:00,2023-03-29 20:47:00,94.0,13.39,10343.0
J619,M01,Delayed,2023-03-22 15:00:00,2023-03-22 16:54:00,0.9733333333333334,2023-03-28 15:34:00,2023-03-28 17:28:00,114.0,11.61,8674.0
J620,M01,Completed,2023-03-22 15:10:00,2023-03-22 17:02:00,0.006666666666666667,2023-03-28 13:42:00,2023-03-28 15:34:00,112.0,13.5,8552.0
J621,M05,Completed,2023-03-22 15:20:00,2023-03-22 16:18:00,0.0,2023-03-28 19:59:00,2023-03-28 20:57:00,58.0,8.91,8919.0
J622,M03,Delayed,2023-03-22 15:30:00,2023-03-22 17:17:00,0.9733333333333334,2023-03-28 22:25:00,2023-03-29 00:12:00,107.0,2.24,9055.0
J623,M04,Completed,2023-03-22 15:40:00,2023-03-22 17:29:00,0.0,2023-03-29 01:24:00,2023-03-29 03:13:00,109.0,9.16,9224.0
J624,M03,Completed,2023-03-22 15:50:00,2023-03-22 16:19:00,0.0,2023-03-28 21:56:00,2023-03-28 22:25:00,29.0,14.55,9006.0
J625,M01,Delayed,2023-03-22 16:00:00,2023-03-22 17:10:00,1.0,2023-03-28 12:32:00,2023-03-28 13:42:00,70.0,11.67,8432.0
J626,M05,Completed,2023-03-22 16:10:00,2023-03-22 17:02:00,0.013333333333333334,2023-03-28 19:07:00,2023-03-28 19:59:00,52.0,2.68,8817.0
J627,M01,Completed,2023-03-22 16:20:00,2023-03-22 17:32:00,0.0,2023-03-28 11:20:00,2023-03-28 12:32:00,72.0,3.4,8340.0
J628,M02,Completed,2023-03-22 16:30:00,2023-03-22 18:29:00,0.0,2023-03-29 17:14:00,2023-03-29 19:13:00,119.0,6.85,10124.0
J629,M03,Delayed,2023-03-22 16:40:00,2023-03-22 18:32:00,1.0,2023-03-28 20:04:00,2023-03-28 21:56:00,112.0,2.94,8844.0
J630,M05,Delayed,2023-03-22 16:50:00,2023-03-22 17:29:00,0.9933333333333333,2023-03-28 18:28:00,2023-03-28 19:07:00,39.0,6.18,8738.0
J631,M01,Completed,2023-03-22 17:00:00,2023-03-22 18:45:00,0.02,2023-03-28 09:35:00,2023-03-28 11:20:00,105.0,2.63,8195.0
J632,M01,Completed,2023-03-22 17:10:00,2023-03-22 18:01:00,0.013333333333333334,2023-03-28 08:44:00,2023-03-28 09:35:00,51.0,13.64,8134.0
J633,M03,Delayed,2023-03-22 17:20:00,2023-03-22 18:58:00,0.9933333333333333,2023-03-28 18:26:00,2023-03-28 20:04:00,98.0,14.08,8706.0
J634,M03,Completed,2023-03-22 17:30:00,2023-03-22 18:57:00,0.013333333333333334,2023-03-28 16:59:00,2023-03-28 18:26:00,87.0,9.49,8609.0
J635,M04,Failed,2023-03-22 17:40:00,2023-03-22 19:23:00,0.96,2023-03-28 23:41:00,2023-03-29 01:24:00,103.0,7.9,9001.0
J636,M05,Delayed,2023-03-22 17:50:00,2023-03-22 19:03:00,1.0,2023-03-28 17:15:00,2023-03-28 18:28:00,73.0,4.36,8605.0
J637,M04,Failed,2023-03-22 18:00:00,2023-03-22 19:25:00,0.9866666666666667,2023-03-28 22:16:00,2023-03-28 23:41:00,85.0,13.13,8896.0
J638,M05,Completed,2023-03-22 18:10:00,2023-03-22 19:43:00,0.0,2023-03-28 15:42:00,2023-03-28 17:15:00,93.0,4.06,8492.0
J639,M05,Delayed,2023-03-22 18:20:00,2023-03-22 20:02:00,0.9933333333333333,2023-03-28 14:00:00,2023-03-28 15:42:00,102.0,2.21,8380.0
J640,M01,Completed,2023-03-22 18:30:00,2023-03-22 19:06:00,0.0,2023-03-28 08:08:00,2023-03-28 08:44:00,36.0,6.59,8018.0
J641,M01,Delayed,2023-03-22 18:40:00,2023-03-22 20:33:00,0.98,2023-03-28 06:15:00,2023-03-28 08:08:00,113.0,3.17,7895.0
J642,M04,Delayed,2023-03-22 18:50:00,2023-03-22 19:33:00,1.0,2023-03-28 21:33:00,2023-03-28 22:16:00,43.0,11.89,8803.0
J643,M05,Delayed,2023-03-22 19:00:00,2023-03-22 20:01:00,1.0,2023-03-28 12:59:00,2023-03-28 14:00:00,61.0,5.82,8279.0
J644,M02,Completed,2023-03-22 19:10:00,2023-03-22 20:37:00,0.0,2023-03-29 15:47:00,2023-03-29 17:14:00,87.0,14.09,9877.0
J645,M01,Delayed,2023-03-22 19:20:00,2023-03-22 20:10:00,0.9933333333333333,2023-03-28 05:25:00,2023-03-28 06:15:00,50.0,8.42,7805.0
J646,M02,Failed,2023-03-22 19:30:00,2023-03-22 21:28:00,0.9,2023-03-29 13:49:00,2023-03-29 15:47:00,118.0,4.63,9739.0
J647,M05,Completed,2023-03-22 19:40:00,2023-03-22 21:17:00,0.006666666666666667,2023-03-28 11:22:00,2023-03-28 12:59:00,97.0,14.54,8142.0
J648,M01,Completed,2023-03-22 19:50:00,2023-03-22 20:46:00,0.0,2023-03-28 04:29:00,2023-03-28 05:25:00,56.0,11.0,7719.0
J649,M03,Delayed,2023-03-22 20:00:00,2023-03-22 20:57:00,1.0,2023-03-28 16:02:00,2023-03-28 16:59:00,57.0,2.81,8402.0
J650,M04,Completed,2023-03-22 20:10:00,2023-03-22 21:50:00,0.0,2023-03-28 19:53:00,2023-03-28 21:33:00,100.0,9.56,8623.0
J651,M01,Delayed,2023-03-22 20:20:00,2023-03-22 20:57:00,1.0,2023-03-28 03:52:00,2023-03-28 04:29:00,37.0,6.08,7652.0
J652,M01,Completed,2023-03-22 20:30:00,2023-03-22 20:55:00,0.0,2023-03-28 03:27:00,2023-03-28 03:52:00,25.0,3.47,7617.0
J653,M04,Delayed,2023-03-22 20:40:00,2023-03-22 21:01:00,0.9933333333333333,2023-03-28 19:32:00,2023-03-28 19:53:00,21.0,12.56,8572.0
J654,M02,Delayed,2023-03-22 20:50:00,2023-03-22 21:49:00,1.0,2023-03-29 12:50:00,2023-03-29 13:49:00,59.0,3.42,9600.0
J655,M04,Completed,2023-03-22 21:00:00,2023-03-22 21:46:00,0.0,2023-03-28 18:46:00,2023-03-28 19:32:00,46.0,4.61,8506.0
J656,M02,Completed,2023-03-22 21:10:00,2023-03-22 21:33:00,0.0,2023-03-29 12:27:00,2023-03-29 12:50:00,23.0,8.99,9557.0
J657,M03,Completed,2023-03-22 21:20:00,2023-03-22 23:01:00,0.0,2023-03-28 14:21:00,2023-03-28 16:02:00,101.0,10.7,8221.0
J658,M02,Delayed,2023-03-22 21:30:00,2023-03-22 22:30:00,1.0,2023-03-29 11:27:00,2023-03-29 12:27:00,60.0,2.94,9477.0
J659,M03,Delayed,2023-03-22 21:40:00,2023-03-22 22:41:00,1.0,2023-03-28 13:20:00,2023-03-28 14:21:00,61.0,14.09,8140.0
J660,M01,Delayed,2023-03-22 21:50:00,2023-03-22 23:50:00,0.98,2023-03-28 01:27:00,2023-03-28 03:27:00,120.0,3.14,7417.0
J661,M04,Completed,2023-03-22 22:00:00,2023-03-22 23:19:00,0.0,2023-03-28 17:27:00,2023-03-28 18:46:00,79.0,13.23,8367.0
J662,M03,Delayed,2023-03-22 22:10:00,2023-03-22 22:40:00,0.9933333333333333,2023-03-28 12:50:00,2023-03-28 13:20:00,30.0,4.05,8080.0
J663,M03,Delayed,2023-03-22 22:20:00,2023-03-23 00:12:00,0.9933333333333333,2023-03-28 10:58:00,2023-03-28 12:50:00,112.0,9.51,7958.0
J664,M05,Completed,2023-03-22 22:30:00,2023-03-23 00:07:00,0.05333333333333334,2023-03-28 09:45:00,2023-03-28 11:22:00,97.0,2.25,7875.0
J665,M02,Completed,2023-03-22 22:40:00,2023-03-22 23:25:00,0.0,2023-03-29 10:42:00,2023-03-29 11:27:00,45.0,7.92,9362.0
J666,M01,Completed,2023-03-22 22:50:00,2023-03-23 00:01:00,0.006666666666666667,2023-03-28 00:16:00,2023-03-28 01:27:00,71.0,2.99,7286.0
J667,M01,Completed,2023-03-22 23:00:00,2023-03-23 00:11:00,0.0,2023-03-27 23:05:00,2023-03-28 00:16:00,71.0,6.57,7205.0
J668,M01,Completed,2023-03-22 23:10:00,2023-03-22 23:39:00,0.0,2023-03-27 22:36:00,2023-03-27 23:05:00,29.0,11.77,7166.0
J669,M03,Completed,2023-03-22 23:20:00,2023-03-22 23:59:00,0.006666666666666667,2023-03-28 10:19:00,2023-03-28 10:58:00,39.0,5.85,7859.0
J670,M01,Completed,2023-03-22 23:30:00,2023-03-23 00:54:00,0.013333333333333334,2023-03-27 21:12:00,2023-03-27 22:36:00,84.0,10.61,7062.0
J671,M02,Completed,2023-03-22 23:40:00,2023-03-23 01:36:00,0.0,2023-03-29 08:46:00,2023-03-29 10:42:00,116.0,8.84,9186.0
J672,M02,Delayed,2023-03-22 23:50:00,2023-03-23 00:20:00,1.0,2023-03-29 08:16:00,2023-03-29 08:46:00,30.0,7.5,9146.0
J673,M02,Delayed,2023-03-23 00:00:00,2023-03-23 01:42:00,1.0,2023-03-29 06:34:00,2023-03-29 08:16:00,102.0,9.49,9034.0
J674,M03,Completed,2023-03-23 00:10:00,2023-03-23 01:49:00,0.0,2023-03-28 08:40:00,2023-03-28 10:19:00,99.0,6.84,7710.0
J675,M03,Failed,2023-03-23 00:20:00,2023-03-23 00:45:00,0.94,2023-03-28 08:15:00,2023-03-28 08:40:00,25.0,4.14,7675.0
J676,M01,Delayed,2023-03-23 00:30:00,2023-03-23 02:18:00,0.9933333333333333,2023-03-27 19:24:00,2023-03-27 21:12:00,108.0,12.39,6894.0
J677,M02,Delayed,2023-03-23 00:40:00,2023-03-23 02:31:00,0.9933333333333333,2023-03-29 04:43:00,2023-03-29 06:34:00,111.0,10.3,8883.0
J678,M03,Delayed,2023-03-23 00:50:00,2023-03-23 01:48:00,0.9866666666666667,2023-03-28 07:17:00,2023-03-28 08:15:00,58.0,14.55,7587.0
J679,M01,Completed,2023-03-23 01:00:00,2023-03-23 02:16:00,0.006666666666666667,2023-03-27 18:08:00,2023-03-27 19:24:00,76.0,10.69,6788.0
J680,M02,Completed,2023-03-23 01:10:00,2023-03-23 01:34:00,0.0,2023-03-29 04:19:00,2023-03-29 04:43:00,24.0,11.09,8829.0
J681,M04,Completed,2023-03-23 01:20:00,2023-03-23 02:27:00,0.006666666666666667,2023-03-28 16:20:00,2023-03-28 17:27:00,67.0,11.06,8100.0
J682,M03,Completed,2023-03-23 01:30:00,2023-03-23 02:16:00,0.0,2023-03-28 06:31:00,2023-03-28 07:17:00,46.0,4.04,7501.0
J683,M04,Completed,2023-03-23 01:40:00,2023-03-23 02:26:00,0.0,2023-03-28 15:34:00,2023-03-28 16:20:00,46.0,6.99,8034.0
J684,M03,Completed,2023-03-23 01:50:00,2023-03-23 02:18:00,0.013333333333333334,2023-03-28 06:03:00,2023-03-28 06:31:00,28.0,13.43,7453.0
J685,M03,Completed,2023-03-23 02:00:00,2023-03-23 03:21:00,0.006666666666666667,2023-03-28 04:42:00,2023-03-28 06:03:00,81.0,10.4,7362.0
J686,M03,Completed,2023-03-23 02:10:00,2023-03-23 02:47:00,0.0,2023-03-28 04:05:00,2023-03-28 04:42:00,37.0,5.02,7315.0
J687,M02,Failed,2023-03-23 02:20:00,2023-03-23 03:38:00,0.98,2023-03-29 03:01:00,2023-03-29 04:19:00,78.0,11.24,8681.0
J688,M01,Completed,2023-03-23 02:30:00,2023-03-23 03:32:00,0.0,2023-03-27 17:06:00,2023-03-27 18:08:00,62.0,7.47,6636.0
J689,M03,Completed,2023-03-23 02:40:00,2023-03-23 03:05:00,0.0,2023-03-28 03:40:00,2023-03-28 04:05:00,25.0,5.92,7260.0
J690,M05,Delayed,2023-03-23 02:50:00,2023-03-23 03:30:00,0.9933333333333333,2023-03-28 09:05:00,2023-03-28 09:45:00,40.0,10.82,7575.0
J691,M05,Completed,2023-03-23 03:00:00,2023-03-23 04:27:00,0.0,2023-03-28 07:38:00,2023-03-28 09:05:00,87.0,4.38,7478.0
J692,M01,Completed,2023-03-23 03:10:00,2023-03-23 04:33:00,0.006666666666666667,2023-03-27 15:43:00,2023-03-27 17:06:00,83.0,4.07,6513.0
J693,M03,Completed,2023-03-23 03:20:00,2023-03-23 04:19:00,0.0,2023-03-28 02:41:00,2023-03-28 03:40:00,59.0,3.23,7161.0
J694,M01,Completed,2023-03-23 03:30:00,2023-03-23 03:53:00,0.006666666666666667,2023-03-27 15:20:00,2023-03-27 15:43:00,23.0,9.15,6470.0
J695,M01,Delayed,2023-03-23 03:40:00,2023-03-23 05:00:00,1.0,2023-03-27 14:00:00,2023-03-27 15:20:00,80.0,8.73,6380.0
J696,M01,Delayed,2023-03-23 03:50:00,2023-03-23 05:44:00,0.98,2023-03-27 12:06:00,2023-03-27 14:00:00,114.0,8.34,6256.0
J697,M04,Delayed,2023-03-23 04:00:00,2023-03-23 05:14:00,0.9933333333333333,2023-03-28 14:20:00,2023-03-28 15:34:00,74.0,7.6,7820.0
J698,M05,Delayed,2023-03-23 04:10:00,2023-03-23 05:06:00,1.0,2023-03-28 06:42:00,2023-03-28 07:38:00,56.0,13.15,7352.0
J699,M03,Failed,2023-03-23 04:20:00,2023-03-23 05:20:00,0.9866666666666667,2023-03-28 01:41:00,2023-03-28 02:41:00,60.0,8.62,7041.0
J700,M01,Completed,2023-03-23 04:30:00,2023-03-23 06:15:00,0.0,2023-03-27 10:21:00,2023-03-27 12:06:00,105.0,8.39,6111.0
J701,M02,Failed,2023-03-23 04:40:00,2023-03-23 06:34:00,0.94,2023-03-29 01:07:00,2023-03-29 03:01:00,114.0,6.02,8427.0
J702,M05,Delayed,2023-03-23 04:50:00,2023-03-23 05:35:00,0.9933333333333333,2023-03-28 05:57:00,2023-03-28 06:42:00,45.0,14.9,7267.0
J703,M01,Completed,2023-03-23 05:00:00,2023-03-23 05:41:00,0.0,2023-03-27 09:40:00,2023-03-27 10:21:00,41.0,7.52,6040.0
J704,M05,Delayed,2023-03-23 05:10:00,2023-03-23 05:49:00,1.0,2023-03-28 05:18:00,2023-03-28 05:57:00,39.0,9.13,7208.0
J705,M03,Failed,2023-03-23 05:20:00,2023-03-23 06:45:00,1.0,2023-03-28 00:16:00,2023-03-28 01:41:00,85.0,5.62,6896.0
J706,M03,Completed,2023-03-23 05:30:00,2023-03-23 06:55:00,0.02666666666666667,2023-03-27 22:51:00,2023-03-28 00:16:00,85.0,8.14,6801.0
J707,M04,Delayed,2023-03-23 05:40:00,2023-03-23 06:21:00,0.9866666666666667,2023-03-28 13:39:00,2023-03-28 14:20:00,41.0,6.24,7679.0
J708,M05,Delayed,2023-03-23 05:50:00,2023-03-23 07:24:00,1.0,2023-03-28 03:44:00,2023-03-28 05:18:00,94.0,6.32,7074.0
J709,M04,Failed,2023-03-23 06:00:00,2023-03-23 07:21:00,0.9866666666666667,2023-03-28 12:18:00,2023-03-28 13:39:00,81.0,13.22,7578.0
J710,M02,Completed,2023-03-23 06:10:00,2023-03-23 07:27:00,0.0,2023-03-28 23:50:00,2023-03-29 01:07:00,77.0,12.33,8260.0
J711,M04,Completed,2023-03-23 06:20:00,2023-03-23 06:58:00,0.0,2023-03-28 11:40:00,2023-03-28 12:18:00,38.0,11.54,7520.0
J712,M03,Completed,2023-03-23 06:30:00,2023-03-23 07:50:00,0.0,2023-03-27 21:31:00,2023-03-27 22:51:00,80.0,12.83,6661.0
J713,M05,Failed,2023-03-23 06:40:00,2023-03-23 08:00:00,0.9866666666666667,2023-03-28 02:24:00,2023-03-28 03:44:00,80.0,13.55,6944.0
J714,M04,Delayed,2023-03-23 06:50:00,2023-03-23 07:32:00,0.9933333333333333,2023-03-28 10:58:00,2023-03-28 11:40:00,42.0,5.4,7448.0
J715,M05,Completed,2023-03-23 07:00:00,2023-03-23 07:51:00,0.0,2023-03-28 01:33:00,2023-03-28 02:24:00,51.0,4.22,6873.0
J716,M05,Completed,2023-03-23 07:10:00,2023-03-23 07:37:00,0.0,2023-03-28 01:06:00,2023-03-28 01:33:00,27.0,3.19,6836.0
J717,M02,Failed,2023-03-23 07:20:00,2023-03-23 08:56:00,0.96,2023-03-28 22:14:00,2023-03-28 23:50:00,96.0,4.28,8094.0
J718,M04,Completed,2023-03-23 07:30:00,2023-03-23 09:11:00,0.013333333333333334,2023-03-28 09:17:00,2023-03-28 10:58:00,101.0,5.32,7307.0
J719,M04,Completed,2023-03-23 07:40:00,2023-03-23 09:12:00,0.0,2023-03-28 07:45:00,2023-03-28 09:17:00,92.0,4.96,7205.0
J720,M01,Completed,2023-03-23 07:50:00,2023-03-23 09:21:00,0.0,2023-03-27 08:09:00,2023-03-27 09:40:00,91.0,2.78,5779.0
J721,M02,Delayed,2023-03-23 08:00:00,2023-03-23 09:06:00,1.0,2023-03-28 21:08:00,2023-03-28 22:14:00,66.0,7.93,7988.0
J722,M04,Completed,2023-03-23 08:10:00,2023-03-23 08:50:00,0.0,2023-03-28 07:05:00,2023-03-28 07:45:00,40.0,14.48,7135.0
J723,M04,Failed,2023-03-23 08:20:00,2023-03-23 10:19:00,0.9133333333333333,2023-03-28 05:06:00,2023-03-28 07:05:00,119.0,4.56,7006.0
J724,M01,Completed,2023-03-23 08:30:00,2023-03-23 09:02:00,0.006666666666666667,2023-03-27 07:37:00,2023-03-27 08:09:00,32.0,9.08,5707.0
J725,M04,Completed,2023-03-23 08:40:00,2023-03-23 10:37:00,0.0,2023-03-28 03:09:00,2023-03-28 05:06:00,117.0,12.68,6869.0
J726,M05,Failed,2023-03-23 08:50:00,2023-03-23 10:47:00,0.9866666666666667,2023-03-27 23:09:00,2023-03-28 01:06:00,117.0,5.72,6619.0
J727,M01,Delayed,2023-03-23 09:00:00,2023-03-23 09:30:00,1.0,2023-03-27 07:07:00,2023-03-27 07:37:00,30.0,12.34,5647.0
J728,M03,Delayed,2023-03-23 09:10:00,2023-03-23 10:17:00,1.0,2023-03-27 20:24:00,2023-03-27 21:31:00,67.0,6.24,6434.0
J729,M04,Delayed,2023-03-23 09:20:00,2023-03-23 10:09:00,1.0,2023-03-28 02:20:00,2023-03-28 03:09:00,49.0,4.45,6780.0
J730,M02,Completed,2023-03-23 09:30:00,2023-03-23 11:29:00,0.006666666666666667,2023-03-28 19:09:00,2023-03-28 21:08:00,119.0,2.06,7779.0
J731,M02,Completed,2023-03-23 09:40:00,2023-03-23 11:35:00,0.0,2023-03-28 17:14:00,2023-03-28 19:09:00,115.0,13.99,7654.0
J732,M04,Completed,2023-03-23 09:50:00,2023-03-23 10:21:00,0.0,2023-03-28 01:49:00,2023-03-28 02:20:00,31.0,2.33,6719.0
J733,M02,Completed,2023-03-23 10:00:00,2023-03-23 11:22:00,0.02,2023-03-28 15:52:00,2023-03-28 17:14:00,82.0,6.14,7552.0
J734,M02,Delayed,2023-03-23 10:10:00,2023-03-23 11:21:00,1.0,2023-03-28 14:41:00,2023-03-28 15:52:00,71.0,8.52,7471.0
J735,M01,Completed,2023-03-23 10:20:00,2023-03-23 11:14:00,0.013333333333333334,2023-03-27 06:13:00,2023-03-27 07:07:00,54.0,6.6,5513.0
J736,M05,Completed,2023-03-23 10:30:00,2023-03-23 10:57:00,0.013333333333333334,2023-03-27 22:42:00,2023-03-27 23:09:00,27.0,6.99,6492.0
J737,M05,Completed,2023-03-23 10:40:00,2023-03-23 11:00:00,0.04,2023-03-27 22:22:00,2023-03-27 22:42:00,20.0,10.93,6462.0
J738,M01,Failed,2023-03-23 10:50:00,2023-03-23 12:04:00,0.98,2023-03-27 04:59:00,2023-03-27 06:13:00,74.0,14.94,5409.0
J739,M04,Completed,2023-03-23 11:00:00,2023-03-23 12:38:00,0.0,2023-03-28 00:11:00,2023-03-28 01:49:00,98.0,11.77,6551.0
J740,M01,Completed,2023-03-23 11:10:00,2023-03-23 12:08:00,0.0,2023-03-27 04:01:00,2023-03-27 04:59:00,58.0,11.98,5331.0
J741,M01,Failed,2023-03-23 11:20:00,2023-03-23 11:58:00,1.0,2023-03-27 03:23:00,2023-03-27 04:01:00,38.0,12.99,5283.0
J742,M01,Completed,2023-03-23 11:30:00,2023-03-23 12:45:00,0.006666666666666667,2023-03-27 02:08:00,2023-03-27 03:23:00,75.0,12.89,5198.0
J743,M04,Failed,2023-03-23 11:40:00,2023-03-23 12:33:00,1.0,2023-03-27 23:18:00,2023-03-28 00:11:00,53.0,6.9,6458.0
J744,M02,Completed,2023-03-23 11:50:00,2023-03-23 13:28:00,0.0,2023-03-28 13:03:00,2023-03-28 14:41:00,98.0,7.96,7273.0
J745,M03,Delayed,2023-03-23 12:00:00,2023-03-23 12:35:00,1.0,2023-03-27 19:49:00,2023-03-27 20:24:00,35.0,5.72,6229.0
J746,M03,Completed,2023-03-23 12:10:00,2023-03-23 12:40:00,0.0,2023-03-27 19:19:00,2023-03-27 19:49:00,30.0,7.66,6189.0
J747,M05,Completed,2023-03-23 12:20:00,2023-03-23 12:56:00,0.0,2023-03-27 21:46:00,2023-03-27 22:22:00,36.0,13.05,6326.0
J748,M02,Delayed,2023-03-23 12:30:00,2023-03-23 14:04:00,1.0,2023-03-28 11:29:00,2023-03-28 13:03:00,94.0,6.97,7139.0
J749,M02,Delayed,2023-03-23 12:40:00,2023-03-23 13:49:00,0.9866666666666667,2023-03-28 10:20:00,2023-03-28 11:29:00,69.0,12.09,7060.0
J750,M05,Completed,2023-03-23 12:50:00,2023-03-23 14:04:00,0.006666666666666667,2023-03-27 20:32:00,2023-03-27 21:46:00,74.0,7.82,6222.0
J751,M05,Completed,2023-03-23 13:00:00,2023-03-23 14:30:00,0.006666666666666667,2023-03-27 19:02:00,2023-03-27 20:32:00,90.0,2.72,6122.0
J752,M04,Delayed,2023-03-23 13:10:00,2023-03-23 15:00:00,0.9866666666666667,2023-03-27 21:28:00,2023-03-27 23:18:00,110.0,12.13,6258.0
J753,M01,Failed,2023-03-23 13:20:00,2023-03-23 14:10:00,0.98,2023-03-27 01:18:00,2023-03-27 02:08:00,50.0,3.29,5038.0
J754,M02,Completed,2023-03-23 13:30:00,2023-03-23 15:27:00,0.006666666666666667,2023-03-28 08:23:00,2023-03-28 10:20:00,117.0,8.53,6893.0
J755,M04,Delayed,2023-03-23 13:40:00,2023-03-23 15:40:00,0.9933333333333333,2023-03-27 19:28:00,2023-03-27 21:28:00,120.0,10.96,6108.0
J756,M03,Completed,2023-03-23 13:50:00,2023-03-23 14:19:00,0.006666666666666667,2023-03-27 18:50:00,2023-03-27 19:19:00,29.0,11.47,6060.0
J757,M04,Completed,2023-03-23 14:00:00,2023-03-23 15:07:00,0.0,2023-03-27 18:21:00,2023-03-27 19:28:00,67.0,7.84,6021.0
J758,M04,Completed,2023-03-23 14:10:00,2023-03-23 14:42:00,0.006666666666666667,2023-03-27 17:49:00,2023-03-27 18:21:00,32.0,2.32,5979.0
J759,M04,Delayed,2023-03-23 14:20:00,2023-03-23 16:13:00,0.9866666666666667,2023-03-27 15:56:00,2023-03-27 17:49:00,113.0,12.41,5856.0
J760,M02,Completed,2023-03-23 14:30:00,2023-03-23 14:56:00,0.0,2023-03-28 07:57:00,2023-03-28 08:23:00,26.0,6.33,6807.0
J761,M03,Completed,2023-03-23 14:40:00,2023-03-23 16:07:00,0.0,2023-03-27 17:23:00,2023-03-27 18:50:00,87.0,6.72,5923.0
J762,M04,Completed,2023-03-23 14:50:00,2023-03-23 16:06:00,0.0,2023-03-27 14:40:00,2023-03-27 15:56:00,76.0,11.27,5750.0
J763,M05,Failed,2023-03-23 15:00:00,2023-03-23 16:24:00,0.9933333333333333,2023-03-27 17:38:00,2023-03-27 19:02:00,84.0,11.37,5918.0
J764,M04,Completed,2023-03-23 15:10:00,2023-03-23 16:47:00,0.0,2023-03-27 13:03:00,2023-03-27 14:40:00,97.0,3.23,5633.0
J765,M03,Failed,2023-03-23 15:20:00,2023-03-23 15:41:00,0.9133333333333333,2023-03-27 17:02:00,2023-03-27 17:23:00,21.0,12.69,5862.0
J766,M04,Delayed,2023-03-23 15:30:00,2023-03-23 17:08:00,1.0,2023-03-27 11:25:00,2023-03-27 13:03:00,98.0,8.86,5515.0
J767,M03,Completed,2023-03-23 15:40:00,2023-03-23 17:32:00,0.006666666666666667,2023-03-27 15:10:00,2023-03-27 17:02:00,112.0,3.11,5730.0
J768,M04,Completed,2023-03-23 15:50:00,2023-03-23 17:17:00,0.013333333333333334,2023-03-27 09:58:00,2023-03-27 11:25:00,87.0,5.3,5408.0
J769,M01,Completed,2023-03-23 16:00:00,2023-03-23 16:59:00,0.0,2023-03-27 00:19:00,2023-03-27 01:18:00,59.0,4.32,4819.0
J770,M05,Delayed,2023-03-23 16:10:00,2023-03-23 17:55:00,0.9866666666666667,2023-03-27 15:53:00,2023-03-27 17:38:00,105.0,9.96,5743.0
J771,M05,Completed,2023-03-23 16:20:00,2023-03-23 18:03:00,0.0,2023-03-27 14:10:00,2023-03-27 15:53:00,103.0,2.21,5630.0
J772,M04,Delayed,2023-03-23 16:30:00,2023-03-23 17:41:00,1.0,2023-03-27 08:47:00,2023-03-27 09:58:00,71.0,12.02,5297.0
J773,M05,Failed,2023-03-23 16:40:00,2023-03-23 18:40:00,0.94,2023-03-27 12:10:00,2023-03-27 14:10:00,120.0,6.96,5490.0
J774,M01,Completed,2023-03-23 16:50:00,2023-03-23 17:59:00,0.006666666666666667,2023-03-26 23:10:00,2023-03-27 00:19:00,69.0,13.76,4700.0
J775,M03,Completed,2023-03-23 17:00:00,2023-03-23 17:34:00,0.0,2023-03-27 14:36:00,2023-03-27 15:10:00,34.0,3.0,5616.0
J776,M03,Completed,2023-03-23 17:10:00,2023-03-23 19:08:00,0.006666666666666667,2023-03-27 12:38:00,2023-03-27 14:36:00,118.0,7.64,5488.0
J777,M02,Delayed,2023-03-23 17:20:00,2023-03-23 18:04:00,1.0,2023-03-28 07:13:00,2023-03-28 07:57:00,44.0,12.18,6593.0
J778,M03,Completed,2023-03-23 17:30:00,2023-03-23 18:45:00,0.0,2023-03-27 11:23:00,2023-03-27 12:38:00,75.0,13.52,5393.0
J779,M01,Completed,2023-03-23 17:40:00,2023-03-23 18:44:00,0.0,2023-03-26 22:06:00,2023-03-26 23:10:00,64.0,3.28,4586.0
J780,M03,Delayed,2023-03-23 17:50:00,2023-03-23 18:21:00,0.98,2023-03-27 10:52:00,2023-03-27 11:23:00,31.0,14.58,5342.0
J781,M05,Completed,2023-03-23 18:00:00,2023-03-23 19:43:00,0.0,2023-03-27 10:27:00,2023-03-27 12:10:00,103.0,8.66,5307.0
J782,M02,Completed,2023-03-23 18:10:00,2023-03-23 18:52:00,0.0,2023-03-28 06:31:00,2023-03-28 07:13:00,42.0,7.26,6501.0
J783,M01,Completed,2023-03-23 18:20:00,2023-03-23 19:33:00,0.0,2023-03-26 20:53:00,2023-03-26 22:06:00,73.0,12.23,4473.0
J784,M02,Completed,2023-03-23 18:30:00,2023-03-23 20:28:00,0.013333333333333334,2023-03-28 04:33:00,2023-03-28 06:31:00,118.0,7.16,6363.0
J785,M04,Completed,2023-03-23 18:40:00,2023-03-23 20:17:00,0.0,2023-03-27 07:10:00,2023-03-27 08:47:00,97.0,5.17,5070.0
J786,M05,Completed,2023-03-23 18:50:00,2023-03-23 20:40:00,0.0,2023-03-27 08:37:00,2023-03-27 10:27:00,110.0,7.71,5147.0
J787,M02,Completed,2023-03-23 19:00:00,2023-03-23 20:32:00,0.0,2023-03-28 03:01:00,2023-03-28 04:33:00,92.0,11.17,6241.0
J788,M04,Failed,2023-03-23 19:10:00,2023-03-23 20:35:00,0.9866666666666667,2023-03-27 05:45:00,2023-03-27 07:10:00,85.0,5.25,4955.0
J789,M02,Failed,2023-03-23 19:20:00,2023-03-23 19:45:00,0.9733333333333334,2023-03-28 02:36:00,2023-03-28 03:01:00,25.0,13.34,6196.0
J790,M05,Completed,2023-03-23 19:30:00,2023-03-23 19:58:00,0.0,2023-03-27 08:09:00,2023-03-27 08:37:00,28.0,8.66,5079.0
J791,M03,Completed,2023-03-23 19:40:00,2023-03-23 21:26:00,0.0,2023-03-27 09:06:00,2023-03-27 10:52:00,106.0,3.13,5126.0
J792,M04,Completed,2023-03-23 19:50:00,2023-03-23 21:00:00,0.0,2023-03-27 04:35:00,2023-03-27 05:45:00,70.0,4.08,4845.0
J793,M03,Completed,2023-03-23 20:00:00,2023-03-23 21:39:00,0.006666666666666667,2023-03-27 07:27:00,2023-03-27 09:06:00,99.0,8.8,5007.0
J794,M05,Delayed,2023-03-23 20:10:00,2023-03-23 21:43:00,0.98,2023-03-27 06:36:00,2023-03-27 08:09:00,93.0,6.66,4946.0
J795,M01,Delayed,2023-03-23 20:20:00,2023-03-23 22:09:00,1.0,2023-03-26 19:04:00,2023-03-26 20:53:00,109.0,3.07,4244.0
J796,M01,Failed,2023-03-23 20:30:00,2023-03-23 22:29:00,0.8933333333333333,2023-03-26 17:05:00,2023-03-26 19:04:00,119.0,11.52,4115.0
J797,M02,Delayed,2023-03-23 20:40:00,2023-03-23 22:19:00,1.0,2023-03-28 00:57:00,2023-03-28 02:36:00,99.0,2.67,6017.0
J798,M03,Completed,2023-03-23 20:50:00,2023-03-23 21:34:00,0.0,2023-03-27 06:43:00,2023-03-27 07:27:00,44.0,10.31,4913.0
J799,M05,Delayed,2023-03-23 21:00:00,2023-03-23 22:44:00,0.9933333333333333,2023-03-27 04:52:00,2023-03-27 06:36:00,104.0,7.42,4792.0
J800,M01,Delayed,2023-03-23 21:10:00,2023-03-23 23:06:00,1.0,2023-03-26 15:09:00,2023-03-26 17:05:00,116.0,10.24,3959.0
J801,M03,Completed,2023-03-23 21:20:00,2023-03-23 22:15:00,0.006666666666666667,2023-03-27 05:48:00,2023-03-27 06:43:00,55.0,9.06,4828.0
J802,M01,Completed,2023-03-23 21:30:00,2023-03-23 23:24:00,0.0,2023-03-26 13:15:00,2023-03-26 15:09:00,114.0,8.67,3825.0
J803,M02,Failed,2023-03-23 21:40:00,2023-03-23 23:24:00,0.9866666666666667,2023-03-27 23:13:00,2023-03-28 00:57:00,104.0,9.3,5853.0
J804,M03,Completed,2023-03-23 21:50:00,2023-03-23 22:24:00,0.0,2023-03-27 05:14:00,2023-03-27 05:48:00,34.0,3.84,4764.0
J805,M03,Completed,2023-03-23 22:00:00,2023-03-23 22:54:00,0.0,2023-03-27 04:20:00,2023-03-27 05:14:00,54.0,8.32,4700.0
J806,M02,Completed,2023-03-23 22:10:00,2023-03-24 00:00:00,0.006666666666666667,2023-03-27 21:23:00,2023-03-27 23:13:00,110.0,2.38,5713.0
J807,M05,Completed,2023-03-23 22:20:00,2023-03-23 23:59:00,0.006666666666666667,2023-03-27 03:13:00,2023-03-27 04:52:00,99.0,7.53,4613.0
J808,M05,Completed,2023-03-23 22:30:00,2023-03-24 00:24:00,0.0,2023-03-27 01:19:00,2023-03-27 03:13:00,114.0,10.93,4489.0
J809,M01,Completed,2023-03-23 22:40:00,2023-03-24 00:13:00,0.0,2023-03-26 11:42:00,2023-03-26 13:15:00,93.0,5.43,3662.0
J810,M04,Completed,2023-03-23 22:50:00,2023-03-24 00:14:00,0.0,2023-03-27 03:11:00,2023-03-27 04:35:00,84.0,3.53,4581.0
J811,M01,Completed,2023-03-23 23:00:00,2023-03-23 23:29:00,0.0,2023-03-26 11:13:00,2023-03-26 11:42:00,29.0,7.98,3613.0
J812,M05,Completed,2023-03-23 23:10:00,2023-03-23 23:34:00,0.0,2023-03-27 00:55:00,2023-03-27 01:19:00,24.0,10.78,4425.0
J813,M05,Completed,2023-03-23 23:20:00,2023-03-24 01:19:00,0.03333333333333333,2023-03-26 22:56:00,2023-03-27 00:55:00,119.0,3.48,4296.0
J814,M02,Completed,2023-03-23 23:30:00,2023-03-24 01:14:00,0.0,2023-03-27 19:39:00,2023-03-27 21:23:00,104.0,14.05,5529.0
J815,M04,Failed,2023-03-23 23:40:00,2023-03-24 01:23:00,0.98,2023-03-27 01:28:00,2023-03-27 03:11:00,103.0,4.94,4428.0
J816,M05,Completed,2023-03-23 23:50:00,2023-03-24 00:24:00,0.006666666666666667,2023-03-26 22:22:00,2023-03-26 22:56:00,34.0,14.45,4232.0
J817,M02,Completed,2023-03-24 00:00:00,2023-03-24 01:06:00,0.0,2023-03-27 18:33:00,2023-03-27 19:39:00,66.0,3.12,5433.0
J818,M01,Completed,2023-03-24 00:10:00,2023-03-24 01:11:00,0.0,2023-03-26 10:12:00,2023-03-26 11:13:00,61.0,11.59,3482.0
J819,M05,Completed,2023-03-24 00:20:00,2023-03-24 01:32:00,0.013333333333333334,2023-03-26 21:10:00,2023-03-26 22:22:00,72.0,7.28,4130.0
J820,M04,Delayed,2023-03-24 00:30:00,2023-03-24 02:19:00,0.9933333333333333,2023-03-26 23:39:00,2023-03-27 01:28:00,109.0,13.79,4269.0
J821,M04,Completed,2023-03-24 00:40:00,2023-03-24 01:04:00,0.0,2023-03-26 23:15:00,2023-03-26 23:39:00,24.0,8.58,4235.0
J822,M01,Completed,2023-03-24 00:50:00,2023-03-24 02:20:00,0.02,2023-03-26 08:42:00,2023-03-26 10:12:00,90.0,12.86,3352.0
J823,M01,Completed,2023-03-24 01:00:00,2023-03-24 02:34:00,0.0,2023-03-26 07:08:00,2023-03-26 08:42:00,94.0,8.95,3248.0
J824,M05,Completed,2023-03-24 01:10:00,2023-03-24 02:43:00,0.006666666666666667,2023-03-26 19:37:00,2023-03-26 21:10:00,93.0,2.9,3987.0
J825,M02,Failed,2023-03-24 01:20:00,2023-03-24 01:53:00,0.9933333333333333,2023-03-27 18:00:00,2023-03-27 18:33:00,33.0,14.0,5320.0
J826,M03,Completed,2023-03-24 01:30:00,2023-03-24 02:37:00,0.006666666666666667,2023-03-27 03:13:00,2023-03-27 04:20:00,67.0,3.19,4423.0
J827,M01,Completed,2023-03-24 01:40:00,2023-03-24 03:19:00,0.013333333333333334,2023-03-26 05:29:00,2023-03-26 07:08:00,99.0,12.67,3109.0
J828,M03,Completed,2023-03-24 01:50:00,2023-03-24 02:48:00,0.02,2023-03-27 02:15:00,2023-03-27 03:13:00,58.0,10.11,4345.0
J829,M03,Failed,2023-03-24 02:00:00,2023-03-24 03:30:00,0.9733333333333334,2023-03-27 00:45:00,2023-03-27 02:15:00,90.0,9.06,4245.0
J830,M04,Completed,2023-03-24 02:10:00,2023-03-24 02:34:00,0.0,2023-03-26 22:51:00,2023-03-26 23:15:00,24.0,3.36,4121.0
J831,M05,Delayed,2023-03-24 02:20:00,2023-03-24 03:40:00,0.9933333333333333,2023-03-26 18:17:00,2023-03-26 19:37:00,80.0,12.55,3837.0
J832,M01,Completed,2023-03-24 02:30:00,2023-03-24 04:10:00,0.0,2023-03-26 03:49:00,2023-03-26 05:29:00,100.0,12.13,2959.0
J833,M02,Completed,2023-03-24 02:40:00,2023-03-24 04:09:00,0.0,2023-03-27 16:31:00,2023-03-27 18:00:00,89.0,6.12,5151.0
J834,M04,Completed,2023-03-24 02:50:00,2023-03-24 04:01:00,0.0,2023-03-26 21:40:00,2023-03-26 22:51:00,71.0,12.87,4010.0
J835,M01,Completed,2023-03-24 03:00:00,2023-03-24 04:00:00,0.0,2023-03-26 02:49:00,2023-03-26 03:49:00,60.0,13.14,2869.0
J836,M03,Delayed,2023-03-24 03:10:00,2023-03-24 04:58:00,1.0,2023-03-26 22:57:00,2023-03-27 00:45:00,108.0,12.05,4067.0
J837,M05,Failed,2023-03-24 03:20:00,2023-03-24 04:12:00,0.98,2023-03-26 17:25:00,2023-03-26 18:17:00,52.0,3.56,3725.0
J838,M02,Completed,2023-03-24 03:30:00,2023-03-24 05:12:00,0.006666666666666667,2023-03-27 14:49:00,2023-03-27 16:31:00,102.0,4.48,4999.0
J839,M05,Completed,2023-03-24 03:40:00,2023-03-24 04:54:00,0.006666666666666667,2023-03-26 16:11:00,2023-03-26 17:25:00,74.0,12.74,3631.0
J840,M02,Completed,2023-03-24 03:50:00,2023-03-24 05:48:00,0.013333333333333334,2023-03-27 12:51:00,2023-03-27 14:49:00,118.0,14.0,4861.0
J841,M04,Delayed,2023-03-24 04:00:00,2023-03-24 05:31:00,1.0,2023-03-26 20:09:00,2023-03-26 21:40:00,91.0,4.38,3849.0
J842,M01,Delayed,2023-03-24 04:10:00,2023-03-24 05:38:00,1.0,2023-03-26 01:21:00,2023-03-26 02:49:00,88.0,13.86,2711.0
J843,M05,Completed,2023-03-24 04:20:00,2023-03-24 05:21:00,0.0,2023-03-26 15:10:00,2023-03-26 16:11:00,61.0,8.88,3530.0
J844,M04,Completed,2023-03-24 04:30:00,2023-03-24 05:28:00,0.0,2023-03-26 19:11:00,2023-03-26 20:09:00,58.0,8.75,3761.0
J845,M04,Completed,2023-03-24 04:40:00,2023-03-24 05:20:00,0.02,2023-03-26 18:31:00,2023-03-26 19:11:00,40.0,14.19,3711.0
J846,M01,Completed,2023-03-24 04:50:00,2023-03-24 06:21:00,0.0,2023-03-25 23:50:00,2023-03-26 01:21:00,91.0,8.59,2580.0
J847,M04,Failed,2023-03-24 05:00:00,2023-03-24 06:13:00,0.9933333333333333,2023-03-26 17:18:00,2023-03-26 18:31:00,73.0,6.05,3618.0
J848,M02,Completed,2023-03-24 05:10:00,2023-03-24 06:36:00,0.006666666666666667,2023-03-27 11:25:00,2023-03-27 12:51:00,86.0,6.85,4695.0
J849,M05,Completed,2023-03-24 05:20:00,2023-03-24 06:13:00,0.013333333333333334,2023-03-26 14:17:00,2023-03-26 15:10:00,53.0,8.73,3417.0
J850,M05,Failed,2023-03-24 05:30:00,2023-03-24 07:21:00,0.9666666666666667,2023-03-26 12:26:00,2023-03-26 14:17:00,111.0,6.5,3296.0
J851,M02,Failed,2023-03-24 05:40:00,2023-03-24 06:10:00,0.9,2023-03-27 10:55:00,2023-03-27 11:25:00,30.0,13.94,4635.0
J852,M02,Delayed,2023-03-24 05:50:00,2023-03-24 06:58:00,0.9933333333333333,2023-03-27 09:47:00,2023-03-27 10:55:00,68.0,14.78,4557.0
J853,M03,Completed,2023-03-24 06:00:00,2023-03-24 07:26:00,0.0,2023-03-26 21:31:00,2023-03-26 22:57:00,86.0,11.14,3811.0
J854,M05,Completed,2023-03-24 06:10:00,2023-03-24 07:18:00,0.0,2023-03-26 11:18:00,2023-03-26 12:26:00,68.0,12.99,3188.0
J855,M04,Completed,2023-03-24 06:20:00,2023-03-24 07:50:00,0.006666666666666667,2023-03-26 15:48:00,2023-03-26 17:18:00,90.0,13.56,3448.0
J856,M04,Failed,2023-03-24 06:30:00,2023-03-24 07:32:00,0.9666666666666667,2023-03-26 14:46:00,2023-03-26 15:48:00,62.0,7.53,3376.0
J857,M04,Completed,2023-03-24 06:40:00,2023-03-24 07:42:00,0.0,2023-03-26 13:44:00,2023-03-26 14:46:00,62.0,13.79,3304.0
J858,M03,Completed,2023-03-24 06:50:00,2023-03-24 08:44:00,0.006666666666666667,2023-03-26 19:37:00,2023-03-26 21:31:00,114.0,5.38,3647.0
J859,M04,Delayed,2023-03-24 07:00:00,2023-03-24 07:28:00,0.9933333333333333,2023-03-26 13:16:00,2023-03-26 13:44:00,28.0,10.09,3256.0
J860,M04,Completed,2023-03-24 07:10:00,2023-03-24 08:52:00,0.0,2023-03-26 11:34:00,2023-03-26 13:16:00,102.0,8.07,3144.0
J861,M03,Failed,2023-03-24 07:20:00,2023-03-24 08:28:00,0.96,2023-03-26 18:29:00,2023-03-26 19:37:00,68.0,12.7,3549.0
J862,M01,Delayed,2023-03-24 07:30:00,2023-03-24 08:26:00,0.9933333333333333,2023-03-25 22:54:00,2023-03-25 23:50:00,56.0,2.5,2364.0
J863,M03,Completed,2023-03-24 07:40:00,2023-03-24 08:57:00,0.0,2023-03-26 17:12:00,2023-03-26 18:29:00,77.0,9.83,3452.0
J864,M02,Completed,2023-03-24 07:50:00,2023-03-24 09:09:00,0.0,2023-03-27 08:28:00,2023-03-27 09:47:00,79.0,10.56,4358.0
J865,M04,Completed,2023-03-24 08:00:00,2023-03-24 09:17:00,0.006666666666666667,2023-03-26 10:17:00,2023-03-26 11:34:00,77.0,7.76,3017.0
J866,M01,Completed,2023-03-24 08:10:00,2023-03-24 08:43:00,0.006666666666666667,2023-03-25 22:21:00,2023-03-25 22:54:00,33.0,2.47,2291.0
J867,M02,Delayed,2023-03-24 08:20:00,2023-03-24 09:41:00,0.9866666666666667,2023-03-27 07:07:00,2023-03-27 08:28:00,81.0,3.42,4247.0
J868,M04,Delayed,2023-03-24 08:30:00,2023-03-24 09:03:00,0.9933333333333333,2023-03-26 09:44:00,2023-03-26 10:17:00,33.0,7.36,2954.0
J869,M04,Completed,2023-03-24 08:40:00,2023-03-24 09:19:00,0.0,2023-03-26 09:05:00,2023-03-26 09:44:00,39.0,13.37,2905.0
J870,M01,Completed,2023-03-24 08:50:00,2023-03-24 10:09:00,0.0,2023-03-25 21:02:00,2023-03-25 22:21:00,79.0,12.19,2172.0
J871,M03,Completed,2023-03-24 09:00:00,2023-03-24 10:12:00,0.0,2023-03-26 16:00:00,2023-03-26 17:12:00,72.0,13.33,3300.0
J872,M03,Completed,2023-03-24 09:10:00,2023-03-24 10:41:00,0.013333333333333334,2023-03-26 14:29:00,2023-03-26 16:00:00,91.0,5.32,3199.0
J873,M02,Completed,2023-03-24 09:20:00,2023-03-24 11:09:00,0.0,2023-03-27 05:18:00,2023-03-27 07:07:00,109.0,8.73,4078.0
J874,M03,Completed,2023-03-24 09:30:00,2023-03-24 10:44:00,0.0,2023-03-26 13:15:00,2023-03-26 14:29:00,74.0,9.06,3105.0
J875,M03,Completed,2023-03-24 09:40:00,2023-03-24 11:05:00,0.0,2023-03-26 11:50:00,2023-03-26 13:15:00,85.0,13.44,3010.0
J876,M02,Delayed,2023-03-24 09:50:00,2023-03-24 10:45:00,1.0,2023-03-27 04:23:00,2023-03-27 05:18:00,55.0,2.6,3993.0
J877,M05,Delayed,2023-03-24 10:00:00,2023-03-24 10:23:00,0.9866666666666667,2023-03-26 10:55:00,2023-03-26 11:18:00,23.0,6.93,2935.0
J878,M05,Completed,2023-03-24 10:10:00,2023-03-24 12:06:00,0.0,2023-03-26 08:59:00,2023-03-26 10:55:00,116.0,3.49,2809.0
J879,M05,Failed,2023-03-24 10:20:00,2023-03-24 11:12:00,0.9866666666666667,2023-03-26 08:07:00,2023-03-26 08:59:00,52.0,13.14,2747.0
J880,M02,Failed,2023-03-24 10:30:00,2023-03-24 11:34:00,0.9733333333333334,2023-03-27 03:19:00,2023-03-27 04:23:00,64.0,2.12,3889.0
J881,M03,Completed,2023-03-24 10:40:00,2023-03-24 12:25:00,0.0,2023-03-26 10:05:00,2023-03-26 11:50:00,105.0,10.44,2845.0
J882,M05,Completed,2023-03-24 10:50:00,2023-03-24 11:50:00,0.006666666666666667,2023-03-26 07:07:00,2023-03-26 08:07:00,60.0,7.5,2657.0
J883,M02,Completed,2023-03-24 11:00:00,2023-03-24 11:43:00,0.0,2023-03-27 02:36:00,2023-03-27 03:19:00,43.0,3.75,3816.0
J884,M02,Completed,2023-03-24 11:10:00,2023-03-24 11:42:00,0.0,2023-03-27 02:04:00,2023-03-27 02:36:00,32.0,13.96,3774.0
J885,M05,Completed,2023-03-24 11:20:00,2023-03-24 12:05:00,0.0,2023-03-26 06:22:00,2023-03-26 07:07:00,45.0,8.68,2582.0
J886,M04,Completed,2023-03-24 11:30:00,2023-03-24 11:55:00,0.013333333333333334,2023-03-26 08:40:00,2023-03-26 09:05:00,25.0,9.4,2710.0
J887,M04,Completed,2023-03-24 11:40:00,2023-03-24 13:25:00,0.0,2023-03-26 06:55:00,2023-03-26 08:40:00,105.0,11.47,2595.0
J888,M02,Delayed,2023-03-24 11:50:00,2023-03-24 13:12:00,0.98,2023-03-27 00:42:00,2023-03-27 02:04:00,82.0,4.26,3652.0
J889,M03,Failed,2023-03-24 12:00:00,2023-03-24 13:18:00,0.9933333333333333,2023-03-26 08:47:00,2023-03-26 10:05:00,78.0,2.95,2687.0
J890,M01,Completed,2023-03-24 12:10:00,2023-03-24 12:40:00,0.0,2023-03-25 20:32:00,2023-03-25 21:02:00,30.0,13.66,1942.0
J891,M02,Completed,2023-03-24 12:20:00,2023-03-24 14:04:00,0.0,2023-03-26 22:58:00,2023-03-27 00:42:00,104.0,3.16,3518.0
J892,M02,Completed,2023-03-24 12:30:00,2023-03-24 13:13:00,0.006666666666666667,2023-03-26 22:15:00,2023-03-26 22:58:00,43.0,14.03,3465.0
J893,M04,Completed,2023-03-24 12:40:00,2023-03-24 14:35:00,0.0,2023-03-26 05:00:00,2023-03-26 06:55:00,115.0,12.2,2420.0
J894,M01,Completed,2023-03-24 12:50:00,2023-03-24 13:58:00,0.0,2023-03-25 19:24:00,2023-03-25 20:32:00,68.0,12.26,1834.0
J895,M05,Completed,2023-03-24 13:00:00,2023-03-24 14:22:00,0.0,2023-03-26 05:00:00,2023-03-26 06:22:00,82.0,6.89,2400.0
J896,M04,Completed,2023-03-24 13:10:00,2023-03-24 14:59:00,0.04,2023-03-26 03:11:00,2023-03-26 05:00:00,109.0,2.05,2281.0
J897,M05,Completed,2023-03-24 13:20:00,2023-03-24 14:20:00,0.006666666666666667,2023-03-26 04:00:00,2023-03-26 05:00:00,60.0,9.29,2320.0
J898,M05,Delayed,2023-03-24 13:30:00,2023-03-24 13:50:00,0.98,2023-03-26 03:40:00,2023-03-26 04:00:00,20.0,9.81,2290.0
J899,M03,Completed,2023-03-24 13:40:00,2023-03-24 14:55:00,0.006666666666666667,2023-03-26 07:32:00,2023-03-26 08:47:00,75.0,14.44,2512.0
J900,M03,Completed,2023-03-24 13:50:00,2023-03-24 14:49:00,0.0,2023-03-26 06:33:00,2023-03-26 07:32:00,59.0,6.61,2443.0
J901,M05,Delayed,2023-03-24 14:00:00,2023-03-24 15:34:00,0.9933333333333333,2023-03-26 02:06:00,2023-03-26 03:40:00,94.0,12.06,2166.0
J902,M03,Completed,2023-03-24 14:10:00,2023-03-24 15:53:00,0.0,2023-03-26 04:50:00,2023-03-26 06:33:00,103.0,13.56,2320.0
J903,M03,Completed,2023-03-24 14:20:00,2023-03-24 15:55:00,0.006666666666666667,2023-03-26 03:15:00,2023-03-26 04:50:00,95.0,14.48,2215.0
J904,M05,Failed,2023-03-24 14:30:00,2023-03-24 15:35:00,0.9733333333333334,2023-03-26 01:01:00,2023-03-26 02:06:00,65.0,12.46,2071.0
J905,M03,Completed,2023-03-24 14:40:00,2023-03-24 15:28:00,0.0,2023-03-26 02:27:00,2023-03-26 03:15:00,48.0,7.14,2147.0
J906,M01,Delayed,2023-03-24 14:50:00,2023-03-24 15:50:00,1.0,2023-03-25 18:24:00,2023-03-25 19:24:00,60.0,3.92,1654.0
J907,M02,Delayed,2023-03-24 15:00:00,2023-03-24 16:30:00,0.9933333333333333,2023-03-26 20:45:00,2023-03-26 22:15:00,90.0,14.41,3225.0
J908,M02,Completed,2023-03-24 15:10:00,2023-03-24 16:56:00,0.006666666666666667,2023-03-26 18:59:00,2023-03-26 20:45:00,106.0,14.25,3109.0
J909,M04,Completed,2023-03-24 15:20:00,2023-03-24 17:16:00,0.0,2023-03-26 01:15:00,2023-03-26 03:11:00,116.0,13.6,2035.0
J910,M02,Completed,2023-03-24 15:30:00,2023-03-24 16:08:00,0.0,2023-03-26 18:21:00,2023-03-26 18:59:00,38.0,12.13,3051.0
J911,M03,Completed,2023-03-24 15:40:00,2023-03-24 17:32:00,0.006666666666666667,2023-03-26 00:35:00,2023-03-26 02:27:00,112.0,4.12,1975.0
J912,M04,Failed,2023-03-24 15:50:00,2023-03-24 17:02:00,1.0,2023-03-26 00:03:00,2023-03-26 01:15:00,72.0,13.88,1933.0
J913,M05,Completed,2023-03-24 16:00:00,2023-03-24 16:31:00,0.0,2023-03-26 00:30:00,2023-03-26 01:01:00,31.0,12.76,1950.0
J914,M03,Completed,2023-03-24 16:10:00,2023-03-24 17:22:00,0.013333333333333334,2023-03-25 23:23:00,2023-03-26 00:35:00,72.0,9.64,1873.0
J915,M02,Delayed,2023-03-24 16:20:00,2023-03-24 17:43:00,0.9933333333333333,2023-03-26 16:58:00,2023-03-26 18:21:00,83.0,12.24,2918.0
J916,M01,Completed,2023-03-24 16:30:00,2023-03-24 17:01:00,0.006666666666666667,2023-03-25 17:53:00,2023-03-25 18:24:00,31.0,8.94,1523.0
J917,M04,Completed,2023-03-24 16:40:00,2023-03-24 17:20:00,0.0,2023-03-25 23:23:00,2023-03-26 00:03:00,40.0,6.24,1843.0
J918,M04,Failed,2023-03-24 16:50:00,2023-03-24 18:46:00,0.9666666666666667,2023-03-25 21:27:00,2023-03-25 23:23:00,116.0,12.06,1717.0
J919,M05,Completed,2023-03-24 17:00:00,2023-03-24 17:48:00,0.006666666666666667,2023-03-25 23:42:00,2023-03-26 00:30:00,48.0,11.56,1842.0
J920,M04,Completed,2023-03-24 17:10:00,2023-03-24 17:53:00,0.013333333333333334,2023-03-25 20:44:00,2023-03-25 21:27:00,43.0,9.59,1654.0
J921,M01,Completed,2023-03-24 17:20:00,2023-03-24 18:50:00,0.0,2023-03-25 16:23:00,2023-03-25 17:53:00,90.0,7.46,1383.0
J922,M02,Completed,2023-03-24 17:30:00,2023-03-24 18:16:00,0.0,2023-03-26 16:12:00,2023-03-26 16:58:00,46.0,4.17,2802.0
J923,M02,Completed,2023-03-24 17:40:00,2023-03-24 19:11:00,0.0,2023-03-26 14:41:00,2023-03-26 16:12:00,91.0,14.43,2701.0
J924,M04,Delayed,2023-03-24 17:50:00,2023-03-24 19:14:00,0.9733333333333334,2023-03-25 19:20:00,2023-03-25 20:44:00,84.0,3.01,1530.0
J925,M02,Completed,2023-03-24 18:00:00,2023-03-24 18:30:00,0.0,2023-03-26 14:11:00,2023-03-26 14:41:00,30.0,5.58,2651.0
J926,M05,Completed,2023-03-24 18:10:00,2023-03-24 20:05:00,0.0,2023-03-25 21:47:00,2023-03-25 23:42:00,115.0,4.62,1657.0
J927,M01,Completed,2023-03-24 18:20:00,2023-03-24 19:20:00,0.0,2023-03-25 15:23:00,2023-03-25 16:23:00,60.0,6.27,1263.0
J928,M02,Completed,2023-03-24 18:30:00,2023-03-24 20:10:00,0.0,2023-03-26 12:31:00,2023-03-26 14:11:00,100.0,7.59,2521.0
J929,M01,Failed,2023-03-24 18:40:00,2023-03-24 20:15:00,0.9666666666666667,2023-03-25 13:48:00,2023-03-25 15:23:00,95.0,7.99,1148.0
J930,M03,Completed,2023-03-24 18:50:00,2023-03-24 20:31:00,0.0,2023-03-25 21:42:00,2023-03-25 23:23:00,101.0,9.44,1612.0
J931,M03,Completed,2023-03-24 19:00:00,2023-03-24 19:55:00,0.0,2023-03-25 20:47:00,2023-03-25 21:42:00,55.0,5.05,1547.0
J932,M01,Failed,2023-03-24 19:10:00,2023-03-24 19:51:00,0.9933333333333333,2023-03-25 13:07:00,2023-03-25 13:48:00,41.0,8.53,1077.0
J933,M02,Completed,2023-03-24 19:20:00,2023-03-24 20:09:00,0.013333333333333334,2023-03-26 11:42:00,2023-03-26 12:31:00,49.0,4.23,2422.0
J934,M05,Completed,2023-03-24 19:30:00,2023-03-24 20:58:00,0.006666666666666667,2023-03-25 20:19:00,2023-03-25 21:47:00,88.0,11.95,1489.0
J935,M02,Completed,2023-03-24 19:40:00,2023-03-24 21:01:00,0.0,2023-03-26 10:21:00,2023-03-26 11:42:00,81.0,5.14,2321.0
J936,M05,Completed,2023-03-24 19:50:00,2023-03-24 20:12:00,0.0,2023-03-25 19:57:00,2023-03-25 20:19:00,22.0,13.15,1447.0
J937,M02,Completed,2023-03-24 20:00:00,2023-03-24 21:43:00,0.006666666666666667,2023-03-26 08:38:00,2023-03-26 10:21:00,103.0,14.71,2198.0
J938,M02,Completed,2023-03-24 20:10:00,2023-03-24 20:57:00,0.006666666666666667,2023-03-26 07:51:00,2023-03-26 08:38:00,47.0,9.72,2141.0
J939,M02,Delayed,2023-03-24 20:20:00,2023-03-24 21:10:00,1.0,2023-03-26 07:01:00,2023-03-26 07:51:00,50.0,7.97,2081.0
J940,M01,Completed,2023-03-24 20:30:00,2023-03-24 21:57:00,0.0,2023-03-25 11:40:00,2023-03-25 13:07:00,87.0,5.9,910.0
J941,M02,Completed,2023-03-24 20:40:00,2023-03-24 22:25:00,0.0,2023-03-26 05:16:00,2023-03-26 07:01:00,105.0,14.3,1956.0
J942,M04,Completed,2023-03-24 20:50:00,2023-03-24 21:10:00,0.006666666666666667,2023-03-25 19:00:00,2023-03-25 19:20:00,20.0,4.97,1330.0
J943,M04,Failed,2023-03-24 21:00:00,2023-03-24 22:11:00,0.9866666666666667,2023-03-25 17:49:00,2023-03-25 19:00:00,71.0,12.6,1249.0
J944,M02,Delayed,2023-03-24 21:10:00,2023-03-24 21:53:00,1.0,2023-03-26 04:33:00,2023-03-26 05:16:00,43.0,6.5,1883.0
J945,M04,Delayed,2023-03-24 21:20:00,2023-03-24 21:53:00,0.9933333333333333,2023-03-25 17:16:00,2023-03-25 17:49:00,33.0,2.46,1196.0
J946,M01,Completed,2023-03-24 21:30:00,2023-03-24 22:15:00,0.0,2023-03-25 10:55:00,2023-03-25 11:40:00,45.0,2.43,805.0
J947,M02,Completed,2023-03-24 21:40:00,2023-03-24 23:08:00,0.0,2023-03-26 03:05:00,2023-03-26 04:33:00,88.0,8.42,1765.0
J948,M02,Completed,2023-03-24 21:50:00,2023-03-24 23:30:00,0.006666666666666667,2023-03-26 01:25:00,2023-03-26 03:05:00,100.0,7.13,1655.0
J949,M03,Completed,2023-03-24 22:00:00,2023-03-24 22:57:00,0.0,2023-03-25 19:50:00,2023-03-25 20:47:00,57.0,14.36,1310.0
J950,M04,Completed,2023-03-24 22:10:00,2023-03-24 23:42:00,0.0,2023-03-25 15:44:00,2023-03-25 17:16:00,92.0,4.0,1054.0
J951,M05,Completed,2023-03-24 22:20:00,2023-03-24 23:41:00,0.0,2023-03-25 18:36:00,2023-03-25 19:57:00,81.0,4.52,1216.0
J952,M02,Completed,2023-03-24 22:30:00,2023-03-24 22:54:00,0.0,2023-03-26 01:01:00,2023-03-26 01:25:00,24.0,10.01,1591.0
J953,M03,Completed,2023-03-24 22:40:00,2023-03-25 00:23:00,0.013333333333333334,2023-03-25 18:07:00,2023-03-25 19:50:00,103.0,7.28,1167.0
J954,M01,Completed,2023-03-24 22:50:00,2023-03-24 23:29:00,0.0,2023-03-25 10:16:00,2023-03-25 10:55:00,39.0,3.74,686.0
J955,M04,Failed,2023-03-24 23:00:00,2023-03-24 23:55:00,0.9066666666666666,2023-03-25 14:49:00,2023-03-25 15:44:00,55.0,14.79,949.0
J956,M01,Completed,2023-03-24 23:10:00,2023-03-25 00:01:00,0.0,2023-03-25 09:25:00,2023-03-25 10:16:00,51.0,7.12,615.0
J957,M02,Delayed,2023-03-24 23:20:00,2023-03-25 00:50:00,0.9933333333333333,2023-03-25 23:31:00,2023-03-26 01:01:00,90.0,8.91,1451.0
J958,M05,Completed,2023-03-24 23:30:00,2023-03-25 00:14:00,0.0,2023-03-25 17:52:00,2023-03-25 18:36:00,44.0,2.83,1102.0
J959,M04,Completed,2023-03-24 23:40:00,2023-03-25 01:04:00,0.0,2023-03-25 13:25:00,2023-03-25 14:49:00,84.0,14.44,825.0
J960,M04,Completed,2023-03-24 23:50:00,2023-03-25 01:18:00,0.0,2023-03-25 11:57:00,2023-03-25 13:25:00,88.0,3.03,727.0
J961,M04,Completed,2023-03-25 00:00:00,2023-03-25 01:33:00,0.0,2023-03-25 10:24:00,2023-03-25 11:57:00,93.0,2.24,624.0
J962,M01,Completed,2023-03-25 00:10:00,2023-03-25 01:17:00,0.0,2023-03-25 08:18:00,2023-03-25 09:25:00,67.0,10.74,488.0
J963,M04,Completed,2023-03-25 00:20:00,2023-03-25 02:01:00,0.006666666666666667,2023-03-25 08:43:00,2023-03-25 10:24:00,101.0,11.33,503.0
J964,M03,Completed,2023-03-25 00:30:00,2023-03-25 01:36:00,0.0,2023-03-25 17:01:00,2023-03-25 18:07:00,66.0,8.07,991.0
J965,M02,Completed,2023-03-25 00:40:00,2023-03-25 01:23:00,0.0,2023-03-25 22:48:00,2023-03-25 23:31:00,43.0,12.77,1328.0
J966,M02,Completed,2023-03-25 00:50:00,2023-03-25 02:44:00,0.006666666666666667,2023-03-25 20:54:00,2023-03-25 22:48:00,114.0,10.41,1204.0
J967,M05,Completed,2023-03-25 01:00:00,2023-03-25 02:04:00,0.0,2023-03-25 16:48:00,2023-03-25 17:52:00,64.0,8.79,948.0
J968,M03,Completed,2023-03-25 01:10:00,2023-03-25 01:42:00,0.0,2023-03-25 16:29:00,2023-03-25 17:01:00,32.0,13.1,919.0
J969,M02,Delayed,2023-03-25 01:20:00,2023-03-25 01:52:00,0.9933333333333333,2023-03-25 20:22:00,2023-03-25 20:54:00,32.0,8.68,1142.0
J970,M04,Completed,2023-03-25 01:30:00,2023-03-25 02:45:00,0.006666666666666667,2023-03-25 07:28:00,2023-03-25 08:43:00,75.0,4.4,358.0
J971,M02,Completed,2023-03-25 01:40:00,2023-03-25 03:39:00,0.0,2023-03-25 18:23:00,2023-03-25 20:22:00,119.0,4.69,1003.0
J972,M03,Completed,2023-03-25 01:50:00,2023-03-25 02:49:00,0.013333333333333334,2023-03-25 15:30:00,2023-03-25 16:29:00,59.0,10.72,820.0
J973,M02,Completed,2023-03-25 02:00:00,2023-03-25 03:01:00,0.0,2023-03-25 17:22:00,2023-03-25 18:23:00,61.0,11.68,922.0
J974,M05,Delayed,2023-03-25 02:10:00,2023-03-25 02:51:00,1.0,2023-03-25 16:07:00,2023-03-25 16:48:00,41.0,14.04,837.0
J975,M03,Completed,2023-03-25 02:20:00,2023-03-25 03:53:00,0.02666666666666667,2023-03-25 13:57:00,2023-03-25 15:30:00,93.0,10.22,697.0
J976,M05,Failed,2023-03-25 02:30:00,2023-03-25 04:11:00,0.9666666666666667,2023-03-25 14:26:00,2023-03-25 16:07:00,101.0,9.23,716.0
J977,M01,Failed,2023-03-25 02:40:00,2023-03-25 03:58:00,0.9866666666666667,2023-03-25 07:00:00,2023-03-25 08:18:00,78.0,7.0,260.0
J978,M02,Delayed,2023-03-25 02:50:00,2023-03-25 04:28:00,0.9866666666666667,2023-03-25 15:44:00,2023-03-25 17:22:00,98.0,10.05,774.0
J979,M02,Delayed,2023-03-25 03:00:00,2023-03-25 04:40:00,0.9933333333333333,2023-03-25 14:04:00,2023-03-25 15:44:00,100.0,9.77,664.0
J980,M03,Failed,2023-03-25 03:10:00,2023-03-25 04:21:00,0.9733333333333334,2023-03-25 12:46:00,2023-03-25 13:57:00,71.0,12.3,576.0
J981,M02,Completed,2023-03-25 03:20:00,2023-03-25 04:40:00,0.006666666666666667,2023-03-25 12:44:00,2023-03-25 14:04:00,80.0,14.98,564.0
J982,M01,Completed,2023-03-25 03:30:00,2023-03-25 03:57:00,0.013333333333333334,2023-03-25 06:33:00,2023-03-25 07:00:00,27.0,13.25,183.0
J983,M05,Delayed,2023-03-25 03:40:00,2023-03-25 04:26:00,1.0,2023-03-25 13:40:00,2023-03-25 14:26:00,46.0,14.1,600.0
J984,M04,Delayed,2023-03-25 03:50:00,2023-03-25 05:04:00,1.0,2023-03-25 06:14:00,2023-03-25 07:28:00,74.0,9.05,144.0
J985,M02,Delayed,2023-03-25 04:00:00,2023-03-25 05:43:00,0.9866666666666667,2023-03-25 11:01:00,2023-03-25 12:44:00,103.0,5.66,421.0
J986,M05,Completed,2023-03-25 04:10:00,2023-03-25 05:10:00,0.006666666666666667,2023-03-25 12:40:00,2023-03-25 13:40:00,60.0,3.53,510.0
J987,M02,Completed,2023-03-25 04:20:00,2023-03-25 06:20:00,0.013333333333333334,2023-03-25 09:01:00,2023-03-25 11:01:00,120.0,10.87,281.0
J988,M04,Completed,2023-03-25 04:30:00,2023-03-25 06:14:00,0.0,2023-03-25 04:30:00,2023-03-25 06:14:00,104.0,8.83,0.0
J989,M03,Completed,2023-03-25 04:40:00,2023-03-25 06:09:00,0.0,2023-03-25 11:17:00,2023-03-25 12:46:00,89.0,5.67,397.0
J990,M03,Completed,2023-03-25 04:50:00,2023-03-25 06:17:00,0.0,2023-03-25 09:50:00,2023-03-25 11:17:00,87.0,12.82,300.0
J991,M02,Completed,2023-03-25 05:00:00,2023-03-25 05:36:00,0.0,2023-03-25 08:25:00,2023-03-25 09:01:00,36.0,6.33,205.0
J992,M01,Completed,2023-03-25 05:10:00,2023-03-25 06:33:00,0.0,2023-03-25 05:10:00,2023-03-25 06:33:00,83.0,6.7,0.0
J993,M05,Delayed,2023-03-25 05:20:00,2023-03-25 07:05:00,0.9933333333333333,2023-03-25 10:55:00,2023-03-25 12:40:00,105.0,9.95,335.0
J994,M05,Completed,2023-03-25 05:30:00,2023-03-25 07:04:00,0.0,2023-03-25 09:21:00,2023-03-25 10:55:00,94.0,9.39,231.0
J995,M03,Failed,2023-03-25 05:40:00,2023-03-25 07:38:00,0.92,2023-03-25 07:52:00,2023-03-25 09:50:00,118.0,14.12,132.0
J996,M02,Failed,2023-03-25 05:50:00,2023-03-25 06:40:00,0.9866666666666667,2023-03-25 07:35:00,2023-03-25 08:25:00,50.0,3.71,105.0
J997,M05,Failed,2023-03-25 06:00:00,2023-03-25 07:00:00,1.0,2023-03-25 08:21:00,2023-03-25 09:21:00,60.0,3.17,141.0
J998,M03,Completed,2023-03-25 06:10:00,2023-03-25 07:52:00,0.0,2023-03-25 06:10:00,2023-03-25 07:52:00,102.0,14.1,0.0
J999,M02,Completed,2023-03-25 06:20:00,2023-03-25 07:35:00,0.0,2023-03-25 06:20:00,2023-03-25 07:35:00,75.0,9.08,0.0
J1000,M05,Completed,2023-03-25 06:30:00,2023-03-25 08:21:00,0.02,2023-03-25 06:30:00,2023-03-25 08:21:00,111.0,3.88,0.0
