Job_ID,Machine_ID,Job_Status,orig_Scheduled_start,orig_Scheduled_end,pred_abnormal_prob,priority_score,optimized_start,optimized_end,Processing_Time,Energy_Consumption
J001,M01,Completed,2023-03-18 08:00:00,2023-03-18 09:16:00,0.0,0.3214456032026651,2023-03-18 08:00:00,2023-03-18 09:16:00,76.0,11.42
J002,M01,Delayed,2023-03-18 08:10:00,2023-03-18 09:29:00,1.0,0.6673467512071187,2023-03-18 09:16:00,2023-03-18 10:35:00,79.0,6.61
J010,M01,Delayed,2023-03-18 09:30:00,2023-03-18 09:57:00,0.9933333333333333,0.6320246448723301,2023-03-18 10:35:00,2023-03-18 11:02:00,27.0,3.66
J016,M01,Completed,2023-03-18 10:30:00,2023-03-18 11:35:00,0.0,0.36356896480459433,2023-03-18 11:02:00,2023-03-18 12:07:00,65.0,12.29
J023,M01,Completed,2023-03-18 11:40:00,2023-03-18 13:18:00,0.0,0.36216743089702397,2023-03-18 12:07:00,2023-03-18 13:45:00,98.0,13.49
J034,M01,Delayed,2023-03-18 13:30:00,2023-03-18 15:20:00,0.9933333333333333,0.7288538458452816,2023-03-18 13:45:00,2023-03-18 15:35:00,110.0,12.52
J037,M01,Completed,2023-03-18 14:00:00,2023-03-18 15:19:00,0.0,0.3980288925696236,2023-03-18 15:35:00,2023-03-18 16:54:00,79.0,13.17
J050,M01,Delayed,2023-03-18 16:10:00,2023-03-18 17:54:00,1.0,0.5201386190879569,2023-03-18 16:54:00,2023-03-18 18:38:00,104.0,3.09
J056,M01,Completed,2023-03-18 17:10:00,2023-03-18 18:54:00,0.006666666666666667,0.36365664351772387,2023-03-18 18:38:00,2023-03-18 20:22:00,104.0,11.91
J060,M01,Completed,2023-03-18 17:50:00,2023-03-18 18:56:00,0.0,0.3625104086243194,2023-03-18 20:22:00,2023-03-18 21:28:00,66.0,8.69
J076,M01,Failed,2023-03-18 20:30:00,2023-03-18 22:09:00,0.94,0.6504108262179867,2023-03-18 21:28:00,2023-03-18 23:07:00,99.0,10.01
J082,M01,Completed,2023-03-18 21:30:00,2023-03-18 21:54:00,0.006666666666666667,0.4631526464401929,2023-03-18 23:07:00,2023-03-18 23:31:00,24.0,13.39
J005,M01,Completed,2023-03-18 08:40:00,2023-03-18 09:26:00,0.0,0.34745217708065035,2023-03-18 23:31:00,2023-03-19 00:17:00,46.0,8.13
J011,M01,Completed,2023-03-18 09:40:00,2023-03-18 10:45:00,0.0,0.34171691757254313,2023-03-19 00:17:00,2023-03-19 01:22:00,65.0,9.98
J040,M01,Completed,2023-03-18 14:30:00,2023-03-18 15:20:00,0.0,0.33394960028333925,2023-03-19 01:22:00,2023-03-19 02:12:00,50.0,9.94
J058,M01,Completed,2023-03-18 17:30:00,2023-03-18 18:53:00,0.02,0.3250020695353256,2023-03-19 02:12:00,2023-03-19 03:35:00,83.0,8.42
J114,M01,Delayed,2023-03-19 02:50:00,2023-03-19 04:46:00,0.9933333333333333,0.46495269746413825,2023-03-19 03:35:00,2023-03-19 05:31:00,116.0,4.36
J111,M01,Completed,2023-03-19 02:20:00,2023-03-19 04:19:00,0.006666666666666667,0.3648825494523936,2023-03-19 05:31:00,2023-03-19 07:30:00,119.0,13.26
J132,M01,Delayed,2023-03-19 05:50:00,2023-03-19 07:00:00,1.0,0.7900133908128097,2023-03-19 07:30:00,2023-03-19 08:40:00,70.0,10.68
J146,M01,Failed,2023-03-19 08:10:00,2023-03-19 09:12:00,0.9866666666666667,0.525819042205448,2023-03-19 08:40:00,2023-03-19 09:42:00,62.0,2.21
J135,M01,Completed,2023-03-19 06:20:00,2023-03-19 06:43:00,0.013333333333333334,0.4134752803216926,2023-03-19 09:42:00,2023-03-19 10:05:00,23.0,8.31
J148,M01,Completed,2023-03-19 08:30:00,2023-03-19 09:09:00,0.0,0.40187339202700123,2023-03-19 10:05:00,2023-03-19 10:44:00,39.0,9.65
J137,M01,Completed,2023-03-19 06:40:00,2023-03-19 08:11:00,0.0,0.33684591972027034,2023-03-19 10:44:00,2023-03-19 12:15:00,91.0,11.79
J163,M01,Completed,2023-03-19 11:00:00,2023-03-19 11:43:00,0.0,0.4480632228073942,2023-03-19 12:15:00,2023-03-19 12:58:00,43.0,10.4
J174,M01,Delayed,2023-03-19 12:50:00,2023-03-19 14:43:00,1.0,0.7564055508553368,2023-03-19 12:58:00,2023-03-19 14:51:00,113.0,12.49
J182,M01,Failed,2023-03-19 14:10:00,2023-03-19 15:29:00,0.9866666666666667,0.6582557585036495,2023-03-19 14:51:00,2023-03-19 16:10:00,79.0,6.22
J186,M01,Completed,2023-03-19 14:50:00,2023-03-19 16:00:00,0.013333333333333334,0.4288856605443919,2023-03-19 16:10:00,2023-03-19 17:20:00,70.0,12.13
J162,M01,Completed,2023-03-19 10:50:00,2023-03-19 11:48:00,0.0,0.38497471897393953,2023-03-19 17:20:00,2023-03-19 18:18:00,58.0,11.7
J178,M01,Completed,2023-03-19 13:30:00,2023-03-19 14:52:00,0.0,0.36370036114383714,2023-03-19 18:18:00,2023-03-19 19:40:00,82.0,10.58
J209,M01,Delayed,2023-03-19 18:40:00,2023-03-19 20:26:00,0.9933333333333333,0.7394590481340694,2023-03-19 19:40:00,2023-03-19 21:26:00,106.0,11.95
J223,M01,Failed,2023-03-19 21:00:00,2023-03-19 21:58:00,0.9866666666666667,0.7574362965814989,2023-03-19 21:26:00,2023-03-19 22:24:00,58.0,10.74
J229,M01,Completed,2023-03-19 22:00:00,2023-03-19 22:59:00,0.0,0.4782228624567982,2023-03-19 22:24:00,2023-03-19 23:23:00,59.0,13.77
J230,M01,Completed,2023-03-19 22:10:00,2023-03-19 23:15:00,0.0,0.3788430791574073,2023-03-19 23:23:00,2023-03-20 00:28:00,65.0,11.13
J216,M01,Completed,2023-03-19 19:50:00,2023-03-19 20:32:00,0.0,0.3725036724320043,2023-03-20 00:28:00,2023-03-20 01:10:00,42.0,10.46
J208,M01,Completed,2023-03-19 18:30:00,2023-03-19 18:50:00,0.013333333333333334,0.3495649609666841,2023-03-20 01:10:00,2023-03-20 01:30:00,20.0,5.06
J077,M01,Completed,2023-03-18 20:40:00,2023-03-18 21:42:00,0.0,0.3210075071950855,2023-03-20 01:30:00,2023-03-20 02:32:00,62.0,7.46
J255,M01,Completed,2023-03-20 02:20:00,2023-03-20 02:58:00,0.0,0.4741935640790481,2023-03-20 02:32:00,2023-03-20 03:10:00,38.0,11.78
J251,M01,Completed,2023-03-20 01:40:00,2023-03-20 02:01:00,0.02,0.4103663514822258,2023-03-20 03:10:00,2023-03-20 03:31:00,21.0,8.57
J261,M01,Delayed,2023-03-20 03:20:00,2023-03-20 05:04:00,1.0,0.5525778513216619,2023-03-20 03:31:00,2023-03-20 05:15:00,104.0,4.72
J269,M01,Delayed,2023-03-20 04:40:00,2023-03-20 05:05:00,0.9933333333333333,0.7123099997355907,2023-03-20 05:15:00,2023-03-20 05:40:00,25.0,4.0
J273,M01,Delayed,2023-03-20 05:20:00,2023-03-20 06:38:00,0.9933333333333333,0.6496813425083888,2023-03-20 05:40:00,2023-03-20 06:58:00,78.0,5.42
J271,M01,Completed,2023-03-20 05:00:00,2023-03-20 05:21:00,0.0,0.40850196809564654,2023-03-20 06:58:00,2023-03-20 07:19:00,21.0,7.47
J253,M01,Completed,2023-03-20 02:00:00,2023-03-20 02:43:00,0.0,0.39965596720011254,2023-03-20 07:19:00,2023-03-20 08:02:00,43.0,9.9
J277,M01,Completed,2023-03-20 06:00:00,2023-03-20 07:16:00,0.0,0.38552465201586306,2023-03-20 08:02:00,2023-03-20 09:18:00,76.0,12.37
J285,M01,Completed,2023-03-20 07:20:00,2023-03-20 09:06:00,0.0,0.3577934504559808,2023-03-20 09:18:00,2023-03-20 11:04:00,106.0,13.31
J297,M01,Delayed,2023-03-20 09:20:00,2023-03-20 10:39:00,0.98,0.574925211636865,2023-03-20 11:04:00,2023-03-20 12:23:00,79.0,2.05
J283,M01,Completed,2023-03-20 07:00:00,2023-03-20 07:37:00,0.0,0.35434151685224,2023-03-20 12:23:00,2023-03-20 13:00:00,37.0,9.47
J167,M01,Completed,2023-03-19 11:40:00,2023-03-19 12:15:00,0.006666666666666667,0.31902871673399447,2023-03-20 13:00:00,2023-03-20 13:35:00,35.0,7.2
J321,M01,Delayed,2023-03-20 13:20:00,2023-03-20 14:30:00,1.0,0.7242543517384288,2023-03-20 13:35:00,2023-03-20 14:45:00,70.0,10.34
J124,M01,Completed,2023-03-19 04:30:00,2023-03-19 05:10:00,0.0,0.3157440246684229,2023-03-20 14:45:00,2023-03-20 15:25:00,40.0,4.42
J330,M01,Completed,2023-03-20 14:50:00,2023-03-20 15:44:00,0.006666666666666667,0.3569042189005566,2023-03-20 15:25:00,2023-03-20 16:19:00,54.0,8.66
J338,M01,Completed,2023-03-20 16:10:00,2023-03-20 17:21:00,0.006666666666666667,0.40888401031486493,2023-03-20 16:19:00,2023-03-20 17:30:00,71.0,13.97
J344,M01,Completed,2023-03-20 17:10:00,2023-03-20 18:44:00,0.0,0.42042105261159074,2023-03-20 17:30:00,2023-03-20 19:04:00,94.0,14.98
J352,M01,Completed,2023-03-20 18:30:00,2023-03-20 20:03:00,0.0,0.4217312015388119,2023-03-20 19:04:00,2023-03-20 20:37:00,93.0,14.04
J358,M01,Failed,2023-03-20 19:30:00,2023-03-20 20:36:00,0.9866666666666667,0.6910690523375541,2023-03-20 20:37:00,2023-03-20 21:43:00,66.0,8.79
J347,M01,Completed,2023-03-20 17:40:00,2023-03-20 18:53:00,0.0,0.3975304142997457,2023-03-20 21:43:00,2023-03-20 22:56:00,73.0,14.45
J378,M01,Failed,2023-03-20 22:50:00,2023-03-20 23:53:00,0.9933333333333333,0.5859305816482309,2023-03-20 22:56:00,2023-03-20 23:59:00,63.0,4.78
J383,M01,Delayed,2023-03-20 23:40:00,2023-03-21 00:45:00,0.9866666666666667,0.63803111053429,2023-03-20 23:59:00,2023-03-21 01:04:00,65.0,3.68
J384,M01,Completed,2023-03-20 23:50:00,2023-03-21 00:40:00,0.0,0.4043874528128693,2023-03-21 01:04:00,2023-03-21 01:54:00,50.0,11.62
J389,M01,Completed,2023-03-21 00:40:00,2023-03-21 01:51:00,0.0,0.3443539341694413,2023-03-21 01:54:00,2023-03-21 03:05:00,71.0,9.02
J398,M01,Completed,2023-03-21 02:10:00,2023-03-21 03:32:00,0.0,0.4187464188430912,2023-03-21 03:05:00,2023-03-21 04:27:00,82.0,13.87
J404,M01,Delayed,2023-03-21 03:10:00,2023-03-21 04:39:00,0.9933333333333333,0.685608542924366,2023-03-21 04:27:00,2023-03-21 05:56:00,89.0,11.11
J417,M01,Failed,2023-03-21 05:20:00,2023-03-21 06:10:00,0.9933333333333333,0.6934709785097214,2023-03-21 05:56:00,2023-03-21 06:46:00,50.0,6.94
J424,M01,Failed,2023-03-21 06:30:00,2023-03-21 07:34:00,1.0,0.7404827330236305,2023-03-21 06:46:00,2023-03-21 07:50:00,64.0,8.93
J412,M01,Delayed,2023-03-21 04:30:00,2023-03-21 05:16:00,1.0,0.6537217055608174,2023-03-21 07:50:00,2023-03-21 08:36:00,46.0,2.94
J429,M01,Completed,2023-03-21 07:20:00,2023-03-21 08:20:00,0.0,0.43053443166786254,2023-03-21 08:36:00,2023-03-21 09:36:00,60.0,13.16
J392,M01,Completed,2023-03-21 01:10:00,2023-03-21 02:46:00,0.006666666666666667,0.31852772252961314,2023-03-21 09:36:00,2023-03-21 11:12:00,96.0,10.86
J451,M01,Delayed,2023-03-21 11:00:00,2023-03-21 12:49:00,0.9933333333333333,0.6180875430491415,2023-03-21 11:12:00,2023-03-21 13:01:00,109.0,9.01
J379,M01,Completed,2023-03-20 23:00:00,2023-03-20 23:47:00,0.006666666666666667,0.3155700469295122,2023-03-21 13:01:00,2023-03-21 13:48:00,47.0,5.13
J465,M01,Failed,2023-03-21 13:20:00,2023-03-21 13:48:00,0.98,0.639040213869478,2023-03-21 13:48:00,2023-03-21 14:16:00,28.0,2.46
J466,M01,Completed,2023-03-21 13:30:00,2023-03-21 13:51:00,0.0,0.5014857768779917,2023-03-21 14:16:00,2023-03-21 14:37:00,21.0,11.49
J467,M01,Completed,2023-03-21 13:40:00,2023-03-21 14:17:00,0.0,0.375909507760646,2023-03-21 14:37:00,2023-03-21 15:14:00,37.0,10.63
J356,M01,Completed,2023-03-20 19:10:00,2023-03-20 20:51:00,0.006666666666666667,0.3019376158064599,2023-03-21 15:14:00,2023-03-21 16:55:00,101.0,10.12
J481,M01,Delayed,2023-03-21 16:00:00,2023-03-21 16:38:00,0.9933333333333333,0.8186193776428144,2023-03-21 16:55:00,2023-03-21 17:33:00,38.0,8.81
J487,M01,Delayed,2023-03-21 17:00:00,2023-03-21 18:40:00,1.0,0.6383484149638481,2023-03-21 17:33:00,2023-03-21 19:13:00,100.0,9.22
J491,M01,Completed,2023-03-21 17:40:00,2023-03-21 18:16:00,0.0,0.484430629369872,2023-03-21 19:13:00,2023-03-21 19:49:00,36.0,13.87
J477,M01,Completed,2023-03-21 15:20:00,2023-03-21 15:55:00,0.006666666666666667,0.4672898862225149,2023-03-21 19:49:00,2023-03-21 20:24:00,35.0,14.52
J507,M01,Delayed,2023-03-21 20:20:00,2023-03-21 20:42:00,0.9733333333333334,0.9744620915956106,2023-03-21 20:24:00,2023-03-21 20:46:00,22.0,14.51
J504,M01,Delayed,2023-03-21 19:50:00,2023-03-21 21:11:00,1.0,0.805188247766613,2023-03-21 20:46:00,2023-03-21 22:07:00,81.0,13.88
J510,M01,Failed,2023-03-21 20:50:00,2023-03-21 21:51:00,0.9933333333333333,0.8485354592821656,2023-03-21 22:07:00,2023-03-21 23:08:00,61.0,14.14
J516,M01,Failed,2023-03-21 21:50:00,2023-03-21 22:40:00,0.9866666666666667,0.6458747172382684,2023-03-21 23:08:00,2023-03-21 23:58:00,50.0,4.77
J514,M01,Failed,2023-03-21 21:30:00,2023-03-21 23:26:00,0.98,0.6440368457611237,2023-03-21 23:58:00,2023-03-22 01:54:00,116.0,9.83
J503,M01,Completed,2023-03-21 19:40:00,2023-03-21 21:10:00,0.0,0.42825061881732346,2023-03-22 01:54:00,2023-03-22 03:24:00,90.0,14.29
J497,M01,Completed,2023-03-21 18:40:00,2023-03-21 19:03:00,0.006666666666666667,0.41993899550907476,2023-03-22 03:24:00,2023-03-22 03:47:00,23.0,10.07
J480,M01,Completed,2023-03-21 15:50:00,2023-03-21 16:44:00,0.0,0.3007538043210223,2023-03-22 03:47:00,2023-03-22 04:41:00,54.0,5.21
J552,M01,Completed,2023-03-22 03:50:00,2023-03-22 04:58:00,0.0,0.39377803025784347,2023-03-22 04:41:00,2023-03-22 05:49:00,68.0,11.58
J560,M01,Delayed,2023-03-22 05:10:00,2023-03-22 06:29:00,1.0,0.8048584177958082,2023-03-22 05:49:00,2023-03-22 07:08:00,79.0,12.1
J525,M01,Completed,2023-03-21 23:20:00,2023-03-22 00:52:00,0.0,0.2991684453896878,2023-03-22 07:08:00,2023-03-22 08:40:00,92.0,10.02
J581,M01,Completed,2023-03-22 08:40:00,2023-03-22 09:47:00,0.0,0.3247558332889827,2023-03-22 08:40:00,2023-03-22 09:47:00,67.0,11.24
J586,M01,Completed,2023-03-22 09:30:00,2023-03-22 10:58:00,0.006666666666666667,0.34210796844113056,2023-03-22 09:47:00,2023-03-22 11:15:00,88.0,10.05
J592,M01,Failed,2023-03-22 10:30:00,2023-03-22 11:39:00,0.9866666666666667,0.7032973524636792,2023-03-22 11:15:00,2023-03-22 12:24:00,69.0,6.62
J601,M01,Completed,2023-03-22 12:00:00,2023-03-22 13:00:00,0.0,0.4022545956107352,2023-03-22 12:24:00,2023-03-22 13:24:00,60.0,12.62
J600,M01,Completed,2023-03-22 11:50:00,2023-03-22 12:53:00,0.0,0.3824981536209879,2023-03-22 13:24:00,2023-03-22 14:27:00,63.0,10.66
J611,M01,Failed,2023-03-22 13:40:00,2023-03-22 14:50:00,1.0,0.7249036233384785,2023-03-22 14:27:00,2023-03-22 15:37:00,70.0,7.41
J616,M01,Failed,2023-03-22 14:30:00,2023-03-22 15:15:00,0.9666666666666667,0.6630798464902373,2023-03-22 15:37:00,2023-03-22 16:22:00,45.0,6.11
J625,M01,Delayed,2023-03-22 16:00:00,2023-03-22 17:10:00,1.0,0.7497544937644961,2023-03-22 16:22:00,2023-03-22 17:32:00,70.0,11.67
J619,M01,Delayed,2023-03-22 15:00:00,2023-03-22 16:54:00,0.9733333333333334,0.6286473774900092,2023-03-22 17:32:00,2023-03-22 19:26:00,114.0,11.61
J645,M01,Delayed,2023-03-22 19:20:00,2023-03-22 20:10:00,0.9933333333333333,0.7382301393229869,2023-03-22 19:26:00,2023-03-22 20:16:00,50.0,8.42
J641,M01,Delayed,2023-03-22 18:40:00,2023-03-22 20:33:00,0.98,0.5065153589404265,2023-03-22 20:16:00,2023-03-22 22:09:00,113.0,3.17
J651,M01,Delayed,2023-03-22 20:20:00,2023-03-22 20:57:00,1.0,0.739087691839452,2023-03-22 22:09:00,2023-03-22 22:46:00,37.0,6.08
J632,M01,Completed,2023-03-22 17:10:00,2023-03-22 18:01:00,0.013333333333333334,0.4860229409057422,2023-03-22 22:46:00,2023-03-22 23:37:00,51.0,13.64
J610,M01,Failed,2023-03-22 13:30:00,2023-03-22 15:26:00,0.94,0.45756652967615774,2023-03-22 23:37:00,2023-03-23 01:33:00,116.0,2.46
J676,M01,Delayed,2023-03-23 00:30:00,2023-03-23 02:18:00,0.9933333333333333,0.7456363804386448,2023-03-23 01:33:00,2023-03-23 03:21:00,108.0,12.39
J660,M01,Delayed,2023-03-22 21:50:00,2023-03-22 23:50:00,0.98,0.4497161867641241,2023-03-23 03:21:00,2023-03-23 05:21:00,120.0,3.14
J695,M01,Delayed,2023-03-23 03:40:00,2023-03-23 05:00:00,1.0,0.6512250939409271,2023-03-23 05:21:00,2023-03-23 06:41:00,80.0,8.73
J696,M01,Delayed,2023-03-23 03:50:00,2023-03-23 05:44:00,0.98,0.6030463819408969,2023-03-23 06:41:00,2023-03-23 08:35:00,114.0,8.34
J668,M01,Completed,2023-03-22 23:10:00,2023-03-22 23:39:00,0.0,0.43406752423288864,2023-03-23 08:35:00,2023-03-23 09:04:00,29.0,11.77
J727,M01,Delayed,2023-03-23 09:00:00,2023-03-23 09:30:00,1.0,0.8978833741720186,2023-03-23 09:04:00,2023-03-23 09:34:00,30.0,12.34
J694,M01,Completed,2023-03-23 03:30:00,2023-03-23 03:53:00,0.006666666666666667,0.3881328030833995,2023-03-23 09:34:00,2023-03-23 09:57:00,23.0,9.15
J648,M01,Completed,2023-03-22 19:50:00,2023-03-22 20:46:00,0.0,0.3833098242783313,2023-03-23 09:57:00,2023-03-23 10:53:00,56.0,11.0
J738,M01,Failed,2023-03-23 10:50:00,2023-03-23 12:04:00,0.98,0.8567589980859655,2023-03-23 10:53:00,2023-03-23 12:07:00,74.0,14.94
J741,M01,Failed,2023-03-23 11:20:00,2023-03-23 11:58:00,1.0,0.8495496485719217,2023-03-23 12:07:00,2023-03-23 12:45:00,38.0,12.99
J742,M01,Completed,2023-03-23 11:30:00,2023-03-23 12:45:00,0.006666666666666667,0.42327170661758773,2023-03-23 12:45:00,2023-03-23 14:00:00,75.0,12.89
J753,M01,Failed,2023-03-23 13:20:00,2023-03-23 14:10:00,0.98,0.624764679233302,2023-03-23 14:00:00,2023-03-23 14:50:00,50.0,3.29
J740,M01,Completed,2023-03-23 11:10:00,2023-03-23 12:08:00,0.0,0.380924887378815,2023-03-23 14:50:00,2023-03-23 15:48:00,58.0,11.98
J617,M01,Completed,2023-03-22 14:40:00,2023-03-22 15:46:00,0.0,0.3592031814186777,2023-03-23 15:48:00,2023-03-23 16:54:00,66.0,11.05
J774,M01,Completed,2023-03-23 16:50:00,2023-03-23 17:59:00,0.006666666666666667,0.4764476997974564,2023-03-23 16:54:00,2023-03-23 18:03:00,69.0,13.76
J620,M01,Completed,2023-03-22 15:10:00,2023-03-22 17:02:00,0.006666666666666667,0.3581180321460646,2023-03-23 18:03:00,2023-03-23 19:55:00,112.0,13.5
J783,M01,Completed,2023-03-23 18:20:00,2023-03-23 19:33:00,0.0,0.36197062044660633,2023-03-23 19:55:00,2023-03-23 21:08:00,73.0,12.23
J796,M01,Failed,2023-03-23 20:30:00,2023-03-23 22:29:00,0.8933333333333333,0.5898288083542778,2023-03-23 21:08:00,2023-03-23 23:07:00,119.0,11.52
J800,M01,Delayed,2023-03-23 21:10:00,2023-03-23 23:06:00,1.0,0.6036255321978371,2023-03-23 23:07:00,2023-03-24 01:03:00,116.0,10.24
J795,M01,Delayed,2023-03-23 20:20:00,2023-03-23 22:09:00,1.0,0.5044128551797544,2023-03-24 01:03:00,2023-03-24 02:52:00,109.0,3.07
J818,M01,Completed,2023-03-24 00:10:00,2023-03-24 01:11:00,0.0,0.41853564905354435,2023-03-24 02:52:00,2023-03-24 03:53:00,61.0,11.59
J835,M01,Completed,2023-03-24 03:00:00,2023-03-24 04:00:00,0.0,0.45638761512631915,2023-03-24 03:53:00,2023-03-24 04:53:00,60.0,13.14
J842,M01,Delayed,2023-03-24 04:10:00,2023-03-24 05:38:00,1.0,0.8223045891196695,2023-03-24 04:53:00,2023-03-24 06:21:00,88.0,13.86
J811,M01,Completed,2023-03-23 23:00:00,2023-03-23 23:29:00,0.0,0.3569300003986522,2023-03-24 06:21:00,2023-03-24 06:50:00,29.0,7.98
J724,M01,Completed,2023-03-23 08:30:00,2023-03-23 09:02:00,0.006666666666666667,0.3527242083517512,2023-03-24 06:50:00,2023-03-24 07:22:00,32.0,9.08
J679,M01,Completed,2023-03-23 01:00:00,2023-03-23 02:16:00,0.006666666666666667,0.349332413517092,2023-03-24 07:22:00,2023-03-24 08:38:00,76.0,10.69
J862,M01,Delayed,2023-03-24 07:30:00,2023-03-24 08:26:00,0.9933333333333333,0.6156145486980222,2023-03-24 08:38:00,2023-03-24 09:34:00,56.0,2.5
J870,M01,Completed,2023-03-24 08:50:00,2023-03-24 10:09:00,0.0,0.3753611978913405,2023-03-24 09:34:00,2023-03-24 10:53:00,79.0,12.19
J640,M01,Completed,2023-03-22 18:30:00,2023-03-22 19:06:00,0.0,0.3423578298034965,2023-03-24 10:53:00,2023-03-24 11:29:00,36.0,6.59
J827,M01,Completed,2023-03-24 01:40:00,2023-03-24 03:19:00,0.013333333333333334,0.33600760186858125,2023-03-24 11:29:00,2023-03-24 13:08:00,99.0,12.67
J890,M01,Completed,2023-03-24 12:10:00,2023-03-24 12:40:00,0.0,0.4863101083299458,2023-03-24 13:08:00,2023-03-24 13:38:00,30.0,13.66
J894,M01,Completed,2023-03-24 12:50:00,2023-03-24 13:58:00,0.0,0.36740137157281016,2023-03-24 13:38:00,2023-03-24 14:46:00,68.0,12.26
J822,M01,Completed,2023-03-24 00:50:00,2023-03-24 02:20:00,0.02,0.3294900782971461,2023-03-24 14:46:00,2023-03-24 16:16:00,90.0,12.86
J906,M01,Delayed,2023-03-24 14:50:00,2023-03-24 15:50:00,1.0,0.5904946634003223,2023-03-24 16:16:00,2023-03-24 17:16:00,60.0,3.92
J916,M01,Completed,2023-03-24 16:30:00,2023-03-24 17:01:00,0.006666666666666667,0.3462228083603737,2023-03-24 17:16:00,2023-03-24 17:47:00,31.0,8.94
J832,M01,Completed,2023-03-24 02:30:00,2023-03-24 04:10:00,0.0,0.32671022195577315,2023-03-24 17:47:00,2023-03-24 19:27:00,100.0,12.13
J932,M01,Failed,2023-03-24 19:10:00,2023-03-24 19:51:00,0.9933333333333333,0.7324586829266416,2023-03-24 19:27:00,2023-03-24 20:08:00,41.0,8.53
J929,M01,Failed,2023-03-24 18:40:00,2023-03-24 20:15:00,0.9666666666666667,0.6697227065259517,2023-03-24 20:08:00,2023-03-24 21:43:00,95.0,7.99
J735,M01,Completed,2023-03-23 10:20:00,2023-03-23 11:14:00,0.013333333333333334,0.32244878192769744,2023-03-24 21:43:00,2023-03-24 22:37:00,54.0,6.6
J670,M01,Completed,2023-03-22 23:30:00,2023-03-23 00:54:00,0.013333333333333334,0.3183591824425024,2023-03-24 22:37:00,2023-03-25 00:01:00,84.0,10.61
J956,M01,Completed,2023-03-24 23:10:00,2023-03-25 00:01:00,0.0,0.30356425759278377,2023-03-25 00:01:00,2023-03-25 00:52:00,51.0,7.12
J962,M01,Completed,2023-03-25 00:10:00,2023-03-25 01:17:00,0.0,0.32371699873183957,2023-03-25 00:52:00,2023-03-25 01:59:00,67.0,10.74
J652,M01,Completed,2023-03-22 20:30:00,2023-03-22 20:55:00,0.0,0.2974544495383043,2023-03-25 01:59:00,2023-03-25 02:24:00,25.0,3.47
J688,M01,Completed,2023-03-23 02:30:00,2023-03-23 03:32:00,0.0,0.29492302072970755,2023-03-25 02:24:00,2023-03-25 03:26:00,62.0,7.47
J977,M01,Failed,2023-03-25 02:40:00,2023-03-25 03:58:00,0.9866666666666667,0.6256658140988892,2023-03-25 03:26:00,2023-03-25 04:44:00,78.0,7.0
J982,M01,Completed,2023-03-25 03:30:00,2023-03-25 03:57:00,0.013333333333333334,0.467107386796275,2023-03-25 04:44:00,2023-03-25 05:11:00,27.0,13.25
J371,M01,Completed,2023-03-20 21:40:00,2023-03-20 22:12:00,0.0,0.28871354948489913,2023-03-25 05:11:00,2023-03-25 05:43:00,32.0,4.38
J703,M01,Completed,2023-03-23 05:00:00,2023-03-23 05:41:00,0.0,0.2854479568192955,2023-03-25 05:43:00,2023-03-25 06:24:00,41.0,7.52
J495,M01,Completed,2023-03-21 18:20:00,2023-03-21 19:04:00,0.0,0.28483285313928347,2023-03-25 06:24:00,2023-03-25 07:08:00,44.0,6.16
J256,M01,Completed,2023-03-20 02:30:00,2023-03-20 03:30:00,0.006666666666666667,0.2787556168692022,2023-03-25 07:08:00,2023-03-25 08:08:00,60.0,4.89
J606,M01,Completed,2023-03-22 12:50:00,2023-03-22 14:33:00,0.0,0.2763527979436759,2023-03-25 08:08:00,2023-03-25 09:51:00,103.0,11.35
J823,M01,Completed,2023-03-24 01:00:00,2023-03-24 02:34:00,0.0,0.2756821815436131,2023-03-25 09:51:00,2023-03-25 11:25:00,94.0,8.95
J241,M01,Completed,2023-03-20 00:00:00,2023-03-20 01:35:00,0.02,0.2738138213523055,2023-03-25 11:25:00,2023-03-25 13:00:00,95.0,9.52
J308,M01,Completed,2023-03-20 11:10:00,2023-03-20 12:00:00,0.0,0.27238242096957593,2023-03-25 13:00:00,2023-03-25 13:50:00,50.0,3.41
J248,M01,Completed,2023-03-20 01:10:00,2023-03-20 02:01:00,0.0,0.2686943148124031,2023-03-25 13:50:00,2023-03-25 14:41:00,51.0,5.84
J416,M01,Completed,2023-03-21 05:10:00,2023-03-21 06:57:00,0.0,0.2669041106894943,2023-03-25 14:41:00,2023-03-25 16:28:00,107.0,11.97
J614,M01,Completed,2023-03-22 14:10:00,2023-03-22 15:27:00,0.0,0.26631895466754507,2023-03-25 16:28:00,2023-03-25 17:45:00,77.0,5.71
J927,M01,Completed,2023-03-24 18:20:00,2023-03-24 19:20:00,0.0,0.26590350200465696,2023-03-25 17:45:00,2023-03-25 18:45:00,60.0,6.27
J381,M01,Completed,2023-03-20 23:20:00,2023-03-21 00:49:00,0.0,0.26550200867663476,2023-03-25 18:45:00,2023-03-25 20:14:00,89.0,7.85
J541,M01,Completed,2023-03-22 02:00:00,2023-03-22 02:53:00,0.0,0.26412214421714747,2023-03-25 20:14:00,2023-03-25 21:07:00,53.0,4.45
J498,M01,Completed,2023-03-21 18:50:00,2023-03-21 20:27:00,0.0,0.2621668627927348,2023-03-25 21:07:00,2023-03-25 22:44:00,97.0,8.17
J921,M01,Completed,2023-03-24 17:20:00,2023-03-24 18:50:00,0.0,0.2597443493011857,2023-03-25 22:44:00,2023-03-26 00:14:00,90.0,7.46
J471,M01,Completed,2023-03-21 14:20:00,2023-03-21 14:42:00,0.013333333333333334,0.25540954158415813,2023-03-26 00:14:00,2023-03-26 00:36:00,22.0,2.3
J237,M01,Completed,2023-03-19 23:20:00,2023-03-20 00:43:00,0.0,0.25443257719712326,2023-03-26 00:36:00,2023-03-26 01:59:00,83.0,6.17
J232,M01,Completed,2023-03-19 22:30:00,2023-03-20 00:16:00,0.0,0.2523071054558729,2023-03-26 01:59:00,2023-03-26 03:45:00,106.0,11.48
J846,M01,Completed,2023-03-24 04:50:00,2023-03-24 06:21:00,0.0,0.2523026417165486,2023-03-26 03:45:00,2023-03-26 05:16:00,91.0,8.59
J026,M01,Completed,2023-03-18 12:10:00,2023-03-18 12:31:00,0.0,0.25201128109539905,2023-03-26 05:16:00,2023-03-26 05:37:00,21.0,3.89
J802,M01,Completed,2023-03-23 21:30:00,2023-03-23 23:24:00,0.0,0.2502583289280573,2023-03-26 05:37:00,2023-03-26 07:31:00,114.0,8.67
J536,M01,Completed,2023-03-22 01:10:00,2023-03-22 02:50:00,0.0,0.2494631335400834,2023-03-26 07:31:00,2023-03-26 09:11:00,100.0,6.97
J038,M01,Completed,2023-03-18 14:10:00,2023-03-18 14:53:00,0.0,0.2490127825336355,2023-03-26 09:11:00,2023-03-26 09:54:00,43.0,4.98
J531,M01,Completed,2023-03-22 00:20:00,2023-03-22 01:50:00,0.02,0.24749519131756317,2023-03-26 09:54:00,2023-03-26 11:24:00,90.0,8.86
J866,M01,Completed,2023-03-24 08:10:00,2023-03-24 08:43:00,0.006666666666666667,0.24520134182695916,2023-03-26 11:24:00,2023-03-26 11:57:00,33.0,2.47
J160,M01,Completed,2023-03-19 10:30:00,2023-03-19 12:28:00,0.006666666666666667,0.2446896346372111,2023-03-26 11:57:00,2023-03-26 13:55:00,118.0,9.57
J954,M01,Completed,2023-03-24 22:50:00,2023-03-24 23:29:00,0.0,0.24412068335869924,2023-03-26 13:55:00,2023-03-26 14:34:00,39.0,3.74
J431,M01,Completed,2023-03-21 07:40:00,2023-03-21 08:28:00,0.006666666666666667,0.23937859297253794,2023-03-26 14:34:00,2023-03-26 15:22:00,48.0,2.15
J246,M01,Completed,2023-03-20 00:50:00,2023-03-20 01:30:00,0.0,0.2307300247548486,2023-03-26 15:22:00,2023-03-26 16:02:00,40.0,3.02
J539,M01,Completed,2023-03-22 01:40:00,2023-03-22 03:36:00,0.013333333333333334,0.22758078695700074,2023-03-26 16:02:00,2023-03-26 17:58:00,116.0,10.59
J700,M01,Completed,2023-03-23 04:30:00,2023-03-23 06:15:00,0.0,0.22493973947286333,2023-03-26 17:58:00,2023-03-26 19:43:00,105.0,8.39
J667,M01,Completed,2023-03-22 23:00:00,2023-03-23 00:11:00,0.0,0.2140004869512958,2023-03-26 19:43:00,2023-03-26 20:54:00,71.0,6.57
J133,M01,Completed,2023-03-19 06:00:00,2023-03-19 07:25:00,0.006666666666666667,0.21359512504634742,2023-03-26 20:54:00,2023-03-26 22:19:00,85.0,6.51
J387,M01,Completed,2023-03-21 00:20:00,2023-03-21 01:02:00,0.0,0.21290053970833225,2023-03-26 22:19:00,2023-03-26 23:01:00,42.0,4.47
J326,M01,Completed,2023-03-20 14:10:00,2023-03-20 15:10:00,0.006666666666666667,0.21212817703186537,2023-03-26 23:01:00,2023-03-27 00:01:00,60.0,4.74
J946,M01,Completed,2023-03-24 21:30:00,2023-03-24 22:15:00,0.0,0.20708314734659447,2023-03-27 00:01:00,2023-03-27 00:46:00,45.0,2.43
J234,M01,Completed,2023-03-19 22:50:00,2023-03-20 00:41:00,0.0,0.20691774539702062,2023-03-27 00:46:00,2023-03-27 02:37:00,111.0,9.95
J475,M01,Completed,2023-03-21 15:00:00,2023-03-21 16:46:00,0.013333333333333334,0.20241988934242666,2023-03-27 02:37:00,2023-03-27 04:23:00,106.0,8.41
J627,M01,Completed,2023-03-22 16:20:00,2023-03-22 17:32:00,0.0,0.2018353284907955,2023-03-27 04:23:00,2023-03-27 05:35:00,72.0,3.4
J992,M01,Completed,2023-03-25 05:10:00,2023-03-25 06:33:00,0.0,0.198270583935972,2023-03-27 05:35:00,2023-03-27 06:58:00,83.0,6.7
J567,M01,Completed,2023-03-22 06:20:00,2023-03-22 07:48:00,0.0,0.1980421214914938,2023-03-27 06:58:00,2023-03-27 08:26:00,88.0,7.35
J769,M01,Completed,2023-03-23 16:00:00,2023-03-23 16:59:00,0.0,0.19648362618269277,2023-03-27 08:26:00,2023-03-27 09:25:00,59.0,4.32
J779,M01,Completed,2023-03-23 17:40:00,2023-03-23 18:44:00,0.0,0.18874390293528126,2023-03-27 09:25:00,2023-03-27 10:29:00,64.0,3.28
J809,M01,Completed,2023-03-23 22:40:00,2023-03-24 00:13:00,0.0,0.18573720731839125,2023-03-27 10:29:00,2023-03-27 12:02:00,93.0,5.43
J447,M01,Completed,2023-03-21 10:20:00,2023-03-21 11:33:00,0.0,0.18306383151502192,2023-03-27 12:02:00,2023-03-27 13:15:00,73.0,3.13
J551,M01,Completed,2023-03-22 03:40:00,2023-03-22 05:05:00,0.0,0.17715821937184398,2023-03-27 13:15:00,2023-03-27 14:40:00,85.0,5.05
J527,M01,Completed,2023-03-21 23:40:00,2023-03-22 00:47:00,0.006666666666666667,0.17714047261490506,2023-03-27 14:40:00,2023-03-27 15:47:00,67.0,3.15
J940,M01,Completed,2023-03-24 20:30:00,2023-03-24 21:57:00,0.0,0.1770295012768113,2023-03-27 15:47:00,2023-03-27 17:14:00,87.0,5.9
J692,M01,Completed,2023-03-23 03:10:00,2023-03-23 04:33:00,0.006666666666666667,0.17694666504090037,2023-03-27 17:14:00,2023-03-27 18:37:00,83.0,4.07
J126,M01,Completed,2023-03-19 04:50:00,2023-03-19 06:00:00,0.0,0.17604187801862747,2023-03-27 18:37:00,2023-03-27 19:47:00,70.0,5.07
J422,M01,Completed,2023-03-21 06:10:00,2023-03-21 08:09:00,0.02,0.17261818770890147,2023-03-27 19:47:00,2023-03-27 21:46:00,119.0,6.31
J323,M01,Completed,2023-03-20 13:40:00,2023-03-20 15:10:00,0.0,0.17056689526302876,2023-03-27 21:46:00,2023-03-27 23:16:00,90.0,5.88
J533,M01,Completed,2023-03-22 00:40:00,2023-03-22 02:32:00,0.02666666666666667,0.17042757238667158,2023-03-27 23:16:00,2023-03-28 01:08:00,112.0,6.86
J538,M01,Completed,2023-03-22 01:30:00,2023-03-22 02:45:00,0.0,0.16189059773815986,2023-03-28 01:08:00,2023-03-28 02:23:00,75.0,2.16
J191,M01,Completed,2023-03-19 15:40:00,2023-03-19 17:34:00,0.006666666666666667,0.155193388245819,2023-03-28 02:23:00,2023-03-28 04:17:00,114.0,5.81
J720,M01,Completed,2023-03-23 07:50:00,2023-03-23 09:21:00,0.0,0.14423138416759776,2023-03-28 04:17:00,2023-03-28 05:48:00,91.0,2.78
J666,M01,Completed,2023-03-22 22:50:00,2023-03-23 00:01:00,0.006666666666666667,0.13386067713748598,2023-03-28 05:48:00,2023-03-28 06:59:00,71.0,2.99
J393,M01,Completed,2023-03-21 01:20:00,2023-03-21 02:29:00,0.006666666666666667,0.1275697223034526,2023-03-28 06:59:00,2023-03-28 08:08:00,69.0,2.09
J212,M01,Completed,2023-03-19 19:10:00,2023-03-19 20:46:00,0.0,0.10553763746544696,2023-03-28 08:08:00,2023-03-28 09:44:00,96.0,4.27
J449,M01,Completed,2023-03-21 10:40:00,2023-03-21 12:38:00,0.0,0.08924530292771868,2023-03-28 09:44:00,2023-03-28 11:42:00,118.0,3.42
J455,M01,Completed,2023-03-21 11:40:00,2023-03-21 13:27:00,0.02,0.07870640749554472,2023-03-28 11:42:00,2023-03-28 13:29:00,107.0,2.35
J631,M01,Completed,2023-03-22 17:00:00,2023-03-22 18:45:00,0.02,0.06286710221700073,2023-03-28 13:29:00,2023-03-28 15:14:00,105.0,2.63
J113,M01,Completed,2023-03-19 02:40:00,2023-03-19 04:23:00,0.0,0.06060390375087267,2023-03-28 15:14:00,2023-03-28 16:57:00,103.0,2.25
J006,M02,Completed,2023-03-18 08:50:00,2023-03-18 10:30:00,0.006666666666666667,0.38448787347976615,2023-03-18 08:50:00,2023-03-18 10:30:00,100.0,13.83
J009,M02,Completed,2023-03-18 09:20:00,2023-03-18 10:02:00,0.0,0.4117237349231747,2023-03-18 10:30:00,2023-03-18 11:12:00,42.0,8.97
J019,M02,Completed,2023-03-18 11:00:00,2023-03-18 11:52:00,0.013333333333333334,0.2599511964117987,2023-03-18 11:12:00,2023-03-18 12:04:00,52.0,3.27
J024,M02,Delayed,2023-03-18 11:50:00,2023-03-18 13:14:00,0.9733333333333334,0.6238825355514575,2023-03-18 12:04:00,2023-03-18 13:28:00,84.0,8.81
J021,M02,Completed,2023-03-18 11:20:00,2023-03-18 13:07:00,0.0,0.3812976504300732,2023-03-18 13:28:00,2023-03-18 15:15:00,107.0,13.73
J039,M02,Failed,2023-03-18 14:20:00,2023-03-18 15:08:00,0.9933333333333333,0.8096001835497666,2023-03-18 15:15:00,2023-03-18 16:03:00,48.0,10.65
J035,M02,Completed,2023-03-18 13:40:00,2023-03-18 14:27:00,0.013333333333333334,0.47465435753701063,2023-03-18 16:03:00,2023-03-18 16:50:00,47.0,12.12
J047,M02,Completed,2023-03-18 15:40:00,2023-03-18 16:05:00,0.0,0.45057704012017613,2023-03-18 16:50:00,2023-03-18 17:15:00,25.0,10.09
J049,M02,Completed,2023-03-18 16:00:00,2023-03-18 16:33:00,0.006666666666666667,0.40480853249863613,2023-03-18 17:15:00,2023-03-18 17:48:00,33.0,7.55
J057,M02,Completed,2023-03-18 17:20:00,2023-03-18 17:51:00,0.013333333333333334,0.35630334508986894,2023-03-18 17:48:00,2023-03-18 18:19:00,31.0,6.53
J062,M02,Delayed,2023-03-18 18:10:00,2023-03-18 19:48:00,1.0,0.7166656652942756,2023-03-18 18:19:00,2023-03-18 19:57:00,98.0,9.93
J063,M02,Failed,2023-03-18 18:20:00,2023-03-18 19:07:00,0.9933333333333333,0.7595570069924638,2023-03-18 19:57:00,2023-03-18 20:44:00,47.0,8.4
J067,M02,Delayed,2023-03-18 19:00:00,2023-03-18 19:23:00,1.0,0.7141193032542044,2023-03-18 20:44:00,2023-03-18 21:07:00,23.0,3.79
J061,M02,Failed,2023-03-18 18:00:00,2023-03-18 19:50:00,0.98,0.6164312782607448,2023-03-18 21:07:00,2023-03-18 22:57:00,110.0,6.98
J090,M02,Delayed,2023-03-18 22:50:00,2023-03-18 23:17:00,1.0,0.8249360057550611,2023-03-18 22:57:00,2023-03-18 23:24:00,27.0,12.34
J091,M02,Completed,2023-03-18 23:00:00,2023-03-19 00:00:00,0.013333333333333334,0.5007543453592824,2023-03-18 23:24:00,2023-03-19 00:24:00,60.0,14.6
J078,M02,Delayed,2023-03-18 20:50:00,2023-03-18 22:37:00,0.9933333333333333,0.48035966901910543,2023-03-19 00:24:00,2023-03-19 02:11:00,107.0,2.2
J100,M02,Completed,2023-03-19 00:30:00,2023-03-19 00:57:00,0.006666666666666667,0.44107911643322806,2023-03-19 02:11:00,2023-03-19 02:38:00,27.0,12.24
J081,M02,Completed,2023-03-18 21:20:00,2023-03-18 22:29:00,0.0,0.3844899565658414,2023-03-19 02:38:00,2023-03-19 03:47:00,69.0,11.72
J118,M02,Failed,2023-03-19 03:30:00,2023-03-19 04:38:00,0.9533333333333334,0.8033911992669708,2023-03-19 03:47:00,2023-03-19 04:55:00,68.0,12.12
J064,M02,Completed,2023-03-18 18:30:00,2023-03-18 19:41:00,0.0,0.3073454530620403,2023-03-19 04:55:00,2023-03-19 06:06:00,71.0,7.42
J117,M02,Completed,2023-03-19 03:20:00,2023-03-19 04:27:00,0.0,0.2793798644597074,2023-03-19 06:06:00,2023-03-19 07:13:00,67.0,5.41
J068,M02,Completed,2023-03-18 19:10:00,2023-03-18 21:06:00,0.013333333333333334,0.27929121182191907,2023-03-19 07:13:00,2023-03-19 09:09:00,116.0,9.64
J151,M02,Failed,2023-03-19 09:00:00,2023-03-19 09:20:00,0.9533333333333334,0.923791637522201,2023-03-19 09:09:00,2023-03-19 09:29:00,20.0,13.63
J085,M02,Completed,2023-03-18 22:00:00,2023-03-18 22:44:00,0.0,0.24615249766670955,2023-03-19 09:29:00,2023-03-19 10:13:00,44.0,3.35
J154,M02,Completed,2023-03-19 09:30:00,2023-03-19 11:21:00,0.006666666666666667,0.25158416858325117,2023-03-19 10:13:00,2023-03-19 12:04:00,111.0,7.67
J112,M02,Completed,2023-03-19 02:30:00,2023-03-19 03:44:00,0.0,0.23124846812094457,2023-03-19 12:04:00,2023-03-19 13:18:00,74.0,7.12
J172,M02,Failed,2023-03-19 12:30:00,2023-03-19 13:51:00,0.98,0.7920508862536262,2023-03-19 13:18:00,2023-03-19 14:39:00,81.0,11.61
J173,M02,Completed,2023-03-19 12:40:00,2023-03-19 13:44:00,0.0,0.43578363022319316,2023-03-19 14:39:00,2023-03-19 15:43:00,64.0,12.14
J188,M02,Completed,2023-03-19 15:10:00,2023-03-19 16:40:00,0.006666666666666667,0.31272144894456144,2023-03-19 15:43:00,2023-03-19 17:13:00,90.0,9.18
J196,M02,Completed,2023-03-19 16:30:00,2023-03-19 17:26:00,0.0,0.3175589010999603,2023-03-19 17:13:00,2023-03-19 18:09:00,56.0,8.84
J202,M02,Failed,2023-03-19 17:30:00,2023-03-19 18:52:00,0.9266666666666666,0.6816218259657806,2023-03-19 18:09:00,2023-03-19 19:31:00,82.0,10.12
J195,M02,Completed,2023-03-19 16:20:00,2023-03-19 17:48:00,0.013333333333333334,0.25531312474332835,2023-03-19 19:31:00,2023-03-19 20:59:00,88.0,7.32
J221,M02,Delayed,2023-03-19 20:40:00,2023-03-19 22:15:00,1.0,0.7408817915762658,2023-03-19 20:59:00,2023-03-19 22:34:00,95.0,10.49
J231,M02,Failed,2023-03-19 22:20:00,2023-03-19 22:56:00,0.9733333333333334,0.9442058727914071,2023-03-19 22:34:00,2023-03-19 23:10:00,36.0,14.64
J236,M02,Completed,2023-03-19 23:10:00,2023-03-19 23:36:00,0.0,0.3333759688293954,2023-03-19 23:10:00,2023-03-19 23:36:00,26.0,7.84
J228,M02,Completed,2023-03-19 21:50:00,2023-03-19 23:07:00,0.006666666666666667,0.32756209334735203,2023-03-19 23:36:00,2023-03-20 00:53:00,77.0,8.47
J240,M02,Failed,2023-03-19 23:50:00,2023-03-20 00:12:00,0.96,0.7903193600734644,2023-03-20 00:53:00,2023-03-20 01:15:00,22.0,9.51
J247,M02,Completed,2023-03-20 01:00:00,2023-03-20 02:24:00,0.0,0.33476427381709556,2023-03-20 01:15:00,2023-03-20 02:39:00,84.0,12.46
J245,M02,Completed,2023-03-20 00:40:00,2023-03-20 01:05:00,0.006666666666666667,0.3013385004496446,2023-03-20 02:39:00,2023-03-20 03:04:00,25.0,2.84
J215,M02,Completed,2023-03-19 19:40:00,2023-03-19 20:23:00,0.0,0.29070819299219575,2023-03-20 03:04:00,2023-03-20 03:47:00,43.0,6.1
J243,M02,Completed,2023-03-20 00:20:00,2023-03-20 01:16:00,0.0,0.2576595382033649,2023-03-20 03:47:00,2023-03-20 04:43:00,56.0,4.43
J267,M02,Completed,2023-03-20 04:20:00,2023-03-20 06:01:00,0.0,0.2823330763204841,2023-03-20 04:43:00,2023-03-20 06:24:00,101.0,8.25
J276,M02,Failed,2023-03-20 05:50:00,2023-03-20 07:08:00,1.0,0.5564018987207814,2023-03-20 06:24:00,2023-03-20 07:42:00,78.0,4.23
J284,M02,Delayed,2023-03-20 07:10:00,2023-03-20 08:21:00,1.0,0.8707062447611814,2023-03-20 07:42:00,2023-03-20 08:53:00,71.0,13.8
J288,M02,Completed,2023-03-20 07:50:00,2023-03-20 08:26:00,0.0,0.36271655236057204,2023-03-20 08:53:00,2023-03-20 09:29:00,36.0,6.56
J295,M02,Completed,2023-03-20 09:00:00,2023-03-20 09:39:00,0.0,0.3850369678904685,2023-03-20 09:29:00,2023-03-20 10:08:00,39.0,10.97
J200,M02,Completed,2023-03-19 17:10:00,2023-03-19 18:34:00,0.006666666666666667,0.23860774526098996,2023-03-20 10:08:00,2023-03-20 11:32:00,84.0,7.96
J307,M02,Delayed,2023-03-20 11:00:00,2023-03-20 12:29:00,0.9933333333333333,0.5793227822700462,2023-03-20 11:32:00,2023-03-20 13:01:00,89.0,6.97
J311,M02,Failed,2023-03-20 11:40:00,2023-03-20 13:05:00,0.98,0.7807477169960697,2023-03-20 13:01:00,2023-03-20 14:26:00,85.0,13.06
J316,M02,Completed,2023-03-20 12:30:00,2023-03-20 14:15:00,0.0,0.3762727752120991,2023-03-20 14:26:00,2023-03-20 16:11:00,105.0,14.25
J333,M02,Delayed,2023-03-20 15:20:00,2023-03-20 16:21:00,1.0,0.8100342486621869,2023-03-20 16:11:00,2023-03-20 17:12:00,61.0,11.45
J337,M02,Delayed,2023-03-20 16:00:00,2023-03-20 17:18:00,0.9933333333333333,0.749993804455465,2023-03-20 17:12:00,2023-03-20 18:30:00,78.0,13.17
J343,M02,Completed,2023-03-20 17:00:00,2023-03-20 18:40:00,0.0,0.2809690378500934,2023-03-20 18:30:00,2023-03-20 20:10:00,100.0,10.38
J362,M02,Completed,2023-03-20 20:10:00,2023-03-20 21:00:00,0.013333333333333334,0.47541895600251616,2023-03-20 20:10:00,2023-03-20 21:00:00,50.0,12.64
J353,M02,Completed,2023-03-20 18:40:00,2023-03-20 19:16:00,0.0,0.3387746621702195,2023-03-20 21:00:00,2023-03-20 21:36:00,36.0,5.98
J318,M02,Completed,2023-03-20 12:50:00,2023-03-20 14:17:00,0.0,0.2769524002667941,2023-03-20 21:36:00,2023-03-20 23:03:00,87.0,10.22
J374,M02,Completed,2023-03-20 22:10:00,2023-03-20 22:58:00,0.0,0.27601720569313154,2023-03-20 23:03:00,2023-03-20 23:51:00,48.0,7.49
J348,M02,Completed,2023-03-20 17:50:00,2023-03-20 19:22:00,0.02666666666666667,0.26559536851099375,2023-03-20 23:51:00,2023-03-21 01:23:00,92.0,8.79
J385,M02,Completed,2023-03-21 00:00:00,2023-03-21 00:59:00,0.0,0.2599336931358661,2023-03-21 01:23:00,2023-03-21 02:22:00,59.0,3.65
J394,M02,Completed,2023-03-21 01:30:00,2023-03-21 02:44:00,0.0,0.3087917867042945,2023-03-21 02:22:00,2023-03-21 03:36:00,74.0,10.7
J400,M02,Delayed,2023-03-21 02:30:00,2023-03-21 02:54:00,0.9933333333333333,0.61547463067145,2023-03-21 03:36:00,2023-03-21 04:00:00,24.0,2.23
J407,M02,Delayed,2023-03-21 03:40:00,2023-03-21 05:40:00,0.9933333333333333,0.6736917308454455,2023-03-21 04:00:00,2023-03-21 06:00:00,120.0,11.91
J415,M02,Delayed,2023-03-21 05:00:00,2023-03-21 05:33:00,1.0,0.7343579105626931,2023-03-21 06:00:00,2023-03-21 06:33:00,33.0,7.35
J420,M02,Completed,2023-03-21 05:50:00,2023-03-21 07:45:00,0.0,0.3203071866100462,2023-03-21 06:33:00,2023-03-21 08:28:00,115.0,12.24
J425,M02,Delayed,2023-03-21 06:40:00,2023-03-21 08:30:00,1.0,0.6580189096250462,2023-03-21 08:28:00,2023-03-21 10:18:00,110.0,10.48
J439,M02,Delayed,2023-03-21 09:00:00,2023-03-21 10:55:00,0.9933333333333333,0.5358241822619236,2023-03-21 10:18:00,2023-03-21 12:13:00,115.0,7.11
J457,M02,Delayed,2023-03-21 12:00:00,2023-03-21 13:41:00,0.9933333333333333,0.7495645547674176,2023-03-21 12:13:00,2023-03-21 13:54:00,101.0,14.23
J463,M02,Completed,2023-03-21 13:00:00,2023-03-21 13:28:00,0.006666666666666667,0.5415625802913846,2023-03-21 13:54:00,2023-03-21 14:22:00,28.0,13.03
J459,M02,Completed,2023-03-21 12:20:00,2023-03-21 13:53:00,0.0,0.3371311122703611,2023-03-21 14:22:00,2023-03-21 15:55:00,93.0,10.61
J461,M02,Completed,2023-03-21 12:40:00,2023-03-21 13:30:00,0.006666666666666667,0.33684756995426046,2023-03-21 15:55:00,2023-03-21 16:45:00,50.0,9.95
J421,M02,Completed,2023-03-21 06:00:00,2023-03-21 07:36:00,0.0,0.3151143935281253,2023-03-21 16:45:00,2023-03-21 18:21:00,96.0,9.69
J493,M02,Completed,2023-03-21 18:00:00,2023-03-21 19:40:00,0.013333333333333334,0.3207178238406415,2023-03-21 18:21:00,2023-03-21 20:01:00,100.0,9.82
J505,M02,Completed,2023-03-21 20:00:00,2023-03-21 21:14:00,0.0,0.40698600006437546,2023-03-21 20:01:00,2023-03-21 21:15:00,74.0,13.58
J511,M02,Completed,2023-03-21 21:00:00,2023-03-21 22:14:00,0.006666666666666667,0.33691395797364776,2023-03-21 21:15:00,2023-03-21 22:29:00,74.0,9.07
J519,M02,Completed,2023-03-21 22:20:00,2023-03-21 23:56:00,0.0,0.3853655804714482,2023-03-21 22:29:00,2023-03-22 00:05:00,96.0,14.32
J435,M02,Completed,2023-03-21 08:20:00,2023-03-21 09:11:00,0.0,0.3034587509593356,2023-03-22 00:05:00,2023-03-22 00:56:00,51.0,4.84
J523,M02,Completed,2023-03-21 23:00:00,2023-03-21 23:52:00,0.0,0.2974008034682212,2023-03-22 00:56:00,2023-03-22 01:48:00,52.0,6.94
J537,M02,Completed,2023-03-22 01:20:00,2023-03-22 02:08:00,0.006666666666666667,0.47044218099086316,2023-03-22 01:48:00,2023-03-22 02:36:00,48.0,13.96
J535,M02,Completed,2023-03-22 01:00:00,2023-03-22 01:45:00,0.02,0.3198634094739236,2023-03-22 02:36:00,2023-03-22 03:21:00,45.0,6.96
J501,M02,Completed,2023-03-21 19:20:00,2023-03-21 20:08:00,0.0,0.2807081929922957,2023-03-22 03:21:00,2023-03-22 04:09:00,48.0,6.1
J550,M02,Completed,2023-03-22 03:30:00,2023-03-22 04:01:00,0.006666666666666667,0.3162751558860786,2023-03-22 04:09:00,2023-03-22 04:40:00,31.0,6.28
J555,M02,Delayed,2023-03-22 04:20:00,2023-03-22 04:57:00,0.98,0.8170634253134154,2023-03-22 04:40:00,2023-03-22 05:17:00,37.0,12.3
J526,M02,Completed,2023-03-21 23:30:00,2023-03-22 00:46:00,0.0,0.2802736679706814,2023-03-22 05:17:00,2023-03-22 06:33:00,76.0,9.64
J564,M02,Completed,2023-03-22 05:50:00,2023-03-22 07:42:00,0.013333333333333334,0.3351100650418051,2023-03-22 06:33:00,2023-03-22 08:25:00,112.0,12.39
J569,M02,Completed,2023-03-22 06:40:00,2023-03-22 07:32:00,0.0,0.34631530251005943,2023-03-22 08:25:00,2023-03-22 09:17:00,52.0,10.42
J583,M02,Completed,2023-03-22 09:00:00,2023-03-22 09:56:00,0.0,0.4930732459324799,2023-03-22 09:17:00,2023-03-22 10:13:00,56.0,13.47
J574,M02,Completed,2023-03-22 07:30:00,2023-03-22 07:53:00,0.0,0.28299484640527783,2023-03-22 10:13:00,2023-03-22 10:36:00,23.0,5.63
J396,M02,Completed,2023-03-21 01:50:00,2023-03-21 02:57:00,0.006666666666666667,0.2739428099854534,2023-03-22 10:36:00,2023-03-22 11:43:00,67.0,6.88
J596,M02,Completed,2023-03-22 11:10:00,2023-03-22 11:31:00,0.0,0.26369816986693,2023-03-22 11:43:00,2023-03-22 12:04:00,21.0,3.03
J559,M02,Completed,2023-03-22 05:00:00,2023-03-22 06:54:00,0.02,0.25507284013988385,2023-03-22 12:04:00,2023-03-22 13:58:00,114.0,9.67
J604,M02,Delayed,2023-03-22 12:30:00,2023-03-22 14:14:00,1.0,0.585138821980835,2023-03-22 13:58:00,2023-03-22 15:42:00,104.0,4.99
J615,M02,Delayed,2023-03-22 14:20:00,2023-03-22 15:13:00,1.0,0.8660537268074093,2023-03-22 15:42:00,2023-03-22 16:35:00,53.0,12.27
J618,M02,Completed,2023-03-22 14:50:00,2023-03-22 16:24:00,0.0,0.39417019030003053,2023-03-22 16:35:00,2023-03-22 18:09:00,94.0,13.39
J377,M02,Completed,2023-03-20 22:40:00,2023-03-20 23:41:00,0.006666666666666667,0.24181668898009753,2023-03-22 18:09:00,2023-03-22 19:10:00,61.0,6.11
J644,M02,Completed,2023-03-22 19:10:00,2023-03-22 20:37:00,0.0,0.3980456113120793,2023-03-22 19:10:00,2023-03-22 20:37:00,87.0,14.09
J646,M02,Failed,2023-03-22 19:30:00,2023-03-22 21:28:00,0.9,0.5035487558774899,2023-03-22 20:37:00,2023-03-22 22:35:00,118.0,4.63
J658,M02,Delayed,2023-03-22 21:30:00,2023-03-22 22:30:00,1.0,0.5888796002998785,2023-03-22 22:35:00,2023-03-22 23:35:00,60.0,2.94
J654,M02,Delayed,2023-03-22 20:50:00,2023-03-22 21:49:00,1.0,0.5861926709486993,2023-03-22 23:35:00,2023-03-23 00:34:00,59.0,3.42
J672,M02,Delayed,2023-03-22 23:50:00,2023-03-23 00:20:00,1.0,0.80172219250551,2023-03-23 00:34:00,2023-03-23 01:04:00,30.0,7.5
J673,M02,Delayed,2023-03-23 00:00:00,2023-03-23 01:42:00,1.0,0.6879620172009004,2023-03-23 01:04:00,2023-03-23 02:46:00,102.0,9.49
J687,M02,Failed,2023-03-23 02:20:00,2023-03-23 03:38:00,0.98,0.7789663592085602,2023-03-23 02:46:00,2023-03-23 04:04:00,78.0,11.24
J677,M02,Delayed,2023-03-23 00:40:00,2023-03-23 02:31:00,0.9933333333333333,0.6597151046254031,2023-03-23 04:04:00,2023-03-23 05:55:00,111.0,10.3
J701,M02,Failed,2023-03-23 04:40:00,2023-03-23 06:34:00,0.94,0.4965419790899465,2023-03-23 05:55:00,2023-03-23 07:49:00,114.0,6.02
J717,M02,Failed,2023-03-23 07:20:00,2023-03-23 08:56:00,0.96,0.5845057821886452,2023-03-23 07:49:00,2023-03-23 09:25:00,96.0,4.28
J721,M02,Delayed,2023-03-23 08:00:00,2023-03-23 09:06:00,1.0,0.6712471691758661,2023-03-23 09:25:00,2023-03-23 10:31:00,66.0,7.93
J734,M02,Delayed,2023-03-23 10:10:00,2023-03-23 11:21:00,1.0,0.7380519413178384,2023-03-23 10:31:00,2023-03-23 11:42:00,71.0,8.52
J680,M02,Completed,2023-03-23 01:10:00,2023-03-23 01:34:00,0.0,0.4704441829178219,2023-03-23 11:42:00,2023-03-23 12:06:00,24.0,11.09
J656,M02,Completed,2023-03-22 21:10:00,2023-03-22 21:33:00,0.0,0.4186073935698782,2023-03-23 12:06:00,2023-03-23 12:29:00,23.0,8.99
J710,M02,Completed,2023-03-23 06:10:00,2023-03-23 07:27:00,0.0,0.36154680841035874,2023-03-23 12:29:00,2023-03-23 13:46:00,77.0,12.33
J749,M02,Delayed,2023-03-23 12:40:00,2023-03-23 13:49:00,0.9866666666666667,0.7771885183050081,2023-03-23 13:46:00,2023-03-23 14:55:00,69.0,12.09
J748,M02,Delayed,2023-03-23 12:30:00,2023-03-23 14:04:00,1.0,0.6298841857732044,2023-03-23 14:55:00,2023-03-23 16:29:00,94.0,6.97
J760,M02,Completed,2023-03-23 14:30:00,2023-03-23 14:56:00,0.0,0.36160710951780367,2023-03-23 16:29:00,2023-03-23 16:55:00,26.0,6.33
J731,M02,Completed,2023-03-23 09:40:00,2023-03-23 11:35:00,0.0,0.2976273180877481,2023-03-23 16:55:00,2023-03-23 18:50:00,115.0,13.99
J777,M02,Delayed,2023-03-23 17:20:00,2023-03-23 18:04:00,1.0,0.8240772629058798,2023-03-23 18:50:00,2023-03-23 19:34:00,44.0,12.18
J789,M02,Failed,2023-03-23 19:20:00,2023-03-23 19:45:00,0.9733333333333334,0.8519259555800665,2023-03-23 19:34:00,2023-03-23 19:59:00,25.0,13.34
J782,M02,Completed,2023-03-23 18:10:00,2023-03-23 18:52:00,0.0,0.3721709207396398,2023-03-23 19:59:00,2023-03-23 20:41:00,42.0,7.26
J797,M02,Delayed,2023-03-23 20:40:00,2023-03-23 22:19:00,1.0,0.4835817875359452,2023-03-23 20:41:00,2023-03-23 22:20:00,99.0,2.67
J803,M02,Failed,2023-03-23 21:40:00,2023-03-23 23:24:00,0.9866666666666667,0.6216023477968383,2023-03-23 22:20:00,2023-03-24 00:04:00,104.0,9.3
J814,M02,Completed,2023-03-23 23:30:00,2023-03-24 01:14:00,0.0,0.35259408349581467,2023-03-24 00:04:00,2023-03-24 01:48:00,104.0,14.05
J825,M02,Failed,2023-03-24 01:20:00,2023-03-24 01:53:00,0.9933333333333333,0.8907709013957884,2023-03-24 01:48:00,2023-03-24 02:21:00,33.0,14.0
J787,M02,Completed,2023-03-23 19:00:00,2023-03-23 20:32:00,0.0,0.3205051332911725,2023-03-24 02:21:00,2023-03-24 03:53:00,92.0,11.17
J665,M02,Completed,2023-03-22 22:40:00,2023-03-22 23:25:00,0.0,0.2972263928851454,2023-03-24 03:53:00,2023-03-24 04:38:00,45.0,7.92
J840,M02,Completed,2023-03-24 03:50:00,2023-03-24 05:48:00,0.013333333333333334,0.29192879652826953,2023-03-24 04:38:00,2023-03-24 06:36:00,118.0,14.0
J851,M02,Failed,2023-03-24 05:40:00,2023-03-24 06:10:00,0.9,0.9054181711083394,2023-03-24 06:36:00,2023-03-24 07:06:00,30.0,13.94
J852,M02,Delayed,2023-03-24 05:50:00,2023-03-24 06:58:00,0.9933333333333333,0.8703914833031053,2023-03-24 07:06:00,2023-03-24 08:14:00,68.0,14.78
J864,M02,Completed,2023-03-24 07:50:00,2023-03-24 09:09:00,0.0,0.2797640709241175,2023-03-24 08:14:00,2023-03-24 09:33:00,79.0,10.56
J867,M02,Delayed,2023-03-24 08:20:00,2023-03-24 09:41:00,0.9866666666666667,0.5631751270934384,2023-03-24 09:33:00,2023-03-24 10:54:00,81.0,3.42
J876,M02,Delayed,2023-03-24 09:50:00,2023-03-24 10:45:00,1.0,0.6383837191145942,2023-03-24 10:54:00,2023-03-24 11:49:00,55.0,2.6
J884,M02,Completed,2023-03-24 11:10:00,2023-03-24 11:42:00,0.0,0.5418807774822219,2023-03-24 11:49:00,2023-03-24 12:21:00,32.0,13.96
J888,M02,Delayed,2023-03-24 11:50:00,2023-03-24 13:12:00,0.98,0.546358965644085,2023-03-24 12:21:00,2023-03-24 13:43:00,82.0,4.26
J880,M02,Failed,2023-03-24 10:30:00,2023-03-24 11:34:00,0.9733333333333334,0.5091408239207368,2023-03-24 13:43:00,2023-03-24 14:47:00,64.0,2.12
J892,M02,Completed,2023-03-24 12:30:00,2023-03-24 13:13:00,0.006666666666666667,0.4767981441447521,2023-03-24 14:47:00,2023-03-24 15:30:00,43.0,14.03
J907,M02,Delayed,2023-03-24 15:00:00,2023-03-24 16:30:00,0.9933333333333333,0.749412219419481,2023-03-24 15:30:00,2023-03-24 17:00:00,90.0,14.41
J915,M02,Delayed,2023-03-24 16:20:00,2023-03-24 17:43:00,0.9933333333333333,0.7132194669174283,2023-03-24 17:00:00,2023-03-24 18:23:00,83.0,12.24
J910,M02,Completed,2023-03-24 15:30:00,2023-03-24 16:08:00,0.0,0.47176285353237246,2023-03-24 18:23:00,2023-03-24 19:01:00,38.0,12.13
J923,M02,Completed,2023-03-24 17:40:00,2023-03-24 19:11:00,0.0,0.44527833459762056,2023-03-24 19:01:00,2023-03-24 20:32:00,91.0,14.43
J939,M02,Delayed,2023-03-24 20:20:00,2023-03-24 21:10:00,1.0,0.6936460654143115,2023-03-24 20:32:00,2023-03-24 21:22:00,50.0,7.97
J944,M02,Delayed,2023-03-24 21:10:00,2023-03-24 21:53:00,1.0,0.7052234707635058,2023-03-24 21:22:00,2023-03-24 22:05:00,43.0,6.5
J941,M02,Completed,2023-03-24 20:40:00,2023-03-24 22:25:00,0.0,0.3984819218245448,2023-03-24 22:05:00,2023-03-24 23:50:00,105.0,14.3
J957,M02,Delayed,2023-03-24 23:20:00,2023-03-25 00:50:00,0.9933333333333333,0.6853534603463078,2023-03-24 23:50:00,2023-03-25 01:20:00,90.0,8.91
J969,M02,Delayed,2023-03-25 01:20:00,2023-03-25 01:52:00,0.9933333333333333,0.7697177017136599,2023-03-25 01:20:00,2023-03-25 01:52:00,32.0,8.68
J952,M02,Completed,2023-03-24 22:30:00,2023-03-24 22:54:00,0.0,0.4612529318537057,2023-03-25 01:52:00,2023-03-25 02:16:00,24.0,10.01
J965,M02,Completed,2023-03-25 00:40:00,2023-03-25 01:23:00,0.0,0.41340835124191483,2023-03-25 02:16:00,2023-03-25 02:59:00,43.0,12.77
J978,M02,Delayed,2023-03-25 02:50:00,2023-03-25 04:28:00,0.9866666666666667,0.6246342838435134,2023-03-25 02:59:00,2023-03-25 04:37:00,98.0,10.05
J979,M02,Delayed,2023-03-25 03:00:00,2023-03-25 04:40:00,0.9933333333333333,0.6220876242082181,2023-03-25 04:37:00,2023-03-25 06:17:00,100.0,9.77
J996,M02,Failed,2023-03-25 05:50:00,2023-03-25 06:40:00,0.9866666666666667,0.5845144932433964,2023-03-25 06:17:00,2023-03-25 07:07:00,50.0,3.71
J985,M02,Delayed,2023-03-25 04:00:00,2023-03-25 05:43:00,0.9866666666666667,0.5499343690664007,2023-03-25 07:07:00,2023-03-25 08:50:00,103.0,5.66
J981,M02,Completed,2023-03-25 03:20:00,2023-03-25 04:40:00,0.006666666666666667,0.42477192980301154,2023-03-25 08:50:00,2023-03-25 10:10:00,80.0,14.98
J973,M02,Completed,2023-03-25 02:00:00,2023-03-25 03:01:00,0.0,0.39430158664353654,2023-03-25 10:10:00,2023-03-25 11:11:00,61.0,11.68
J937,M02,Completed,2023-03-24 20:00:00,2023-03-24 21:43:00,0.006666666666666667,0.3883162222999771,2023-03-25 11:11:00,2023-03-25 12:54:00,103.0,14.71
J908,M02,Completed,2023-03-24 15:10:00,2023-03-24 16:56:00,0.006666666666666667,0.3874657576650388,2023-03-25 12:54:00,2023-03-25 14:40:00,106.0,14.25
J999,M02,Completed,2023-03-25 06:20:00,2023-03-25 07:35:00,0.0,0.33774175221104885,2023-03-25 14:40:00,2023-03-25 15:55:00,75.0,9.08
J925,M02,Completed,2023-03-24 18:00:00,2023-03-24 18:30:00,0.0,0.3309962261043296,2023-03-25 15:55:00,2023-03-25 16:25:00,30.0,5.58
J938,M02,Completed,2023-03-24 20:10:00,2023-03-24 20:57:00,0.006666666666666667,0.327001285006092,2023-03-25 16:25:00,2023-03-25 17:12:00,47.0,9.72
J947,M02,Completed,2023-03-24 21:40:00,2023-03-24 23:08:00,0.0,0.30173891164896577,2023-03-25 17:12:00,2023-03-25 18:40:00,88.0,8.42
J966,M02,Completed,2023-03-25 00:50:00,2023-03-25 02:44:00,0.006666666666666667,0.28790856090189615,2023-03-25 18:40:00,2023-03-25 20:34:00,114.0,10.41
J733,M02,Completed,2023-03-23 10:00:00,2023-03-23 11:22:00,0.02,0.2742649839572591,2023-03-25 20:34:00,2023-03-25 21:56:00,82.0,6.14
J883,M02,Completed,2023-03-24 11:00:00,2023-03-24 11:43:00,0.0,0.27319409162691927,2023-03-25 21:56:00,2023-03-25 22:39:00,43.0,3.75
J991,M02,Completed,2023-03-25 05:00:00,2023-03-25 05:36:00,0.0,0.267922898995566,2023-03-25 22:39:00,2023-03-25 23:15:00,36.0,6.33
J948,M02,Completed,2023-03-24 21:50:00,2023-03-24 23:30:00,0.006666666666666667,0.2505674904203637,2023-03-25 23:15:00,2023-03-26 00:55:00,100.0,7.13
J744,M02,Completed,2023-03-23 11:50:00,2023-03-23 13:28:00,0.0,0.2500463417529486,2023-03-26 00:55:00,2023-03-26 02:33:00,98.0,7.96
J482,M02,Completed,2023-03-21 16:10:00,2023-03-21 17:23:00,0.0,0.22816385991666194,2023-03-26 02:33:00,2023-03-26 03:46:00,73.0,5.99
J928,M02,Completed,2023-03-24 18:30:00,2023-03-24 20:10:00,0.0,0.22696181470798246,2023-03-26 03:46:00,2023-03-26 05:26:00,100.0,7.59
J159,M02,Completed,2023-03-19 10:20:00,2023-03-19 11:06:00,0.0,0.22376187964250718,2023-03-26 05:26:00,2023-03-26 06:12:00,46.0,3.01
J289,M02,Completed,2023-03-20 08:00:00,2023-03-20 09:37:00,0.006666666666666667,0.22343434916583493,2023-03-26 06:12:00,2023-03-26 07:49:00,97.0,5.47
J180,M02,Completed,2023-03-19 13:50:00,2023-03-19 14:59:00,0.0,0.22142539463436056,2023-03-26 07:49:00,2023-03-26 08:58:00,69.0,3.76
J987,M02,Completed,2023-03-25 04:20:00,2023-03-25 06:20:00,0.013333333333333334,0.22079411325641607,2023-03-26 08:58:00,2023-03-26 10:58:00,120.0,10.87
J177,M02,Completed,2023-03-19 13:20:00,2023-03-19 14:57:00,0.0,0.2200575416890512,2023-03-26 10:58:00,2023-03-26 12:35:00,97.0,9.08
J873,M02,Completed,2023-03-24 09:20:00,2023-03-24 11:09:00,0.0,0.2195408838138062,2023-03-26 12:35:00,2023-03-26 14:24:00,109.0,8.73
J534,M02,Completed,2023-03-22 00:50:00,2023-03-22 01:51:00,0.013333333333333334,0.21939306631514868,2023-03-26 14:24:00,2023-03-26 15:25:00,61.0,3.66
J380,M02,Completed,2023-03-20 23:10:00,2023-03-20 23:56:00,0.0,0.21548366676206102,2023-03-26 15:25:00,2023-03-26 16:11:00,46.0,4.7
J472,M02,Completed,2023-03-21 14:30:00,2023-03-21 15:49:00,0.0,0.21517372072835783,2023-03-26 16:11:00,2023-03-26 17:30:00,79.0,7.54
J933,M02,Completed,2023-03-24 19:20:00,2023-03-24 20:09:00,0.013333333333333334,0.21447207455374165,2023-03-26 17:30:00,2023-03-26 18:19:00,49.0,4.23
J544,M02,Completed,2023-03-22 02:30:00,2023-03-22 03:59:00,0.02666666666666667,0.2120368732027127,2023-03-26 18:19:00,2023-03-26 19:48:00,89.0,5.76
J922,M02,Completed,2023-03-24 17:30:00,2023-03-24 18:16:00,0.0,0.20848776528969426,2023-03-26 19:48:00,2023-03-26 20:34:00,46.0,4.17
J671,M02,Completed,2023-03-22 23:40:00,2023-03-23 01:36:00,0.0,0.20808521689008003,2023-03-26 20:34:00,2023-03-26 22:30:00,116.0,8.84
J204,M02,Completed,2023-03-19 17:50:00,2023-03-19 19:43:00,0.006666666666666667,0.20733744537899257,2023-03-26 22:30:00,2023-03-27 00:23:00,113.0,5.93
J287,M02,Completed,2023-03-20 07:40:00,2023-03-20 09:15:00,0.0,0.2057967779862469,2023-03-27 00:23:00,2023-03-27 01:58:00,95.0,5.56
J181,M02,Completed,2023-03-19 14:00:00,2023-03-19 15:35:00,0.0,0.20417359898979312,2023-03-27 01:58:00,2023-03-27 03:33:00,95.0,6.4
J848,M02,Completed,2023-03-24 05:10:00,2023-03-24 06:36:00,0.006666666666666667,0.20366995359831064,2023-03-27 03:33:00,2023-03-27 04:59:00,86.0,6.85
J250,M02,Completed,2023-03-20 01:30:00,2023-03-20 02:49:00,0.0,0.1993314937282543,2023-03-27 04:59:00,2023-03-27 06:18:00,79.0,6.4
J566,M02,Completed,2023-03-22 06:10:00,2023-03-22 07:58:00,0.0,0.19731899524779334,2023-03-27 06:18:00,2023-03-27 08:06:00,108.0,6.09
J838,M02,Completed,2023-03-24 03:30:00,2023-03-24 05:12:00,0.006666666666666667,0.1957985093751904,2023-03-27 08:06:00,2023-03-27 09:48:00,102.0,4.48
J628,M02,Completed,2023-03-22 16:30:00,2023-03-22 18:29:00,0.0,0.19289802377402882,2023-03-27 09:48:00,2023-03-27 11:47:00,119.0,6.85
J476,M02,Completed,2023-03-21 15:10:00,2023-03-21 16:33:00,0.0,0.19168859310872866,2023-03-27 11:47:00,2023-03-27 13:10:00,83.0,4.14
J406,M02,Completed,2023-03-21 03:30:00,2023-03-21 04:57:00,0.0,0.18467467434922774,2023-03-27 13:10:00,2023-03-27 14:37:00,87.0,3.5
J122,M02,Completed,2023-03-19 04:10:00,2023-03-19 05:52:00,0.0,0.1845573996630839,2023-03-27 14:37:00,2023-03-27 16:19:00,102.0,7.75
J301,M02,Completed,2023-03-20 10:00:00,2023-03-20 11:27:00,0.006666666666666667,0.176750098063569,2023-03-27 16:19:00,2023-03-27 17:46:00,87.0,5.09
J833,M02,Completed,2023-03-24 02:40:00,2023-03-24 04:09:00,0.0,0.1728550095346591,2023-03-27 17:46:00,2023-03-27 19:15:00,89.0,6.12
J257,M02,Completed,2023-03-20 02:40:00,2023-03-20 04:40:00,0.02666666666666667,0.17138167700082735,2023-03-27 19:15:00,2023-03-27 21:15:00,120.0,5.09
J125,M02,Completed,2023-03-19 04:40:00,2023-03-19 05:56:00,0.0,0.16641983524869913,2023-03-27 21:15:00,2023-03-27 22:31:00,76.0,3.58
J754,M02,Completed,2023-03-23 13:30:00,2023-03-23 15:27:00,0.006666666666666667,0.16473938507832223,2023-03-27 22:31:00,2023-03-28 00:28:00,117.0,8.53
J479,M02,Completed,2023-03-21 15:40:00,2023-03-21 16:46:00,0.0,0.15715391795095268,2023-03-28 00:28:00,2023-03-28 01:34:00,66.0,3.68
J452,M02,Completed,2023-03-21 11:10:00,2023-03-21 13:00:00,0.006666666666666667,0.1568224106853919,2023-03-28 01:34:00,2023-03-28 03:24:00,110.0,7.81
J817,M02,Completed,2023-03-24 00:00:00,2023-03-24 01:06:00,0.0,0.15472726535228198,2023-03-28 03:24:00,2023-03-28 04:30:00,66.0,3.12
J935,M02,Completed,2023-03-24 19:40:00,2023-03-24 21:01:00,0.0,0.15039784117283644,2023-03-28 04:30:00,2023-03-28 05:51:00,81.0,5.14
J045,M02,Completed,2023-03-18 15:20:00,2023-03-18 16:38:00,0.0,0.14969816986807002,2023-03-28 05:51:00,2023-03-28 07:09:00,78.0,3.03
J971,M02,Completed,2023-03-25 01:40:00,2023-03-25 03:39:00,0.0,0.14819973217349727,2023-03-28 07:09:00,2023-03-28 09:08:00,119.0,4.69
J784,M02,Completed,2023-03-23 18:30:00,2023-03-23 20:28:00,0.013333333333333334,0.14424385558304978,2023-03-28 09:08:00,2023-03-28 11:06:00,118.0,7.16
J044,M02,Completed,2023-03-18 15:10:00,2023-03-18 16:59:00,0.013333333333333334,0.14356918123498202,2023-03-28 11:06:00,2023-03-28 12:55:00,109.0,5.67
J048,M02,Completed,2023-03-18 15:50:00,2023-03-18 17:05:00,0.006666666666666667,0.14147160113074828,2023-03-28 12:55:00,2023-03-28 14:10:00,75.0,4.12
J029,M02,Completed,2023-03-18 12:40:00,2023-03-18 14:36:00,0.02,0.13628567949424653,2023-03-28 14:10:00,2023-03-28 16:06:00,116.0,5.39
J130,M02,Completed,2023-03-19 05:30:00,2023-03-19 06:48:00,0.05333333333333334,0.13222535133402302,2023-03-28 16:06:00,2023-03-28 17:24:00,78.0,2.49
J053,M02,Completed,2023-03-18 16:40:00,2023-03-18 18:17:00,0.0,0.11510278781152979,2023-03-28 17:24:00,2023-03-28 19:01:00,97.0,4.77
J217,M02,Completed,2023-03-19 20:00:00,2023-03-19 21:49:00,0.0,0.10642965548130677,2023-03-28 19:01:00,2023-03-28 20:50:00,109.0,4.75
J891,M02,Completed,2023-03-24 12:20:00,2023-03-24 14:04:00,0.0,0.0954419510641065,2023-03-28 20:50:00,2023-03-28 22:34:00,104.0,3.16
J464,M02,Completed,2023-03-21 13:10:00,2023-03-21 14:42:00,0.006666666666666667,0.08312797413962729,2023-03-28 22:34:00,2023-03-29 00:06:00,92.0,2.84
J806,M02,Completed,2023-03-23 22:10:00,2023-03-24 00:00:00,0.006666666666666667,0.07333014108282833,2023-03-29 00:06:00,2023-03-29 01:56:00,110.0,2.38
J730,M02,Completed,2023-03-23 09:30:00,2023-03-23 11:29:00,0.006666666666666667,0.016349497494769136,2023-03-29 01:56:00,2023-03-29 03:55:00,119.0,2.06
J012,M03,Delayed,2023-03-18 09:50:00,2023-03-18 10:18:00,0.9866666666666667,0.7769623283176841,2023-03-18 09:50:00,2023-03-18 10:18:00,28.0,8.08
J013,M03,Completed,2023-03-18 10:00:00,2023-03-18 10:43:00,0.0,0.25693389603368727,2023-03-18 10:18:00,2023-03-18 11:01:00,43.0,5.55
J017,M03,Completed,2023-03-18 10:40:00,2023-03-18 12:35:00,0.0,0.2818581341443936,2023-03-18 11:01:00,2023-03-18 12:56:00,115.0,9.44
J027,M03,Failed,2023-03-18 12:20:00,2023-03-18 13:47:00,0.9666666666666667,0.7684723717388723,2023-03-18 12:56:00,2023-03-18 14:23:00,87.0,11.34
J022,M03,Delayed,2023-03-18 11:30:00,2023-03-18 12:34:00,1.0,0.5928464874471299,2023-03-18 14:23:00,2023-03-18 15:27:00,64.0,4.14
J032,M03,Completed,2023-03-18 13:10:00,2023-03-18 14:28:00,0.0,0.25154047802216695,2023-03-18 15:27:00,2023-03-18 16:45:00,78.0,4.93
J046,M03,Delayed,2023-03-18 15:30:00,2023-03-18 16:00:00,0.9933333333333333,0.7699072890214267,2023-03-18 16:45:00,2023-03-18 17:15:00,30.0,7.15
J043,M03,Completed,2023-03-18 15:00:00,2023-03-18 16:15:00,0.013333333333333334,0.21677958581203782,2023-03-18 17:15:00,2023-03-18 18:30:00,75.0,4.53
J031,M03,Completed,2023-03-18 13:00:00,2023-03-18 13:37:00,0.0,0.20954583451953346,2023-03-18 18:30:00,2023-03-18 19:07:00,37.0,3.21
J065,M03,Failed,2023-03-18 18:40:00,2023-03-18 19:03:00,0.9666666666666667,0.7388292276507435,2023-03-18 19:07:00,2023-03-18 19:30:00,23.0,6.8
J066,M03,Delayed,2023-03-18 18:50:00,2023-03-18 19:42:00,0.9933333333333333,0.5457100727861929,2023-03-18 19:30:00,2023-03-18 20:22:00,52.0,2.09
J028,M03,Completed,2023-03-18 12:30:00,2023-03-18 14:03:00,0.0,0.10899330438925317,2023-03-18 20:22:00,2023-03-18 21:55:00,93.0,4.16
J083,M03,Completed,2023-03-18 21:40:00,2023-03-18 22:39:00,0.006666666666666667,0.432892126210635,2023-03-18 21:55:00,2023-03-18 22:54:00,59.0,12.15
J087,M03,Delayed,2023-03-18 22:20:00,2023-03-18 23:19:00,0.9933333333333333,0.8211269457095538,2023-03-18 22:54:00,2023-03-18 23:53:00,59.0,14.83
J093,M03,Delayed,2023-03-18 23:20:00,2023-03-19 00:46:00,1.0,0.6562238359757568,2023-03-18 23:53:00,2023-03-19 01:19:00,86.0,9.92
J092,M03,Failed,2023-03-18 23:10:00,2023-03-19 00:40:00,0.9666666666666667,0.6042448832127729,2023-03-19 01:19:00,2023-03-19 02:49:00,90.0,8.14
J105,M03,Completed,2023-03-19 01:20:00,2023-03-19 02:03:00,0.0,0.4916577526900436,2023-03-19 02:49:00,2023-03-19 03:32:00,43.0,13.65
J098,M03,Completed,2023-03-19 00:10:00,2023-03-19 01:41:00,0.013333333333333334,0.3902294092751577,2023-03-19 03:32:00,2023-03-19 05:03:00,91.0,14.55
J106,M03,Completed,2023-03-19 01:30:00,2023-03-19 03:17:00,0.0,0.2830547417012732,2023-03-19 05:03:00,2023-03-19 06:50:00,107.0,8.8
J138,M03,Delayed,2023-03-19 06:50:00,2023-03-19 07:55:00,1.0,0.8237807892608702,2023-03-19 06:50:00,2023-03-19 07:55:00,65.0,11.48
J134,M03,Failed,2023-03-19 06:10:00,2023-03-19 07:21:00,1.0,0.8055274921781062,2023-03-19 07:55:00,2023-03-19 09:06:00,71.0,13.03
J147,M03,Delayed,2023-03-19 08:20:00,2023-03-19 08:49:00,0.9866666666666667,0.8448158364079235,2023-03-19 09:06:00,2023-03-19 09:35:00,29.0,11.1
J150,M03,Delayed,2023-03-19 08:50:00,2023-03-19 09:43:00,1.0,0.8427448764250864,2023-03-19 09:35:00,2023-03-19 10:28:00,53.0,12.4
J143,M03,Delayed,2023-03-19 07:40:00,2023-03-19 08:13:00,1.0,0.6896636769101665,2023-03-19 10:28:00,2023-03-19 11:01:00,33.0,4.28
J155,M03,Completed,2023-03-19 09:40:00,2023-03-19 10:20:00,0.03333333333333333,0.44461118097158797,2023-03-19 11:01:00,2023-03-19 11:41:00,40.0,9.87
J144,M03,Completed,2023-03-19 07:50:00,2023-03-19 08:37:00,0.02,0.31499906665901267,2023-03-19 11:41:00,2023-03-19 12:28:00,47.0,6.24
J168,M03,Delayed,2023-03-19 11:50:00,2023-03-19 12:27:00,0.9733333333333334,0.7988953992376863,2023-03-19 12:28:00,2023-03-19 13:05:00,37.0,12.54
J169,M03,Completed,2023-03-19 12:00:00,2023-03-19 12:23:00,0.0,0.34880663879638285,2023-03-19 13:05:00,2023-03-19 13:28:00,23.0,7.11
J157,M03,Completed,2023-03-19 10:00:00,2023-03-19 10:59:00,0.0,0.3063566124182946,2023-03-19 13:28:00,2023-03-19 14:27:00,59.0,8.16
J179,M03,Delayed,2023-03-19 13:40:00,2023-03-19 15:15:00,1.0,0.8312644560177479,2023-03-19 14:27:00,2023-03-19 16:02:00,95.0,14.17
J189,M03,Completed,2023-03-19 15:20:00,2023-03-19 16:10:00,0.006666666666666667,0.432907302935326,2023-03-19 16:02:00,2023-03-19 16:52:00,50.0,11.6
J194,M03,Completed,2023-03-19 16:10:00,2023-03-19 17:07:00,0.0,0.3102957432055205,2023-03-19 16:52:00,2023-03-19 17:49:00,57.0,8.84
J192,M03,Completed,2023-03-19 15:50:00,2023-03-19 17:30:00,0.02,0.2512747636099385,2023-03-19 17:49:00,2023-03-19 19:29:00,100.0,6.93
J213,M03,Failed,2023-03-19 19:20:00,2023-03-19 20:13:00,0.9666666666666667,0.6569771804192923,2023-03-19 19:29:00,2023-03-19 20:22:00,53.0,4.49
J211,M03,Completed,2023-03-19 19:00:00,2023-03-19 19:25:00,0.0,0.4375713184158616,2023-03-19 20:22:00,2023-03-19 20:47:00,25.0,8.39
J139,M03,Completed,2023-03-19 07:00:00,2023-03-19 07:45:00,0.006666666666666667,0.24664061464053236,2023-03-19 20:47:00,2023-03-19 21:32:00,45.0,4.48
J225,M03,Completed,2023-03-19 21:20:00,2023-03-19 21:42:00,0.0,0.5506646106203434,2023-03-19 21:32:00,2023-03-19 21:54:00,22.0,13.02
J222,M03,Failed,2023-03-19 20:50:00,2023-03-19 22:49:00,0.9733333333333334,0.47010215167794356,2023-03-19 21:54:00,2023-03-19 23:53:00,119.0,3.14
J239,M03,Failed,2023-03-19 23:40:00,2023-03-20 01:09:00,0.9733333333333334,0.5009539148572602,2023-03-19 23:53:00,2023-03-20 01:22:00,89.0,2.79
J244,M03,Delayed,2023-03-20 00:30:00,2023-03-20 01:12:00,1.0,0.8039649389213002,2023-03-20 01:22:00,2023-03-20 02:04:00,42.0,10.91
J235,M03,Completed,2023-03-19 23:00:00,2023-03-19 23:56:00,0.013333333333333334,0.299997294690761,2023-03-20 02:04:00,2023-03-20 03:00:00,56.0,6.94
J259,M03,Completed,2023-03-20 03:00:00,2023-03-20 03:24:00,0.013333333333333334,0.34328958864866105,2023-03-20 03:00:00,2023-03-20 03:24:00,24.0,7.41
J095,M03,Completed,2023-03-18 23:40:00,2023-03-19 01:33:00,0.006666666666666667,0.23606771360594744,2023-03-20 03:24:00,2023-03-20 05:17:00,113.0,9.22
J141,M03,Completed,2023-03-19 07:20:00,2023-03-19 09:00:00,0.006666666666666667,0.17706182958812317,2023-03-20 05:17:00,2023-03-20 06:57:00,100.0,6.0
J278,M03,Completed,2023-03-20 06:10:00,2023-03-20 07:08:00,0.0,0.44806362859871346,2023-03-20 06:57:00,2023-03-20 07:55:00,58.0,14.2
J282,M03,Completed,2023-03-20 06:50:00,2023-03-20 07:20:00,0.0,0.4275632025199517,2023-03-20 07:55:00,2023-03-20 08:25:00,30.0,10.21
J291,M03,Completed,2023-03-20 08:20:00,2023-03-20 08:46:00,0.0,0.4577033640235732,2023-03-20 08:25:00,2023-03-20 08:51:00,26.0,12.76
J275,M03,Completed,2023-03-20 05:40:00,2023-03-20 07:14:00,0.0,0.37640855413581287,2023-03-20 08:51:00,2023-03-20 10:25:00,94.0,14.67
J296,M03,Failed,2023-03-20 09:10:00,2023-03-20 10:26:00,1.0,0.8058793162249337,2023-03-20 10:25:00,2023-03-20 11:41:00,76.0,13.25
J309,M03,Delayed,2023-03-20 11:20:00,2023-03-20 12:31:00,1.0,0.8076741464011366,2023-03-20 11:41:00,2023-03-20 12:52:00,71.0,11.53
J281,M03,Completed,2023-03-20 06:40:00,2023-03-20 07:39:00,0.04,0.3128691311705181,2023-03-20 12:52:00,2023-03-20 13:51:00,59.0,8.66
J319,M03,Completed,2023-03-20 13:00:00,2023-03-20 13:23:00,0.006666666666666667,0.49258031352636433,2023-03-20 13:51:00,2023-03-20 14:14:00,23.0,10.48
J325,M03,Failed,2023-03-20 14:00:00,2023-03-20 15:52:00,0.9733333333333334,0.534181281650258,2023-03-20 14:14:00,2023-03-20 16:06:00,112.0,4.85
J322,M03,Completed,2023-03-20 13:30:00,2023-03-20 14:50:00,0.0,0.3324205656662981,2023-03-20 16:06:00,2023-03-20 17:26:00,80.0,10.42
J341,M03,Failed,2023-03-20 16:40:00,2023-03-20 18:16:00,0.9866666666666667,0.7542399324977257,2023-03-20 17:26:00,2023-03-20 19:02:00,96.0,13.66
J354,M03,Completed,2023-03-20 18:50:00,2023-03-20 19:51:00,0.0,0.4654901594585594,2023-03-20 19:02:00,2023-03-20 20:03:00,61.0,13.62
J339,M03,Completed,2023-03-20 16:20:00,2023-03-20 17:34:00,0.0,0.33828494906075723,2023-03-20 20:03:00,2023-03-20 21:17:00,74.0,11.52
J366,M03,Completed,2023-03-20 20:50:00,2023-03-20 21:37:00,0.0,0.4231659294582075,2023-03-20 21:17:00,2023-03-20 22:04:00,47.0,12.4
J372,M03,Delayed,2023-03-20 21:50:00,2023-03-20 23:08:00,1.0,0.7365423036917262,2023-03-20 22:04:00,2023-03-20 23:22:00,78.0,9.06
J368,M03,Completed,2023-03-20 21:10:00,2023-03-20 22:13:00,0.0,0.34843980033883415,2023-03-20 23:22:00,2023-03-21 00:25:00,63.0,8.96
J350,M03,Completed,2023-03-20 18:10:00,2023-03-20 19:27:00,0.006666666666666667,0.3132659443389483,2023-03-21 00:25:00,2023-03-21 01:42:00,77.0,10.81
J395,M03,Completed,2023-03-21 01:40:00,2023-03-21 02:46:00,0.0,0.42535989934616214,2023-03-21 01:42:00,2023-03-21 02:48:00,66.0,13.0
J391,M03,Completed,2023-03-21 01:00:00,2023-03-21 01:35:00,0.006666666666666667,0.32210464093271485,2023-03-21 02:48:00,2023-03-21 03:23:00,35.0,4.83
J306,M03,Completed,2023-03-20 10:50:00,2023-03-20 12:07:00,0.006666666666666667,0.2609874068267393,2023-03-21 03:23:00,2023-03-21 04:40:00,77.0,9.46
J411,M03,Delayed,2023-03-21 04:20:00,2023-03-21 05:56:00,0.9933333333333333,0.7222111481235373,2023-03-21 04:40:00,2023-03-21 06:16:00,96.0,12.16
J414,M03,Delayed,2023-03-21 04:50:00,2023-03-21 05:21:00,0.9933333333333333,0.6243208750400705,2023-03-21 06:16:00,2023-03-21 06:47:00,31.0,2.08
J408,M03,Completed,2023-03-21 03:50:00,2023-03-21 04:44:00,0.006666666666666667,0.32232239039182625,2023-03-21 06:47:00,2023-03-21 07:41:00,54.0,7.62
J355,M03,Completed,2023-03-20 19:00:00,2023-03-20 20:27:00,0.0,0.2555142636798663,2023-03-21 07:41:00,2023-03-21 09:08:00,87.0,5.88
J432,M03,Delayed,2023-03-21 07:50:00,2023-03-21 09:35:00,1.0,0.685881994474607,2023-03-21 09:08:00,2023-03-21 10:53:00,105.0,12.39
J446,M03,Failed,2023-03-21 10:10:00,2023-03-21 11:12:00,0.9933333333333333,0.7243993557317523,2023-03-21 10:53:00,2023-03-21 11:55:00,62.0,10.68
J454,M03,Delayed,2023-03-21 11:30:00,2023-03-21 12:25:00,1.0,0.6872941602084276,2023-03-21 11:55:00,2023-03-21 12:50:00,55.0,6.99
J444,M03,Completed,2023-03-21 09:50:00,2023-03-21 10:46:00,0.0,0.5034210120312025,2023-03-21 12:50:00,2023-03-21 13:46:00,56.0,14.6
J458,M03,Completed,2023-03-21 12:10:00,2023-03-21 14:00:00,0.013333333333333334,0.3469743672770878,2023-03-21 13:46:00,2023-03-21 15:36:00,110.0,12.73
J443,M03,Completed,2023-03-21 09:40:00,2023-03-21 11:29:00,0.0,0.26591104977951063,2023-03-21 15:36:00,2023-03-21 17:25:00,109.0,12.1
J486,M03,Completed,2023-03-21 16:50:00,2023-03-21 17:43:00,0.02,0.36227350564370836,2023-03-21 17:25:00,2023-03-21 18:18:00,53.0,8.12
J485,M03,Completed,2023-03-21 16:40:00,2023-03-21 17:14:00,0.0,0.35473343342134084,2023-03-21 18:18:00,2023-03-21 18:52:00,34.0,9.0
J483,M03,Completed,2023-03-21 16:20:00,2023-03-21 16:53:00,0.0,0.2820347360297699,2023-03-21 18:52:00,2023-03-21 19:25:00,33.0,3.04
J500,M03,Failed,2023-03-21 19:10:00,2023-03-21 19:58:00,0.9933333333333333,0.7725917024423654,2023-03-21 19:25:00,2023-03-21 20:13:00,48.0,9.05
J294,M03,Completed,2023-03-20 08:50:00,2023-03-20 10:20:00,0.013333333333333334,0.2378975503419355,2023-03-21 20:13:00,2023-03-21 21:43:00,90.0,6.74
J513,M03,Failed,2023-03-21 21:20:00,2023-03-21 22:32:00,0.9866666666666667,0.8040862986046107,2023-03-21 21:43:00,2023-03-21 22:55:00,72.0,14.65
J515,M03,Delayed,2023-03-21 21:40:00,2023-03-21 22:20:00,1.0,0.6676248829327915,2023-03-21 22:55:00,2023-03-21 23:35:00,40.0,4.16
J524,M03,Completed,2023-03-21 23:10:00,2023-03-22 00:12:00,0.0,0.33232918069021206,2023-03-21 23:35:00,2023-03-22 00:37:00,62.0,10.68
J528,M03,Failed,2023-03-21 23:50:00,2023-03-22 00:18:00,0.9733333333333334,0.7471108762560308,2023-03-22 00:37:00,2023-03-22 01:05:00,28.0,7.02
J509,M03,Completed,2023-03-21 20:40:00,2023-03-21 22:23:00,0.0,0.2671087935628357,2023-03-22 01:05:00,2023-03-22 02:48:00,103.0,9.13
J542,M03,Completed,2023-03-22 02:10:00,2023-03-22 02:57:00,0.0,0.45676573467452375,2023-03-22 02:48:00,2023-03-22 03:35:00,47.0,13.17
J405,M03,Completed,2023-03-21 03:20:00,2023-03-21 05:00:00,0.0,0.2376017530263603,2023-03-22 03:35:00,2023-03-22 05:15:00,100.0,8.05
J553,M03,Completed,2023-03-22 04:00:00,2023-03-22 05:03:00,0.0,0.43830304750174476,2023-03-22 05:15:00,2023-03-22 06:18:00,63.0,12.39
J558,M03,Completed,2023-03-22 04:50:00,2023-03-22 05:46:00,0.0,0.3502943635013257,2023-03-22 06:18:00,2023-03-22 07:14:00,56.0,8.89
J571,M03,Failed,2023-03-22 07:00:00,2023-03-22 08:25:00,0.98,0.6196350278054019,2023-03-22 07:14:00,2023-03-22 08:39:00,85.0,8.37
J573,M03,Failed,2023-03-22 07:20:00,2023-03-22 08:30:00,0.9733333333333334,0.6680859198796805,2023-03-22 08:39:00,2023-03-22 09:49:00,70.0,6.78
J582,M03,Delayed,2023-03-22 08:50:00,2023-03-22 10:25:00,1.0,0.6254575331745537,2023-03-22 09:49:00,2023-03-22 11:24:00,95.0,6.41
J568,M03,Delayed,2023-03-22 06:30:00,2023-03-22 07:44:00,1.0,0.5236925695025603,2023-03-22 11:24:00,2023-03-22 12:38:00,74.0,2.47
J589,M03,Completed,2023-03-22 10:00:00,2023-03-22 10:54:00,0.0,0.41842210768320276,2023-03-22 12:38:00,2023-03-22 13:32:00,54.0,11.89
J607,M03,Failed,2023-03-22 13:00:00,2023-03-22 14:19:00,0.98,0.77602897333688,2023-03-22 13:32:00,2023-03-22 14:51:00,79.0,13.93
J612,M03,Failed,2023-03-22 13:50:00,2023-03-22 15:32:00,0.9866666666666667,0.8079989715722266,2023-03-22 14:51:00,2023-03-22 16:33:00,102.0,14.0
J609,M03,Failed,2023-03-22 13:20:00,2023-03-22 14:45:00,0.9866666666666667,0.5788897722249547,2023-03-22 16:33:00,2023-03-22 17:58:00,85.0,3.08
J633,M03,Delayed,2023-03-22 17:20:00,2023-03-22 18:58:00,0.9933333333333333,0.7310423780856994,2023-03-22 17:58:00,2023-03-22 19:36:00,98.0,14.08
J608,M03,Failed,2023-03-22 13:10:00,2023-03-22 15:08:00,0.9933333333333333,0.5431261341339583,2023-03-22 19:36:00,2023-03-22 21:34:00,118.0,7.23
J649,M03,Delayed,2023-03-22 20:00:00,2023-03-22 20:57:00,1.0,0.5602937138430832,2023-03-22 21:34:00,2023-03-22 22:31:00,57.0,2.81
J659,M03,Delayed,2023-03-22 21:40:00,2023-03-22 22:41:00,1.0,0.860571926700479,2023-03-22 22:31:00,2023-03-22 23:32:00,61.0,14.09
J663,M03,Delayed,2023-03-22 22:20:00,2023-03-23 00:12:00,0.9933333333333333,0.6868105881287824,2023-03-22 23:32:00,2023-03-23 01:24:00,112.0,9.51
J678,M03,Delayed,2023-03-23 00:50:00,2023-03-23 01:48:00,0.9866666666666667,0.8192469527461985,2023-03-23 01:24:00,2023-03-23 02:22:00,58.0,14.55
J662,M03,Delayed,2023-03-22 22:10:00,2023-03-22 22:40:00,0.9933333333333333,0.6560980937201585,2023-03-23 02:22:00,2023-03-23 02:52:00,30.0,4.05
J675,M03,Failed,2023-03-23 00:20:00,2023-03-23 00:45:00,0.94,0.6310570137869703,2023-03-23 02:52:00,2023-03-23 03:17:00,25.0,4.14
J622,M03,Delayed,2023-03-22 15:30:00,2023-03-22 17:17:00,0.9733333333333334,0.520653302104929,2023-03-23 03:17:00,2023-03-23 05:04:00,107.0,2.24
J699,M03,Failed,2023-03-23 04:20:00,2023-03-23 05:20:00,0.9866666666666667,0.6833474275363932,2023-03-23 05:04:00,2023-03-23 06:04:00,60.0,8.62
J705,M03,Failed,2023-03-23 05:20:00,2023-03-23 06:45:00,1.0,0.5850793324718958,2023-03-23 06:04:00,2023-03-23 07:29:00,85.0,5.62
J624,M03,Completed,2023-03-22 15:50:00,2023-03-22 16:19:00,0.0,0.5141592338403775,2023-03-23 07:29:00,2023-03-23 07:58:00,29.0,14.55
J684,M03,Completed,2023-03-23 01:50:00,2023-03-23 02:18:00,0.013333333333333334,0.4692708409208776,2023-03-23 07:58:00,2023-03-23 08:26:00,28.0,13.43
J629,M03,Delayed,2023-03-22 16:40:00,2023-03-22 18:32:00,1.0,0.469090126617539,2023-03-23 08:26:00,2023-03-23 10:18:00,112.0,2.94
J728,M03,Delayed,2023-03-23 09:10:00,2023-03-23 10:17:00,1.0,0.6301569610061938,2023-03-23 10:18:00,2023-03-23 11:25:00,67.0,6.24
J570,M03,Completed,2023-03-22 06:50:00,2023-03-22 07:57:00,0.0,0.40693332790676784,2023-03-23 11:25:00,2023-03-23 12:32:00,67.0,13.2
J745,M03,Delayed,2023-03-23 12:00:00,2023-03-23 12:35:00,1.0,0.7137081520124074,2023-03-23 12:32:00,2023-03-23 13:07:00,35.0,5.72
J579,M03,Completed,2023-03-22 08:20:00,2023-03-22 09:54:00,0.0,0.39197078276027614,2023-03-23 13:07:00,2023-03-23 14:41:00,94.0,13.75
J756,M03,Completed,2023-03-23 13:50:00,2023-03-23 14:19:00,0.006666666666666667,0.4876898375283092,2023-03-23 14:41:00,2023-03-23 15:10:00,29.0,11.47
J689,M03,Completed,2023-03-23 02:40:00,2023-03-23 03:05:00,0.0,0.35412368623401214,2023-03-23 15:10:00,2023-03-23 15:35:00,25.0,5.92
J765,M03,Failed,2023-03-23 15:20:00,2023-03-23 15:41:00,0.9133333333333333,0.905101786465462,2023-03-23 15:35:00,2023-03-23 15:56:00,21.0,12.69
J634,M03,Completed,2023-03-22 17:30:00,2023-03-22 18:57:00,0.013333333333333334,0.34434798250643983,2023-03-23 15:56:00,2023-03-23 17:23:00,87.0,9.49
J712,M03,Completed,2023-03-23 06:30:00,2023-03-23 07:50:00,0.0,0.3302698534952627,2023-03-23 17:23:00,2023-03-23 18:43:00,80.0,12.83
J780,M03,Delayed,2023-03-23 17:50:00,2023-03-23 18:21:00,0.98,0.9186426161525608,2023-03-23 18:43:00,2023-03-23 19:14:00,31.0,14.58
J778,M03,Completed,2023-03-23 17:30:00,2023-03-23 18:45:00,0.0,0.4457034451785466,2023-03-23 19:14:00,2023-03-23 20:29:00,75.0,13.52
J746,M03,Completed,2023-03-23 12:10:00,2023-03-23 12:40:00,0.0,0.32647567259935256,2023-03-23 20:29:00,2023-03-23 20:59:00,30.0,7.66
J798,M03,Completed,2023-03-23 20:50:00,2023-03-23 21:34:00,0.0,0.3966130746949844,2023-03-23 20:59:00,2023-03-23 21:43:00,44.0,10.31
J801,M03,Completed,2023-03-23 21:20:00,2023-03-23 22:15:00,0.006666666666666667,0.37994581286080636,2023-03-23 21:43:00,2023-03-23 22:38:00,55.0,9.06
J685,M03,Completed,2023-03-23 02:00:00,2023-03-23 03:21:00,0.006666666666666667,0.3168351526330961,2023-03-23 22:38:00,2023-03-23 23:59:00,81.0,10.4
J706,M03,Completed,2023-03-23 05:30:00,2023-03-23 06:55:00,0.02666666666666667,0.29087646253327126,2023-03-23 23:59:00,2023-03-24 01:24:00,85.0,8.14
J805,M03,Completed,2023-03-23 22:00:00,2023-03-23 22:54:00,0.0,0.2884785131621757,2023-03-24 01:24:00,2023-03-24 02:18:00,54.0,8.32
J829,M03,Failed,2023-03-24 02:00:00,2023-03-24 03:30:00,0.9733333333333334,0.6334545844079883,2023-03-24 02:18:00,2023-03-24 03:48:00,90.0,9.06
J836,M03,Delayed,2023-03-24 03:10:00,2023-03-24 04:58:00,1.0,0.677280850133804,2023-03-24 03:48:00,2023-03-24 05:36:00,108.0,12.05
J828,M03,Completed,2023-03-24 01:50:00,2023-03-24 02:48:00,0.02,0.40356596191559824,2023-03-24 05:36:00,2023-03-24 06:34:00,58.0,10.11
J853,M03,Completed,2023-03-24 06:00:00,2023-03-24 07:26:00,0.0,0.33181122427028864,2023-03-24 06:34:00,2023-03-24 08:00:00,86.0,11.14
J861,M03,Failed,2023-03-24 07:20:00,2023-03-24 08:28:00,0.96,0.7405260719155061,2023-03-24 08:00:00,2023-03-24 09:08:00,68.0,12.7
J871,M03,Completed,2023-03-24 09:00:00,2023-03-24 10:12:00,0.0,0.4209928985746836,2023-03-24 09:08:00,2023-03-24 10:20:00,72.0,13.33
J875,M03,Completed,2023-03-24 09:40:00,2023-03-24 11:05:00,0.0,0.36595828428431837,2023-03-24 10:20:00,2023-03-24 11:45:00,85.0,13.44
J874,M03,Completed,2023-03-24 09:30:00,2023-03-24 10:44:00,0.0,0.33927914619718635,2023-03-24 11:45:00,2023-03-24 12:59:00,74.0,9.06
J889,M03,Failed,2023-03-24 12:00:00,2023-03-24 13:18:00,0.9933333333333333,0.5662337103265394,2023-03-24 12:59:00,2023-03-24 14:17:00,78.0,2.95
J899,M03,Completed,2023-03-24 13:40:00,2023-03-24 14:55:00,0.006666666666666667,0.4801763042682218,2023-03-24 14:17:00,2023-03-24 15:32:00,75.0,14.44
J903,M03,Completed,2023-03-24 14:20:00,2023-03-24 15:55:00,0.006666666666666667,0.3516278320904897,2023-03-24 15:32:00,2023-03-24 17:07:00,95.0,14.48
J902,M03,Completed,2023-03-24 14:10:00,2023-03-24 15:53:00,0.0,0.3222076045788138,2023-03-24 17:07:00,2023-03-24 18:50:00,103.0,13.56
J914,M03,Completed,2023-03-24 16:10:00,2023-03-24 17:22:00,0.013333333333333334,0.3146596328764407,2023-03-24 18:50:00,2023-03-24 20:02:00,72.0,9.64
J863,M03,Completed,2023-03-24 07:40:00,2023-03-24 08:57:00,0.0,0.3142473724689643,2023-03-24 20:02:00,2023-03-24 21:19:00,77.0,9.83
J905,M03,Completed,2023-03-24 14:40:00,2023-03-24 15:28:00,0.0,0.30476370571210637,2023-03-24 21:19:00,2023-03-24 22:07:00,48.0,7.14
J949,M03,Completed,2023-03-24 22:00:00,2023-03-24 22:57:00,0.0,0.44323816092051394,2023-03-24 22:07:00,2023-03-24 23:04:00,57.0,14.36
J930,M03,Completed,2023-03-24 18:50:00,2023-03-24 20:31:00,0.0,0.28354234467181444,2023-03-24 23:04:00,2023-03-25 00:45:00,101.0,9.44
J669,M03,Completed,2023-03-22 23:20:00,2023-03-22 23:59:00,0.006666666666666667,0.2798028107997048,2023-03-25 00:45:00,2023-03-25 01:24:00,39.0,5.85
J968,M03,Completed,2023-03-25 01:10:00,2023-03-25 01:42:00,0.0,0.48514661362577494,2023-03-25 01:24:00,2023-03-25 01:56:00,32.0,13.1
J972,M03,Completed,2023-03-25 01:50:00,2023-03-25 02:49:00,0.013333333333333334,0.4287982523571945,2023-03-25 01:56:00,2023-03-25 02:55:00,59.0,10.72
J975,M03,Completed,2023-03-25 02:20:00,2023-03-25 03:53:00,0.02666666666666667,0.2808822248173739,2023-03-25 02:55:00,2023-03-25 04:28:00,93.0,10.22
J980,M03,Failed,2023-03-25 03:10:00,2023-03-25 04:21:00,0.9733333333333334,0.8042914954891536,2023-03-25 04:28:00,2023-03-25 05:39:00,71.0,12.3
J990,M03,Completed,2023-03-25 04:50:00,2023-03-25 06:17:00,0.0,0.38445960311645927,2023-03-25 05:39:00,2023-03-25 07:06:00,87.0,12.82
J995,M03,Failed,2023-03-25 05:40:00,2023-03-25 07:38:00,0.92,0.710002677859923,2023-03-25 07:06:00,2023-03-25 09:04:00,118.0,14.12
J998,M03,Completed,2023-03-25 06:10:00,2023-03-25 07:52:00,0.0,0.39985586168605963,2023-03-25 09:04:00,2023-03-25 10:46:00,102.0,14.1
J964,M03,Completed,2023-03-25 00:30:00,2023-03-25 01:36:00,0.0,0.2797485695672236,2023-03-25 10:46:00,2023-03-25 11:52:00,66.0,8.07
J613,M03,Completed,2023-03-22 14:00:00,2023-03-22 15:06:00,0.0,0.27946857119158325,2023-03-25 11:52:00,2023-03-25 12:58:00,66.0,6.01
J682,M03,Completed,2023-03-23 01:30:00,2023-03-23 02:16:00,0.0,0.26863872093323593,2023-03-25 12:58:00,2023-03-25 13:44:00,46.0,4.04
J603,M03,Completed,2023-03-22 12:20:00,2023-03-22 13:50:00,0.0,0.26703242299320773,2023-03-25 13:44:00,2023-03-25 15:14:00,90.0,7.32
J657,M03,Completed,2023-03-22 21:20:00,2023-03-22 23:01:00,0.0,0.2600549445992944,2023-03-25 15:14:00,2023-03-25 16:55:00,101.0,10.7
J900,M03,Completed,2023-03-24 13:50:00,2023-03-24 14:49:00,0.0,0.2599783305565802,2023-03-25 16:55:00,2023-03-25 17:54:00,59.0,6.61
J804,M03,Completed,2023-03-23 21:50:00,2023-03-23 22:24:00,0.0,0.25117055553335194,2023-03-25 17:54:00,2023-03-25 18:28:00,34.0,3.84
J793,M03,Completed,2023-03-23 20:00:00,2023-03-23 21:39:00,0.006666666666666667,0.24908982942051486,2023-03-25 18:28:00,2023-03-25 20:07:00,99.0,8.8
J674,M03,Completed,2023-03-23 00:10:00,2023-03-23 01:49:00,0.0,0.24319303655562724,2023-03-25 20:07:00,2023-03-25 21:46:00,99.0,6.84
J931,M03,Completed,2023-03-24 19:00:00,2023-03-24 19:55:00,0.0,0.24242137726570379,2023-03-25 21:46:00,2023-03-25 22:41:00,55.0,5.05
J686,M03,Completed,2023-03-23 02:10:00,2023-03-23 02:47:00,0.0,0.2408853629833612,2023-03-25 22:41:00,2023-03-25 23:18:00,37.0,5.02
J775,M03,Completed,2023-03-23 17:00:00,2023-03-23 17:34:00,0.0,0.2317411029519664,2023-03-25 23:18:00,2023-03-25 23:52:00,34.0,3.0
J881,M03,Completed,2023-03-24 10:40:00,2023-03-24 12:25:00,0.0,0.2302515927360422,2023-03-25 23:52:00,2023-03-26 01:37:00,105.0,10.44
J693,M03,Completed,2023-03-23 03:20:00,2023-03-23 04:19:00,0.0,0.22390317737287418,2023-03-26 01:37:00,2023-03-26 02:36:00,59.0,3.23
J761,M03,Completed,2023-03-23 14:40:00,2023-03-23 16:07:00,0.0,0.2223121373166535,2023-03-26 02:36:00,2023-03-26 04:03:00,87.0,6.72
J593,M03,Completed,2023-03-22 10:40:00,2023-03-22 12:07:00,0.0,0.21601014486505052,2023-03-26 04:03:00,2023-03-26 05:30:00,87.0,6.22
J576,M03,Completed,2023-03-22 07:50:00,2023-03-22 08:55:00,0.0,0.21155419388860977,2023-03-26 05:30:00,2023-03-26 06:35:00,65.0,3.67
J304,M03,Completed,2023-03-20 10:30:00,2023-03-20 11:45:00,0.0,0.182752505781787,2023-03-26 06:35:00,2023-03-26 07:50:00,75.0,6.02
J776,M03,Completed,2023-03-23 17:10:00,2023-03-23 19:08:00,0.006666666666666667,0.17899552272356928,2023-03-26 07:50:00,2023-03-26 09:48:00,118.0,7.64
J578,M03,Completed,2023-03-22 08:10:00,2023-03-22 09:34:00,0.0,0.17210550663472815,2023-03-26 09:48:00,2023-03-26 11:12:00,84.0,4.29
J953,M03,Completed,2023-03-24 22:40:00,2023-03-25 00:23:00,0.013333333333333334,0.17175633377134503,2023-03-26 11:12:00,2023-03-26 12:55:00,103.0,7.28
J249,M03,Completed,2023-03-20 01:20:00,2023-03-20 02:27:00,0.0,0.17163730065511595,2023-03-26 12:55:00,2023-03-26 14:02:00,67.0,3.71
J858,M03,Completed,2023-03-24 06:50:00,2023-03-24 08:44:00,0.006666666666666667,0.17156314842050413,2023-03-26 14:02:00,2023-03-26 15:56:00,114.0,5.38
J532,M03,Completed,2023-03-22 00:30:00,2023-03-22 02:16:00,0.0,0.16986178630646245,2023-03-26 15:56:00,2023-03-26 17:42:00,106.0,4.73
J826,M03,Completed,2023-03-24 01:30:00,2023-03-24 02:37:00,0.006666666666666667,0.16753936885367043,2023-03-26 17:42:00,2023-03-26 18:49:00,67.0,3.19
J872,M03,Completed,2023-03-24 09:10:00,2023-03-24 10:41:00,0.013333333333333334,0.1556841023089986,2023-03-26 18:49:00,2023-03-26 20:20:00,91.0,5.32
J989,M03,Completed,2023-03-25 04:40:00,2023-03-25 06:09:00,0.0,0.15192005843428286,2023-03-26 20:20:00,2023-03-26 21:49:00,89.0,5.67
J590,M03,Completed,2023-03-22 10:10:00,2023-03-22 12:00:00,0.0,0.1432439232233838,2023-03-26 21:49:00,2023-03-26 23:39:00,110.0,3.47
J911,M03,Completed,2023-03-24 15:40:00,2023-03-24 17:32:00,0.006666666666666667,0.1306294958650063,2023-03-26 23:39:00,2023-03-27 01:31:00,112.0,4.12
J453,M03,Completed,2023-03-21 11:20:00,2023-03-21 13:13:00,0.006666666666666667,0.13001325595854885,2023-03-27 01:31:00,2023-03-27 03:24:00,113.0,5.09
J142,M03,Completed,2023-03-19 07:30:00,2023-03-19 09:20:00,0.006666666666666667,0.09449233724212079,2023-03-27 03:24:00,2023-03-27 05:14:00,110.0,3.75
J791,M03,Completed,2023-03-23 19:40:00,2023-03-23 21:26:00,0.0,0.09074804204338274,2023-03-27 05:14:00,2023-03-27 07:00:00,106.0,3.13
J767,M03,Completed,2023-03-23 15:40:00,2023-03-23 17:32:00,0.006666666666666667,0.06516262901028072,2023-03-27 07:00:00,2023-03-27 08:52:00,112.0,3.11
J170,M03,Completed,2023-03-19 12:10:00,2023-03-19 13:52:00,0.0,0.039006939096879516,2023-03-27 08:52:00,2023-03-27 10:34:00,102.0,2.14
J003,M04,Failed,2023-03-18 08:20:00,2023-03-18 09:16:00,0.9866666666666667,0.7699945078375454,2023-03-18 08:20:00,2023-03-18 09:16:00,56.0,11.11
J007,M04,Completed,2023-03-18 09:00:00,2023-03-18 09:22:00,0.0,0.5411162601758328,2023-03-18 09:16:00,2023-03-18 09:38:00,22.0,14.2
J004,M04,Completed,2023-03-18 08:30:00,2023-03-18 10:16:00,0.006666666666666667,0.2943561525092206,2023-03-18 09:38:00,2023-03-18 11:24:00,106.0,12.5
J014,M04,Completed,2023-03-18 10:10:00,2023-03-18 12:02:00,0.013333333333333334,0.0423859649129425,2023-03-18 11:24:00,2023-03-18 13:16:00,112.0,2.01
J025,M04,Failed,2023-03-18 12:00:00,2023-03-18 13:59:00,0.9533333333333334,0.5442796463037286,2023-03-18 13:16:00,2023-03-18 15:15:00,119.0,5.1
J033,M04,Delayed,2023-03-18 13:20:00,2023-03-18 15:03:00,1.0,0.6730131067613351,2023-03-18 15:15:00,2023-03-18 16:58:00,103.0,8.02
J051,M04,Failed,2023-03-18 16:20:00,2023-03-18 16:44:00,0.9866666666666667,0.7554691659611412,2023-03-18 16:58:00,2023-03-18 17:22:00,24.0,7.26
J042,M04,Completed,2023-03-18 14:50:00,2023-03-18 15:38:00,0.0,0.43243890758463494,2023-03-18 17:22:00,2023-03-18 18:10:00,48.0,13.57
J041,M04,Completed,2023-03-18 14:40:00,2023-03-18 16:08:00,0.006666666666666667,0.3788851465416104,2023-03-18 18:10:00,2023-03-18 19:38:00,88.0,11.64
J070,M04,Failed,2023-03-18 19:30:00,2023-03-18 20:24:00,0.9266666666666666,0.6025489858192169,2023-03-18 19:38:00,2023-03-18 20:32:00,54.0,2.46
J069,M04,Completed,2023-03-18 19:20:00,2023-03-18 19:49:00,0.013333333333333334,0.46242970956757123,2023-03-18 20:32:00,2023-03-18 21:01:00,29.0,9.58
J074,M04,Completed,2023-03-18 20:10:00,2023-03-18 21:15:00,0.0,0.43192914821983813,2023-03-18 21:01:00,2023-03-18 22:06:00,65.0,12.97
J080,M04,Completed,2023-03-18 21:10:00,2023-03-18 22:32:00,0.006666666666666667,0.422971337342806,2023-03-18 22:06:00,2023-03-18 23:28:00,82.0,14.62
J089,M04,Completed,2023-03-18 22:40:00,2023-03-18 23:35:00,0.0,0.5057699955155668,2023-03-18 23:28:00,2023-03-19 00:23:00,55.0,14.16
J097,M04,Delayed,2023-03-19 00:00:00,2023-03-19 00:57:00,1.0,0.6305611325784262,2023-03-19 00:23:00,2023-03-19 01:20:00,57.0,3.8
J102,M04,Completed,2023-03-19 00:50:00,2023-03-19 02:40:00,0.006666666666666667,0.37084667719629827,2023-03-19 01:20:00,2023-03-19 03:10:00,110.0,14.56
J107,M04,Failed,2023-03-19 01:40:00,2023-03-19 03:23:00,1.0,0.7336023207306894,2023-03-19 03:10:00,2023-03-19 04:53:00,103.0,13.37
J071,M04,Completed,2023-03-18 19:40:00,2023-03-18 20:05:00,0.02,0.3411806192296259,2023-03-19 04:53:00,2023-03-19 05:18:00,25.0,7.29
J127,M04,Delayed,2023-03-19 05:00:00,2023-03-19 05:27:00,0.9933333333333333,0.7605236100871007,2023-03-19 05:18:00,2023-03-19 05:45:00,27.0,6.94
J128,M04,Completed,2023-03-19 05:10:00,2023-03-19 05:50:00,0.0,0.38830418373295333,2023-03-19 05:45:00,2023-03-19 06:25:00,40.0,10.06
J088,M04,Completed,2023-03-18 22:30:00,2023-03-18 23:30:00,0.013333333333333334,0.326282893031911,2023-03-19 06:25:00,2023-03-19 07:25:00,60.0,9.56
J123,M04,Completed,2023-03-19 04:20:00,2023-03-19 05:45:00,0.0,0.3166461063893766,2023-03-19 07:25:00,2023-03-19 08:50:00,85.0,8.35
J120,M04,Completed,2023-03-19 03:50:00,2023-03-19 04:23:00,0.0,0.2968300125767203,2023-03-19 08:50:00,2023-03-19 09:23:00,33.0,5.5
J073,M04,Completed,2023-03-18 20:00:00,2023-03-18 21:52:00,0.0,0.28975725356842275,2023-03-19 09:23:00,2023-03-19 11:15:00,112.0,11.57
J156,M04,Failed,2023-03-19 09:50:00,2023-03-19 10:59:00,0.9933333333333333,0.8157030930937981,2023-03-19 11:15:00,2023-03-19 12:24:00,69.0,14.55
J166,M04,Failed,2023-03-19 11:30:00,2023-03-19 12:31:00,0.9933333333333333,0.7616182819964972,2023-03-19 12:24:00,2023-03-19 13:25:00,61.0,11.52
J175,M04,Failed,2023-03-19 13:00:00,2023-03-19 13:40:00,0.9933333333333333,0.7364267874594548,2023-03-19 13:25:00,2023-03-19 14:05:00,40.0,8.16
J165,M04,Completed,2023-03-19 11:20:00,2023-03-19 11:49:00,0.0,0.39429558088644756,2023-03-19 14:05:00,2023-03-19 14:34:00,29.0,7.32
J161,M04,Completed,2023-03-19 10:40:00,2023-03-19 11:34:00,0.0,0.37638177168826314,2023-03-19 14:34:00,2023-03-19 15:28:00,54.0,10.3
J187,M04,Failed,2023-03-19 15:00:00,2023-03-19 16:50:00,0.9733333333333334,0.7008522226766004,2023-03-19 15:28:00,2023-03-19 17:18:00,110.0,10.29
J190,M04,Delayed,2023-03-19 15:30:00,2023-03-19 16:20:00,1.0,0.7411199930978982,2023-03-19 17:18:00,2023-03-19 18:08:00,50.0,10.25
J201,M04,Failed,2023-03-19 17:20:00,2023-03-19 18:12:00,0.9933333333333333,0.7216180385238109,2023-03-19 18:08:00,2023-03-19 19:00:00,52.0,9.24
J205,M04,Failed,2023-03-19 18:00:00,2023-03-19 19:29:00,0.88,0.6924482405151269,2023-03-19 19:00:00,2023-03-19 20:29:00,89.0,10.18
J206,M04,Delayed,2023-03-19 18:10:00,2023-03-19 19:39:00,1.0,0.5235915266084364,2023-03-19 20:29:00,2023-03-19 21:58:00,89.0,3.08
J193,M04,Completed,2023-03-19 16:00:00,2023-03-19 17:20:00,0.0,0.4591827293551566,2023-03-19 21:58:00,2023-03-19 23:18:00,80.0,14.08
J210,M04,Completed,2023-03-19 18:50:00,2023-03-19 20:06:00,0.006666666666666667,0.3868116165343455,2023-03-19 23:18:00,2023-03-20 00:34:00,76.0,10.49
J183,M04,Completed,2023-03-19 14:20:00,2023-03-19 16:06:00,0.006666666666666667,0.3675209457530867,2023-03-20 00:34:00,2023-03-20 02:20:00,106.0,12.25
J185,M04,Completed,2023-03-19 14:40:00,2023-03-19 15:30:00,0.006666666666666667,0.310259898002331,2023-03-20 02:20:00,2023-03-20 03:10:00,50.0,6.07
J260,M04,Failed,2023-03-20 03:10:00,2023-03-20 03:57:00,0.98,0.6178035949496415,2023-03-20 03:10:00,2023-03-20 03:57:00,47.0,4.55
J264,M04,Delayed,2023-03-20 03:50:00,2023-03-20 05:02:00,1.0,0.8399029334774974,2023-03-20 03:57:00,2023-03-20 05:09:00,72.0,13.92
J263,M04,Completed,2023-03-20 03:40:00,2023-03-20 04:18:00,0.013333333333333334,0.5667890002290958,2023-03-20 05:09:00,2023-03-20 05:47:00,38.0,14.87
J272,M04,Completed,2023-03-20 05:10:00,2023-03-20 06:05:00,0.0,0.47887797749996697,2023-03-20 05:47:00,2023-03-20 06:42:00,55.0,13.68
J270,M04,Completed,2023-03-20 04:50:00,2023-03-20 06:05:00,0.0,0.472246479709762,2023-03-20 06:42:00,2023-03-20 07:57:00,75.0,14.44
J214,M04,Completed,2023-03-19 19:30:00,2023-03-19 20:06:00,0.0,0.30136038631370504,2023-03-20 07:57:00,2023-03-20 08:33:00,36.0,4.59
J119,M04,Completed,2023-03-19 03:40:00,2023-03-19 04:38:00,0.013333333333333334,0.28697647742087196,2023-03-20 08:33:00,2023-03-20 09:31:00,58.0,6.55
J293,M04,Completed,2023-03-20 08:40:00,2023-03-20 10:23:00,0.0,0.37975741588149253,2023-03-20 09:31:00,2023-03-20 11:14:00,103.0,13.09
J302,M04,Delayed,2023-03-20 10:10:00,2023-03-20 11:02:00,1.0,0.8336301582488312,2023-03-20 11:14:00,2023-03-20 12:06:00,52.0,14.65
J299,M04,Delayed,2023-03-20 09:40:00,2023-03-20 10:03:00,1.0,0.6960736107663413,2023-03-20 12:06:00,2023-03-20 12:29:00,23.0,3.92
J312,M04,Failed,2023-03-20 11:50:00,2023-03-20 13:25:00,0.98,0.5642456677466497,2023-03-20 12:29:00,2023-03-20 14:04:00,95.0,6.84
J300,M04,Completed,2023-03-20 09:50:00,2023-03-20 10:10:00,0.02,0.34268327718617353,2023-03-20 14:04:00,2023-03-20 14:24:00,20.0,6.24
J327,M04,Completed,2023-03-20 14:20:00,2023-03-20 15:33:00,0.0,0.33496497990154833,2023-03-20 14:24:00,2023-03-20 15:37:00,73.0,11.29
J334,M04,Failed,2023-03-20 15:30:00,2023-03-20 16:37:00,0.9933333333333333,0.6579167846223516,2023-03-20 15:37:00,2023-03-20 16:44:00,67.0,5.28
J310,M04,Completed,2023-03-20 11:30:00,2023-03-20 12:20:00,0.0,0.31041756279010513,2023-03-20 16:44:00,2023-03-20 17:34:00,50.0,8.24
J346,M04,Completed,2023-03-20 17:30:00,2023-03-20 17:59:00,0.0,0.5542436391464989,2023-03-20 17:34:00,2023-03-20 18:03:00,29.0,13.78
J342,M04,Failed,2023-03-20 16:50:00,2023-03-20 18:48:00,0.9466666666666667,0.45708942325913865,2023-03-20 18:03:00,2023-03-20 20:01:00,118.0,5.0
J351,M04,Completed,2023-03-20 18:20:00,2023-03-20 19:11:00,0.006666666666666667,0.3847035128158238,2023-03-20 20:01:00,2023-03-20 20:52:00,51.0,9.83
J331,M04,Completed,2023-03-20 15:00:00,2023-03-20 15:27:00,0.0,0.28372754940363654,2023-03-20 20:52:00,2023-03-20 21:19:00,27.0,5.78
J349,M04,Completed,2023-03-20 18:00:00,2023-03-20 19:26:00,0.006666666666666667,0.2802880601539756,2023-03-20 21:19:00,2023-03-20 22:45:00,86.0,10.39
J370,M04,Failed,2023-03-20 21:30:00,2023-03-20 22:17:00,1.0,0.8661882883455612,2023-03-20 22:45:00,2023-03-20 23:32:00,47.0,14.26
J376,M04,Completed,2023-03-20 22:30:00,2023-03-20 23:22:00,0.006666666666666667,0.4551581652469261,2023-03-20 23:32:00,2023-03-21 00:24:00,52.0,13.19
J382,M04,Completed,2023-03-20 23:30:00,2023-03-21 00:42:00,0.0,0.3846661526440313,2023-03-21 00:24:00,2023-03-21 01:36:00,72.0,14.49
J390,M04,Delayed,2023-03-21 00:50:00,2023-03-21 02:06:00,1.0,0.7356159554375957,2023-03-21 01:36:00,2023-03-21 02:52:00,76.0,11.35
J401,M04,Failed,2023-03-21 02:40:00,2023-03-21 03:29:00,0.98,0.690653004512268,2023-03-21 02:52:00,2023-03-21 03:41:00,49.0,8.1
J292,M04,Completed,2023-03-20 08:30:00,2023-03-20 10:03:00,0.0,0.27629030555406064,2023-03-21 03:41:00,2023-03-21 05:14:00,93.0,9.8
J413,M04,Completed,2023-03-21 04:40:00,2023-03-21 05:02:00,0.006666666666666667,0.255279092100282,2023-03-21 05:14:00,2023-03-21 05:36:00,22.0,4.23
J418,M04,Completed,2023-03-21 05:30:00,2023-03-21 06:10:00,0.0,0.37090370489713503,2023-03-21 05:36:00,2023-03-21 06:16:00,40.0,8.17
J115,M04,Completed,2023-03-19 03:00:00,2023-03-19 04:54:00,0.0,0.25343570181222086,2023-03-21 06:16:00,2023-03-21 08:10:00,114.0,9.49
J433,M04,Completed,2023-03-21 08:00:00,2023-03-21 08:46:00,0.0,0.3748027431620876,2023-03-21 08:10:00,2023-03-21 08:56:00,46.0,9.54
J438,M04,Delayed,2023-03-21 08:50:00,2023-03-21 10:39:00,0.98,0.7762367402457507,2023-03-21 08:56:00,2023-03-21 10:45:00,109.0,14.03
J441,M04,Failed,2023-03-21 09:20:00,2023-03-21 10:22:00,0.9933333333333333,0.6462879245011115,2023-03-21 10:45:00,2023-03-21 11:47:00,62.0,4.8
J436,M04,Delayed,2023-03-21 08:30:00,2023-03-21 09:29:00,0.9933333333333333,0.5537406697085813,2023-03-21 11:47:00,2023-03-21 12:46:00,59.0,3.27
J402,M04,Completed,2023-03-21 02:50:00,2023-03-21 04:43:00,0.006666666666666667,0.24583519321336425,2023-03-21 12:46:00,2023-03-21 14:39:00,113.0,10.78
J184,M04,Completed,2023-03-19 14:30:00,2023-03-19 15:59:00,0.0,0.2398720123290894,2023-03-21 14:39:00,2023-03-21 16:08:00,89.0,9.7
J474,M04,Delayed,2023-03-21 14:50:00,2023-03-21 15:42:00,1.0,0.7096679783310578,2023-03-21 16:08:00,2023-03-21 17:00:00,52.0,5.65
J473,M04,Completed,2023-03-21 14:40:00,2023-03-21 16:00:00,0.013333333333333334,0.41599924249442183,2023-03-21 17:00:00,2023-03-21 18:20:00,80.0,12.21
J489,M04,Completed,2023-03-21 17:20:00,2023-03-21 17:57:00,0.0,0.24754039686735357,2023-03-21 18:20:00,2023-03-21 18:57:00,37.0,4.17
J496,M04,Failed,2023-03-21 18:30:00,2023-03-21 19:08:00,0.9733333333333334,0.7951788874518193,2023-03-21 18:57:00,2023-03-21 19:35:00,38.0,8.37
J359,M04,Completed,2023-03-20 19:40:00,2023-03-20 21:10:00,0.0,0.23973055228048945,2023-03-21 19:35:00,2023-03-21 21:05:00,90.0,7.96
J508,M04,Delayed,2023-03-21 20:30:00,2023-03-21 21:47:00,1.0,0.6896805579665919,2023-03-21 21:05:00,2023-03-21 22:22:00,77.0,6.72
J517,M04,Completed,2023-03-21 22:00:00,2023-03-21 23:06:00,0.013333333333333334,0.48904245963105275,2023-03-21 22:22:00,2023-03-21 23:28:00,66.0,14.84
J522,M04,Delayed,2023-03-21 22:50:00,2023-03-21 23:14:00,0.9933333333333333,0.9096474180545743,2023-03-21 23:28:00,2023-03-21 23:52:00,24.0,11.99
J520,M04,Failed,2023-03-21 22:30:00,2023-03-21 23:04:00,0.9933333333333333,0.700891990563014,2023-03-21 23:52:00,2023-03-22 00:26:00,34.0,6.56
J530,M04,Delayed,2023-03-22 00:10:00,2023-03-22 01:37:00,0.9933333333333333,0.7096832091577564,2023-03-22 00:26:00,2023-03-22 01:53:00,87.0,9.93
J529,M04,Failed,2023-03-22 00:00:00,2023-03-22 01:42:00,0.9933333333333333,0.6637801129452187,2023-03-22 01:53:00,2023-03-22 03:35:00,102.0,9.47
J549,M04,Completed,2023-03-22 03:20:00,2023-03-22 04:21:00,0.0,0.4694182526282158,2023-03-22 03:35:00,2023-03-22 04:36:00,61.0,14.7
J548,M04,Completed,2023-03-22 03:10:00,2023-03-22 03:31:00,0.0,0.31250310432731515,2023-03-22 04:36:00,2023-03-22 04:57:00,21.0,5.14
J546,M04,Completed,2023-03-22 02:50:00,2023-03-22 04:25:00,0.006666666666666667,0.2755453746054163,2023-03-22 04:57:00,2023-03-22 06:32:00,95.0,7.55
J561,M04,Completed,2023-03-22 05:20:00,2023-03-22 06:04:00,0.0,0.3553843281982717,2023-03-22 06:32:00,2023-03-22 07:16:00,44.0,8.3
J572,M04,Completed,2023-03-22 07:10:00,2023-03-22 08:40:00,0.0,0.30443452500570717,2023-03-22 07:16:00,2023-03-22 08:46:00,90.0,11.44
J577,M04,Delayed,2023-03-22 08:00:00,2023-03-22 09:39:00,1.0,0.5615349588164137,2023-03-22 08:46:00,2023-03-22 10:25:00,99.0,5.13
J588,M04,Failed,2023-03-22 09:50:00,2023-03-22 11:26:00,0.9266666666666666,0.6781318288037038,2023-03-22 10:25:00,2023-03-22 12:01:00,96.0,13.0
J599,M04,Delayed,2023-03-22 11:40:00,2023-03-22 13:05:00,0.9933333333333333,0.6786468905311533,2023-03-22 12:01:00,2023-03-22 13:26:00,85.0,7.05
J602,M04,Delayed,2023-03-22 12:10:00,2023-03-22 13:29:00,1.0,0.7189313796985638,2023-03-22 13:26:00,2023-03-22 14:45:00,79.0,7.93
J580,M04,Completed,2023-03-22 08:30:00,2023-03-22 08:58:00,0.006666666666666667,0.4197754602253357,2023-03-22 14:45:00,2023-03-22 15:13:00,28.0,9.13
J605,M04,Completed,2023-03-22 12:40:00,2023-03-22 13:05:00,0.0,0.40003124618587405,2023-03-22 15:13:00,2023-03-22 15:38:00,25.0,9.27
J597,M04,Completed,2023-03-22 11:20:00,2023-03-22 12:24:00,0.0,0.37783614006741095,2023-03-22 15:38:00,2023-03-22 16:42:00,64.0,11.0
J623,M04,Completed,2023-03-22 15:40:00,2023-03-22 17:29:00,0.0,0.2821184920560186,2023-03-22 16:42:00,2023-03-22 18:31:00,109.0,9.16
J637,M04,Failed,2023-03-22 18:00:00,2023-03-22 19:25:00,0.9866666666666667,0.7745071889195987,2023-03-22 18:31:00,2023-03-22 19:56:00,85.0,13.13
J642,M04,Delayed,2023-03-22 18:50:00,2023-03-22 19:33:00,1.0,0.829895791494063,2023-03-22 19:56:00,2023-03-22 20:39:00,43.0,11.89
J635,M04,Failed,2023-03-22 17:40:00,2023-03-22 19:23:00,0.96,0.6542374706942801,2023-03-22 20:39:00,2023-03-22 22:22:00,103.0,7.9
J653,M04,Delayed,2023-03-22 20:40:00,2023-03-22 21:01:00,0.9933333333333333,0.9340948473434858,2023-03-22 22:22:00,2023-03-22 22:43:00,21.0,12.56
J661,M04,Completed,2023-03-22 22:00:00,2023-03-22 23:19:00,0.0,0.35731144745547244,2023-03-22 22:43:00,2023-03-23 00:02:00,79.0,13.23
J650,M04,Completed,2023-03-22 20:10:00,2023-03-22 21:50:00,0.0,0.28831798075484955,2023-03-23 00:02:00,2023-03-23 01:42:00,100.0,9.56
J681,M04,Completed,2023-03-23 01:20:00,2023-03-23 02:27:00,0.006666666666666667,0.41273273003421734,2023-03-23 01:42:00,2023-03-23 02:49:00,67.0,11.06
J683,M04,Completed,2023-03-23 01:40:00,2023-03-23 02:26:00,0.0,0.31055731850270746,2023-03-23 02:49:00,2023-03-23 03:35:00,46.0,6.99
J655,M04,Completed,2023-03-22 21:00:00,2023-03-22 21:46:00,0.0,0.2607703607499082,2023-03-23 03:35:00,2023-03-23 04:21:00,46.0,4.61
J697,M04,Delayed,2023-03-23 04:00:00,2023-03-23 05:14:00,0.9933333333333333,0.666000134861464,2023-03-23 04:21:00,2023-03-23 05:35:00,74.0,7.6
J492,M04,Completed,2023-03-21 17:50:00,2023-03-21 18:55:00,0.0,0.23352392159812413,2023-03-23 05:35:00,2023-03-23 06:40:00,65.0,5.53
J709,M04,Failed,2023-03-23 06:00:00,2023-03-23 07:21:00,0.9866666666666667,0.8056415475596493,2023-03-23 06:40:00,2023-03-23 08:01:00,81.0,13.22
J714,M04,Delayed,2023-03-23 06:50:00,2023-03-23 07:32:00,0.9933333333333333,0.6738503154436879,2023-03-23 08:01:00,2023-03-23 08:43:00,42.0,5.4
J707,M04,Delayed,2023-03-23 05:40:00,2023-03-23 06:21:00,0.9866666666666667,0.6715604697832139,2023-03-23 08:43:00,2023-03-23 09:24:00,41.0,6.24
J729,M04,Delayed,2023-03-23 09:20:00,2023-03-23 10:09:00,1.0,0.6142274069780093,2023-03-23 09:24:00,2023-03-23 10:13:00,49.0,4.45
J722,M04,Completed,2023-03-23 08:10:00,2023-03-23 08:50:00,0.0,0.5484348496312068,2023-03-23 10:13:00,2023-03-23 10:53:00,40.0,14.48
J723,M04,Failed,2023-03-23 08:20:00,2023-03-23 10:19:00,0.9133333333333333,0.5210524418404405,2023-03-23 10:53:00,2023-03-23 12:52:00,119.0,4.56
J743,M04,Failed,2023-03-23 11:40:00,2023-03-23 12:33:00,1.0,0.7102650647239357,2023-03-23 12:52:00,2023-03-23 13:45:00,53.0,6.9
J752,M04,Delayed,2023-03-23 13:10:00,2023-03-23 15:00:00,0.9866666666666667,0.6540084671778346,2023-03-23 13:45:00,2023-03-23 15:35:00,110.0,12.13
J759,M04,Delayed,2023-03-23 14:20:00,2023-03-23 16:13:00,0.9866666666666667,0.7281691618941274,2023-03-23 15:35:00,2023-03-23 17:28:00,113.0,12.41
J772,M04,Delayed,2023-03-23 16:30:00,2023-03-23 17:41:00,1.0,0.75585009900676,2023-03-23 17:28:00,2023-03-23 18:39:00,71.0,12.02
J766,M04,Delayed,2023-03-23 15:30:00,2023-03-23 17:08:00,1.0,0.6971794014481609,2023-03-23 18:39:00,2023-03-23 20:17:00,98.0,8.86
J755,M04,Delayed,2023-03-23 13:40:00,2023-03-23 15:40:00,0.9933333333333333,0.6148758399267075,2023-03-23 20:17:00,2023-03-23 22:17:00,120.0,10.96
J788,M04,Failed,2023-03-23 19:10:00,2023-03-23 20:35:00,0.9866666666666667,0.5606614720988895,2023-03-23 22:17:00,2023-03-23 23:42:00,85.0,5.25
J815,M04,Failed,2023-03-23 23:40:00,2023-03-24 01:23:00,0.98,0.567455991165289,2023-03-23 23:42:00,2023-03-24 01:25:00,103.0,4.94
J820,M04,Delayed,2023-03-24 00:30:00,2023-03-24 02:19:00,0.9933333333333333,0.765492485618721,2023-03-24 01:25:00,2023-03-24 03:14:00,109.0,13.79
J711,M04,Completed,2023-03-23 06:20:00,2023-03-23 06:58:00,0.0,0.4633791340184781,2023-03-24 03:14:00,2023-03-24 03:52:00,38.0,11.54
J834,M04,Completed,2023-03-24 02:50:00,2023-03-24 04:01:00,0.0,0.44919506551750454,2023-03-24 03:52:00,2023-03-24 05:03:00,71.0,12.87
J847,M04,Failed,2023-03-24 05:00:00,2023-03-24 06:13:00,0.9933333333333333,0.6216218529997296,2023-03-24 05:03:00,2023-03-24 06:16:00,73.0,6.05
J841,M04,Delayed,2023-03-24 04:00:00,2023-03-24 05:31:00,1.0,0.5391346017193202,2023-03-24 06:16:00,2023-03-24 07:47:00,91.0,4.38
J859,M04,Delayed,2023-03-24 07:00:00,2023-03-24 07:28:00,0.9933333333333333,0.8366472151617761,2023-03-24 07:47:00,2023-03-24 08:15:00,28.0,10.09
J856,M04,Failed,2023-03-24 06:30:00,2023-03-24 07:32:00,0.9666666666666667,0.6461353997900162,2023-03-24 08:15:00,2023-03-24 09:17:00,62.0,7.53
J868,M04,Delayed,2023-03-24 08:30:00,2023-03-24 09:03:00,0.9933333333333333,0.7950804416391322,2023-03-24 09:17:00,2023-03-24 09:50:00,33.0,7.36
J869,M04,Completed,2023-03-24 08:40:00,2023-03-24 09:19:00,0.0,0.48265495270724873,2023-03-24 09:50:00,2023-03-24 10:29:00,39.0,13.37
J845,M04,Completed,2023-03-24 04:40:00,2023-03-24 05:20:00,0.02,0.4602533782166733,2023-03-24 10:29:00,2023-03-24 11:09:00,40.0,14.19
J857,M04,Completed,2023-03-24 06:40:00,2023-03-24 07:42:00,0.0,0.4516328368928614,2023-03-24 11:09:00,2023-03-24 12:11:00,62.0,13.79
J855,M04,Completed,2023-03-24 06:20:00,2023-03-24 07:50:00,0.006666666666666667,0.42455848176499145,2023-03-24 12:11:00,2023-03-24 13:41:00,90.0,13.56
J886,M04,Completed,2023-03-24 11:30:00,2023-03-24 11:55:00,0.013333333333333334,0.41363467649831026,2023-03-24 13:41:00,2023-03-24 14:06:00,25.0,9.4
J821,M04,Completed,2023-03-24 00:40:00,2023-03-24 01:04:00,0.0,0.3808081808138275,2023-03-24 14:06:00,2023-03-24 14:30:00,24.0,8.58
J757,M04,Completed,2023-03-23 14:00:00,2023-03-23 15:07:00,0.0,0.3303233372471129,2023-03-24 14:30:00,2023-03-24 15:37:00,67.0,7.84
J909,M04,Completed,2023-03-24 15:20:00,2023-03-24 17:16:00,0.0,0.33923807976243747,2023-03-24 15:37:00,2023-03-24 17:33:00,116.0,13.6
J912,M04,Failed,2023-03-24 15:50:00,2023-03-24 17:02:00,1.0,0.8126619319775134,2023-03-24 17:33:00,2023-03-24 18:45:00,72.0,13.88
J918,M04,Failed,2023-03-24 16:50:00,2023-03-24 18:46:00,0.9666666666666667,0.7060735566599434,2023-03-24 18:45:00,2023-03-24 20:41:00,116.0,12.06
J924,M04,Delayed,2023-03-24 17:50:00,2023-03-24 19:14:00,0.9733333333333334,0.4844636336426688,2023-03-24 20:41:00,2023-03-24 22:05:00,84.0,3.01
J943,M04,Failed,2023-03-24 21:00:00,2023-03-24 22:11:00,0.9866666666666667,0.7481428663968135,2023-03-24 22:05:00,2023-03-24 23:16:00,71.0,12.6
J955,M04,Failed,2023-03-24 23:00:00,2023-03-24 23:55:00,0.9066666666666666,0.814587698627628,2023-03-24 23:16:00,2023-03-25 00:11:00,55.0,14.79
J945,M04,Delayed,2023-03-24 21:20:00,2023-03-24 21:53:00,0.9933333333333333,0.5922682840418994,2023-03-25 00:11:00,2023-03-25 00:44:00,33.0,2.46
J920,M04,Completed,2023-03-24 17:10:00,2023-03-24 17:53:00,0.013333333333333334,0.4293978546803126,2023-03-25 00:44:00,2023-03-25 01:27:00,43.0,9.59
J959,M04,Completed,2023-03-24 23:40:00,2023-03-25 01:04:00,0.0,0.41740437444872314,2023-03-25 01:27:00,2023-03-25 02:51:00,84.0,14.44
J963,M04,Completed,2023-03-25 00:20:00,2023-03-25 02:01:00,0.006666666666666667,0.3562410691162311,2023-03-25 02:51:00,2023-03-25 04:32:00,101.0,11.33
J984,M04,Delayed,2023-03-25 03:50:00,2023-03-25 05:04:00,1.0,0.7337846848958052,2023-03-25 04:32:00,2023-03-25 05:46:00,74.0,9.05
J942,M04,Completed,2023-03-24 20:50:00,2023-03-24 21:10:00,0.006666666666666667,0.3185007777680936,2023-03-25 05:46:00,2023-03-25 06:06:00,20.0,4.97
J725,M04,Completed,2023-03-23 08:40:00,2023-03-23 10:37:00,0.0,0.3159582031257019,2023-03-25 06:06:00,2023-03-25 08:03:00,117.0,12.68
J830,M04,Completed,2023-03-24 02:10:00,2023-03-24 02:34:00,0.0,0.31269959014552995,2023-03-25 08:03:00,2023-03-25 08:27:00,24.0,3.36
J887,M04,Completed,2023-03-24 11:40:00,2023-03-24 13:25:00,0.0,0.3119705392879898,2023-03-25 08:27:00,2023-03-25 10:12:00,105.0,11.47
J762,M04,Completed,2023-03-23 14:50:00,2023-03-23 16:06:00,0.0,0.3021865844154667,2023-03-25 10:12:00,2023-03-25 11:28:00,76.0,11.27
J844,M04,Completed,2023-03-24 04:30:00,2023-03-24 05:28:00,0.0,0.2956877003543295,2023-03-25 11:28:00,2023-03-25 12:26:00,58.0,8.75
J917,M04,Completed,2023-03-24 16:40:00,2023-03-24 17:20:00,0.0,0.29468327719457355,2023-03-25 12:26:00,2023-03-25 13:06:00,40.0,6.24
J893,M04,Completed,2023-03-24 12:40:00,2023-03-24 14:35:00,0.0,0.293066185110062,2023-03-25 13:06:00,2023-03-25 15:01:00,115.0,12.2
J739,M04,Completed,2023-03-23 11:00:00,2023-03-23 12:38:00,0.0,0.28027805055088917,2023-03-25 15:01:00,2023-03-25 16:39:00,98.0,11.77
J988,M04,Completed,2023-03-25 04:30:00,2023-03-25 06:14:00,0.0,0.27922233493305726,2023-03-25 16:39:00,2023-03-25 18:23:00,104.0,8.83
J732,M04,Completed,2023-03-23 09:50:00,2023-03-23 10:21:00,0.0,0.27487538043278054,2023-03-25 18:23:00,2023-03-25 18:54:00,31.0,2.33
J970,M04,Completed,2023-03-25 01:30:00,2023-03-25 02:45:00,0.006666666666666667,0.23742176953036065,2023-03-25 18:54:00,2023-03-25 20:09:00,75.0,4.4
J265,M04,Completed,2023-03-20 04:00:00,2023-03-20 05:37:00,0.0,0.23123312907802057,2023-03-25 20:09:00,2023-03-25 21:46:00,97.0,6.15
J369,M04,Completed,2023-03-20 21:20:00,2023-03-20 22:36:00,0.0,0.22719571480426054,2023-03-25 21:46:00,2023-03-25 23:02:00,76.0,5.98
J226,M04,Completed,2023-03-19 21:30:00,2023-03-19 23:15:00,0.0,0.22413220792264144,2023-03-25 23:02:00,2023-03-26 00:47:00,105.0,7.9
J758,M04,Completed,2023-03-23 14:10:00,2023-03-23 14:42:00,0.006666666666666667,0.22267916514528097,2023-03-26 00:47:00,2023-03-26 01:19:00,32.0,2.32
J865,M04,Completed,2023-03-24 08:00:00,2023-03-24 09:17:00,0.006666666666666667,0.22166589565012565,2023-03-26 01:19:00,2023-03-26 02:36:00,77.0,7.76
J116,M04,Completed,2023-03-19 03:10:00,2023-03-19 04:27:00,0.006666666666666667,0.2211545942675641,2023-03-26 02:36:00,2023-03-26 03:53:00,77.0,5.69
J718,M04,Completed,2023-03-23 07:30:00,2023-03-23 09:11:00,0.013333333333333334,0.21989462862055592,2023-03-26 03:53:00,2023-03-26 05:34:00,101.0,5.32
J279,M04,Completed,2023-03-20 06:20:00,2023-03-20 07:24:00,0.006666666666666667,0.2195808410749555,2023-03-26 05:34:00,2023-03-26 06:38:00,64.0,2.45
J557,M04,Completed,2023-03-22 04:40:00,2023-03-22 05:24:00,0.0,0.21855845473433597,2023-03-26 06:38:00,2023-03-26 07:22:00,44.0,4.66
J199,M04,Completed,2023-03-19 17:00:00,2023-03-19 18:30:00,0.0,0.215845473354866,2023-03-26 07:22:00,2023-03-26 08:52:00,90.0,7.61
J320,M04,Completed,2023-03-20 13:10:00,2023-03-20 13:49:00,0.0,0.2148020127444287,2023-03-26 08:52:00,2023-03-26 09:31:00,39.0,2.7
J469,M04,Completed,2023-03-21 14:00:00,2023-03-21 15:59:00,0.0,0.2044550582240817,2023-03-26 09:31:00,2023-03-26 11:30:00,119.0,9.17
J445,M04,Completed,2023-03-21 10:00:00,2023-03-21 10:56:00,0.0,0.20381057501142621,2023-03-26 11:30:00,2023-03-26 12:26:00,56.0,5.06
J719,M04,Completed,2023-03-23 07:40:00,2023-03-23 09:12:00,0.0,0.19791859757091151,2023-03-26 12:26:00,2023-03-26 13:58:00,92.0,4.96
J860,M04,Completed,2023-03-24 07:10:00,2023-03-24 08:52:00,0.0,0.19722225377902397,2023-03-26 13:58:00,2023-03-26 15:40:00,102.0,8.07
J960,M04,Completed,2023-03-24 23:50:00,2023-03-25 01:18:00,0.0,0.1875929067073282,2023-03-26 15:40:00,2023-03-26 17:08:00,88.0,3.03
J554,M04,Completed,2023-03-22 04:10:00,2023-03-22 05:43:00,0.006666666666666667,0.1871824317870459,2023-03-26 17:08:00,2023-03-26 18:41:00,93.0,6.97
J547,M04,Completed,2023-03-22 03:00:00,2023-03-22 04:40:00,0.0,0.1834159801940522,2023-03-26 18:41:00,2023-03-26 20:21:00,100.0,6.39
J792,M04,Completed,2023-03-23 19:50:00,2023-03-23 21:00:00,0.0,0.17945866980572228,2023-03-26 20:21:00,2023-03-26 21:31:00,70.0,4.08
J268,M04,Completed,2023-03-20 04:30:00,2023-03-20 06:15:00,0.006666666666666667,0.17920320847758664,2023-03-26 21:31:00,2023-03-26 23:16:00,105.0,6.98
J484,M04,Completed,2023-03-21 16:30:00,2023-03-21 18:21:00,0.006666666666666667,0.1790605310434248,2023-03-26 23:16:00,2023-03-27 01:07:00,111.0,6.81
J286,M04,Completed,2023-03-20 07:30:00,2023-03-20 09:17:00,0.006666666666666667,0.1790217370658299,2023-03-27 01:07:00,2023-03-27 02:54:00,107.0,6.69
J810,M04,Completed,2023-03-23 22:50:00,2023-03-24 00:14:00,0.0,0.175579109686552,2023-03-27 02:54:00,2023-03-27 04:18:00,84.0,3.53
J198,M04,Completed,2023-03-19 16:50:00,2023-03-19 18:04:00,0.07333333333333333,0.16858407388301852,2023-03-27 04:18:00,2023-03-27 05:32:00,74.0,2.46
J768,M04,Completed,2023-03-23 15:50:00,2023-03-23 17:17:00,0.013333333333333334,0.1684846541895359,2023-03-27 05:32:00,2023-03-27 06:59:00,87.0,5.3
J233,M04,Completed,2023-03-19 22:40:00,2023-03-20 00:08:00,0.0,0.1666011443422229,2023-03-27 06:59:00,2023-03-27 08:27:00,88.0,2.35
J764,M04,Completed,2023-03-23 15:10:00,2023-03-23 16:47:00,0.0,0.16369265105701364,2023-03-27 08:27:00,2023-03-27 10:04:00,97.0,3.23
J131,M04,Completed,2023-03-19 05:40:00,2023-03-19 06:58:00,0.006666666666666667,0.16334564243882221,2023-03-27 10:04:00,2023-03-27 11:22:00,78.0,4.87
J440,M04,Completed,2023-03-21 09:10:00,2023-03-21 10:48:00,0.0,0.15880339244452044,2023-03-27 11:22:00,2023-03-27 13:00:00,98.0,2.65
J460,M04,Completed,2023-03-21 12:30:00,2023-03-21 14:15:00,0.0,0.15630361562998418,2023-03-27 13:00:00,2023-03-27 14:45:00,105.0,4.74
J785,M04,Completed,2023-03-23 18:40:00,2023-03-23 20:17:00,0.0,0.15593385545513905,2023-03-27 14:45:00,2023-03-27 16:22:00,97.0,5.17
J950,M04,Completed,2023-03-24 22:10:00,2023-03-24 23:42:00,0.0,0.15466087732863157,2023-03-27 16:22:00,2023-03-27 17:54:00,92.0,4.0
J598,M04,Completed,2023-03-22 11:30:00,2023-03-22 13:12:00,0.14,0.13329367360835495,2023-03-27 17:54:00,2023-03-27 19:36:00,102.0,2.43
J136,M04,Completed,2023-03-19 06:30:00,2023-03-19 07:48:00,0.006666666666666667,0.12113487264969539,2023-03-27 19:36:00,2023-03-27 20:54:00,78.0,2.59
J036,M04,Completed,2023-03-18 13:50:00,2023-03-18 15:29:00,0.0,0.12047258856588318,2023-03-27 20:54:00,2023-03-27 22:33:00,99.0,4.72
J363,M04,Completed,2023-03-20 20:20:00,2023-03-20 22:18:00,0.006666666666666667,0.10810723802421164,2023-03-27 22:33:00,2023-03-28 00:31:00,118.0,3.21
J298,M04,Completed,2023-03-20 09:30:00,2023-03-20 11:26:00,0.006666666666666667,0.0960215341731318,2023-03-28 00:31:00,2023-03-28 02:27:00,116.0,4.79
J961,M04,Completed,2023-03-25 00:00:00,2023-03-25 01:33:00,0.0,0.06984628495483175,2023-03-28 02:27:00,2023-03-28 04:00:00,93.0,2.24
J896,M04,Completed,2023-03-24 13:10:00,2023-03-24 14:59:00,0.04,0.04945152780764786,2023-03-28 04:00:00,2023-03-28 05:49:00,109.0,2.05
J008,M05,Completed,2023-03-18 09:10:00,2023-03-18 10:29:00,0.0,0.3981993263638108,2023-03-18 09:10:00,2023-03-18 10:29:00,79.0,13.86
J015,M05,Completed,2023-03-18 10:20:00,2023-03-18 12:04:00,0.0,0.07565945705033157,2023-03-18 10:29:00,2023-03-18 12:13:00,104.0,3.67
J020,M05,Completed,2023-03-18 11:10:00,2023-03-18 11:52:00,0.0,0.47983232559147226,2023-03-18 12:13:00,2023-03-18 12:55:00,42.0,14.19
J018,M05,Completed,2023-03-18 10:50:00,2023-03-18 11:45:00,0.0,0.3631006776658656,2023-03-18 12:55:00,2023-03-18 13:50:00,55.0,10.95
J030,M05,Completed,2023-03-18 12:50:00,2023-03-18 13:56:00,0.006666666666666667,0.35643625639403065,2023-03-18 13:50:00,2023-03-18 14:56:00,66.0,10.36
J052,M05,Completed,2023-03-18 16:30:00,2023-03-18 16:53:00,0.006666666666666667,0.45244721285152373,2023-03-18 16:30:00,2023-03-18 16:53:00,23.0,9.2
J054,M05,Delayed,2023-03-18 16:50:00,2023-03-18 17:54:00,1.0,0.7090295820303447,2023-03-18 16:53:00,2023-03-18 17:57:00,64.0,6.66
J059,M05,Delayed,2023-03-18 17:40:00,2023-03-18 18:42:00,1.0,0.6675724542482702,2023-03-18 17:57:00,2023-03-18 18:59:00,62.0,6.06
J055,M05,Completed,2023-03-18 17:00:00,2023-03-18 18:56:00,0.006666666666666667,0.26718170134685665,2023-03-18 18:59:00,2023-03-18 20:55:00,116.0,13.1
J075,M05,Completed,2023-03-18 20:20:00,2023-03-18 21:45:00,0.0,0.276395325237073,2023-03-18 20:55:00,2023-03-18 22:20:00,85.0,7.52
J084,M05,Delayed,2023-03-18 21:50:00,2023-03-18 23:07:00,0.9933333333333333,0.7206542759916172,2023-03-18 22:20:00,2023-03-18 23:37:00,77.0,11.36
J094,M05,Delayed,2023-03-18 23:30:00,2023-03-19 00:21:00,1.0,0.7359507361097646,2023-03-18 23:37:00,2023-03-19 00:28:00,51.0,7.61
J099,M05,Failed,2023-03-19 00:20:00,2023-03-19 00:53:00,0.92,0.6688311484351257,2023-03-19 00:28:00,2023-03-19 01:01:00,33.0,3.17
J103,M05,Delayed,2023-03-19 01:00:00,2023-03-19 02:45:00,1.0,0.6299066667996629,2023-03-19 01:01:00,2023-03-19 02:46:00,105.0,9.97
J096,M05,Delayed,2023-03-18 23:50:00,2023-03-19 01:40:00,0.9866666666666667,0.6149750702728712,2023-03-19 02:46:00,2023-03-19 04:36:00,110.0,10.67
J079,M05,Delayed,2023-03-18 21:00:00,2023-03-18 22:24:00,0.9933333333333333,0.6052258784827839,2023-03-19 04:36:00,2023-03-19 06:00:00,84.0,7.43
J108,M05,Completed,2023-03-19 01:50:00,2023-03-19 03:08:00,0.006666666666666667,0.4609879749257652,2023-03-19 06:00:00,2023-03-19 07:18:00,78.0,14.78
J086,M05,Completed,2023-03-18 22:10:00,2023-03-18 23:27:00,0.0,0.3965303737201975,2023-03-19 07:18:00,2023-03-19 08:35:00,77.0,14.07
J129,M05,Completed,2023-03-19 05:20:00,2023-03-19 06:05:00,0.0,0.3617152943954619,2023-03-19 08:35:00,2023-03-19 09:20:00,45.0,7.75
J149,M05,Failed,2023-03-19 08:40:00,2023-03-19 10:20:00,0.9733333333333334,0.6777568203322976,2023-03-19 09:20:00,2023-03-19 11:00:00,100.0,11.84
J121,M05,Completed,2023-03-19 04:00:00,2023-03-19 04:39:00,0.0,0.344043582348682,2023-03-19 11:00:00,2023-03-19 11:39:00,39.0,8.06
J164,M05,Delayed,2023-03-19 11:10:00,2023-03-19 12:06:00,0.9933333333333333,0.5869776132605006,2023-03-19 11:39:00,2023-03-19 12:35:00,56.0,4.22
J171,M05,Completed,2023-03-19 12:20:00,2023-03-19 13:32:00,0.0,0.4503724384016881,2023-03-19 12:35:00,2023-03-19 13:47:00,72.0,13.69
J104,M05,Completed,2023-03-19 01:10:00,2023-03-19 02:12:00,0.0,0.3281170311969104,2023-03-19 13:47:00,2023-03-19 14:49:00,62.0,8.45
J145,M05,Completed,2023-03-19 08:00:00,2023-03-19 08:22:00,0.0,0.3279603944278825,2023-03-19 14:49:00,2023-03-19 15:11:00,22.0,7.26
J101,M05,Completed,2023-03-19 00:40:00,2023-03-19 01:17:00,0.0,0.2657565231494038,2023-03-19 15:11:00,2023-03-19 15:48:00,37.0,4.73
J140,M05,Completed,2023-03-19 07:10:00,2023-03-19 08:50:00,0.0,0.26472507404888135,2023-03-19 15:48:00,2023-03-19 17:28:00,100.0,8.54
J197,M05,Delayed,2023-03-19 16:40:00,2023-03-19 17:01:00,0.98,0.8269232638093938,2023-03-19 17:28:00,2023-03-19 17:49:00,21.0,9.75
J203,M05,Delayed,2023-03-19 17:40:00,2023-03-19 18:41:00,1.0,0.6122661197965077,2023-03-19 17:49:00,2023-03-19 18:50:00,61.0,3.81
J207,M05,Completed,2023-03-19 18:20:00,2023-03-19 18:41:00,0.006666666666666667,0.32529840792713133,2023-03-19 18:50:00,2023-03-19 19:11:00,21.0,3.53
J110,M05,Completed,2023-03-19 02:10:00,2023-03-19 03:57:00,0.006666666666666667,0.2501494406681187,2023-03-19 19:11:00,2023-03-19 20:58:00,107.0,9.31
J218,M05,Delayed,2023-03-19 20:10:00,2023-03-19 21:21:00,1.0,0.7788748930654376,2023-03-19 20:58:00,2023-03-19 22:09:00,71.0,10.74
J224,M05,Delayed,2023-03-19 21:10:00,2023-03-19 22:35:00,0.9933333333333333,0.6435862242165606,2023-03-19 22:09:00,2023-03-19 23:34:00,85.0,9.63
J227,M05,Delayed,2023-03-19 21:40:00,2023-03-19 23:29:00,1.0,0.6314631331402634,2023-03-19 23:34:00,2023-03-20 01:23:00,109.0,6.97
J219,M05,Completed,2023-03-19 20:20:00,2023-03-19 22:07:00,0.006666666666666667,0.2515291428136363,2023-03-20 01:23:00,2023-03-20 03:10:00,107.0,11.19
J254,M05,Delayed,2023-03-20 02:10:00,2023-03-20 02:48:00,1.0,0.8869639244284363,2023-03-20 03:10:00,2023-03-20 03:48:00,38.0,14.38
J262,M05,Failed,2023-03-20 03:30:00,2023-03-20 05:24:00,0.9466666666666667,0.4896156578887219,2023-03-20 03:48:00,2023-03-20 05:42:00,114.0,4.24
J266,M05,Delayed,2023-03-20 04:10:00,2023-03-20 05:46:00,1.0,0.7008750553844506,2023-03-20 05:42:00,2023-03-20 07:18:00,96.0,12.26
J252,M05,Completed,2023-03-20 01:50:00,2023-03-20 02:28:00,0.0,0.43722972039236113,2023-03-20 07:18:00,2023-03-20 07:56:00,38.0,13.14
J258,M05,Completed,2023-03-20 02:50:00,2023-03-20 03:18:00,0.006666666666666667,0.4115621745056286,2023-03-20 07:56:00,2023-03-20 08:24:00,28.0,9.23
J280,M05,Completed,2023-03-20 06:30:00,2023-03-20 07:36:00,0.0,0.3375783792455428,2023-03-20 08:24:00,2023-03-20 09:30:00,66.0,9.66
J290,M05,Completed,2023-03-20 08:10:00,2023-03-20 09:31:00,0.0,0.2794649190348976,2023-03-20 09:30:00,2023-03-20 10:51:00,81.0,10.72
J305,M05,Completed,2023-03-20 10:40:00,2023-03-20 12:09:00,0.0,0.39844848433963326,2023-03-20 10:51:00,2023-03-20 12:20:00,89.0,12.46
J313,M05,Failed,2023-03-20 12:00:00,2023-03-20 12:59:00,1.0,0.6093797829055541,2023-03-20 12:20:00,2023-03-20 13:19:00,59.0,4.65
J314,M05,Completed,2023-03-20 12:10:00,2023-03-20 14:03:00,0.0,0.3108388588918493,2023-03-20 13:19:00,2023-03-20 15:12:00,113.0,10.52
J324,M05,Delayed,2023-03-20 13:50:00,2023-03-20 14:11:00,0.9733333333333334,0.8471515368825933,2023-03-20 15:12:00,2023-03-20 15:33:00,21.0,11.65
J329,M05,Delayed,2023-03-20 14:40:00,2023-03-20 15:54:00,0.98,0.5459405101005208,2023-03-20 15:33:00,2023-03-20 16:47:00,74.0,2.64
J340,M05,Delayed,2023-03-20 16:30:00,2023-03-20 17:28:00,0.9933333333333333,0.6689695785185239,2023-03-20 16:47:00,2023-03-20 17:45:00,58.0,6.8
J345,M05,Failed,2023-03-20 17:20:00,2023-03-20 17:57:00,0.9933333333333333,0.730001352246386,2023-03-20 17:45:00,2023-03-20 18:22:00,37.0,6.03
J328,M05,Completed,2023-03-20 14:30:00,2023-03-20 15:27:00,0.0,0.4927491782456778,2023-03-20 18:22:00,2023-03-20 19:19:00,57.0,13.77
J336,M05,Completed,2023-03-20 15:50:00,2023-03-20 16:15:00,0.02,0.45522111753781536,2023-03-20 19:19:00,2023-03-20 19:44:00,25.0,10.4
J335,M05,Completed,2023-03-20 15:40:00,2023-03-20 16:39:00,0.0,0.450117518141863,2023-03-20 19:44:00,2023-03-20 20:43:00,59.0,13.01
J360,M05,Completed,2023-03-20 19:50:00,2023-03-20 20:19:00,0.0,0.33107681694019553,2023-03-20 20:43:00,2023-03-20 21:12:00,29.0,8.0
J367,M05,Completed,2023-03-20 21:00:00,2023-03-20 21:38:00,0.006666666666666667,0.43810683221372515,2023-03-20 21:12:00,2023-03-20 21:50:00,38.0,12.38
J332,M05,Completed,2023-03-20 15:10:00,2023-03-20 17:04:00,0.04,0.2964454002892838,2023-03-20 21:50:00,2023-03-20 23:44:00,114.0,9.52
J375,M05,Failed,2023-03-20 22:20:00,2023-03-21 00:10:00,1.0,0.7442462358379558,2023-03-20 23:44:00,2023-03-21 01:34:00,110.0,12.16
J388,M05,Completed,2023-03-21 00:30:00,2023-03-21 00:54:00,0.013333333333333334,0.42644099066285024,2023-03-21 01:34:00,2023-03-21 01:58:00,24.0,11.46
J303,M05,Completed,2023-03-20 10:20:00,2023-03-20 10:58:00,0.006666666666666667,0.2853859784329618,2023-03-21 01:58:00,2023-03-21 02:36:00,38.0,6.46
J397,M05,Failed,2023-03-21 02:00:00,2023-03-21 02:23:00,0.9466666666666667,0.817981765899338,2023-03-21 02:36:00,2023-03-21 02:59:00,23.0,8.52
J399,M05,Completed,2023-03-21 02:20:00,2023-03-21 03:40:00,0.0,0.35734042120105963,2023-03-21 02:59:00,2023-03-21 04:19:00,80.0,12.18
J409,M05,Delayed,2023-03-21 04:00:00,2023-03-21 04:31:00,0.9933333333333333,0.9001557977156763,2023-03-21 04:19:00,2023-03-21 04:50:00,31.0,12.64
J274,M05,Completed,2023-03-20 05:30:00,2023-03-20 05:50:00,0.013333333333333334,0.2685967347002294,2023-03-21 04:50:00,2023-03-21 05:10:00,20.0,4.29
J403,M05,Completed,2023-03-21 03:00:00,2023-03-21 04:53:00,0.006666666666666667,0.2542757239919876,2023-03-21 05:10:00,2023-03-21 07:03:00,113.0,11.6
J423,M05,Delayed,2023-03-21 06:20:00,2023-03-21 08:05:00,0.9933333333333333,0.7323164924386523,2023-03-21 07:03:00,2023-03-21 08:48:00,105.0,12.92
J426,M05,Delayed,2023-03-21 06:50:00,2023-03-21 08:04:00,1.0,0.6468066383974028,2023-03-21 08:48:00,2023-03-21 10:02:00,74.0,7.11
J419,M05,Completed,2023-03-21 05:40:00,2023-03-21 06:23:00,0.0,0.5204610639737475,2023-03-21 10:02:00,2023-03-21 10:45:00,43.0,13.53
J430,M05,Completed,2023-03-21 07:30:00,2023-03-21 08:14:00,0.013333333333333334,0.47804915524808284,2023-03-21 10:45:00,2023-03-21 11:29:00,44.0,12.69
J450,M05,Delayed,2023-03-21 10:50:00,2023-03-21 12:25:00,1.0,0.5455930686259811,2023-03-21 11:29:00,2023-03-21 13:04:00,95.0,4.55
J462,M05,Delayed,2023-03-21 12:50:00,2023-03-21 13:36:00,1.0,0.775216653407211,2023-03-21 13:04:00,2023-03-21 13:50:00,46.0,7.51
J456,M05,Delayed,2023-03-21 11:50:00,2023-03-21 13:05:00,1.0,0.7032776037797815,2023-03-21 13:50:00,2023-03-21 15:05:00,75.0,7.59
J448,M05,Completed,2023-03-21 10:30:00,2023-03-21 11:24:00,0.0,0.4649180700223803,2023-03-21 15:05:00,2023-03-21 15:59:00,54.0,12.99
J478,M05,Delayed,2023-03-21 15:30:00,2023-03-21 16:04:00,1.0,0.7507485285869554,2023-03-21 15:59:00,2023-03-21 16:33:00,34.0,7.69
J434,M05,Completed,2023-03-21 08:10:00,2023-03-21 09:37:00,0.0,0.4484209714521942,2023-03-21 16:33:00,2023-03-21 18:00:00,87.0,14.22
J428,M05,Completed,2023-03-21 07:10:00,2023-03-21 07:47:00,0.0,0.4348430791568473,2023-03-21 18:00:00,2023-03-21 18:37:00,37.0,11.13
J494,M05,Delayed,2023-03-21 18:10:00,2023-03-21 19:21:00,1.0,0.65205591811185,2023-03-21 18:37:00,2023-03-21 19:48:00,71.0,6.85
J502,M05,Delayed,2023-03-21 19:30:00,2023-03-21 21:01:00,1.0,0.6988513569724503,2023-03-21 19:48:00,2023-03-21 21:19:00,91.0,10.83
J470,M05,Completed,2023-03-21 14:10:00,2023-03-21 15:06:00,0.0,0.42176699263999395,2023-03-21 21:19:00,2023-03-21 22:15:00,56.0,11.98
J468,M05,Completed,2023-03-21 13:50:00,2023-03-21 14:32:00,0.0,0.41686921234017144,2023-03-21 22:15:00,2023-03-21 22:57:00,42.0,9.42
J521,M05,Completed,2023-03-21 22:40:00,2023-03-21 23:42:00,0.0,0.5039722436178043,2023-03-21 22:57:00,2023-03-21 23:59:00,62.0,14.46
J437,M05,Completed,2023-03-21 08:40:00,2023-03-21 09:37:00,0.0,0.4050204114617826,2023-03-21 23:59:00,2023-03-22 00:56:00,57.0,11.57
J499,M05,Completed,2023-03-21 19:00:00,2023-03-21 20:09:00,0.0,0.3111669033718031,2023-03-22 00:56:00,2023-03-22 02:05:00,69.0,8.55
J427,M05,Completed,2023-03-21 07:00:00,2023-03-21 08:04:00,0.0,0.30785683560371835,2023-03-22 02:05:00,2023-03-22 03:09:00,64.0,10.25
J545,M05,Completed,2023-03-22 02:40:00,2023-03-22 03:30:00,0.013333333333333334,0.3057521135037671,2023-03-22 03:09:00,2023-03-22 03:59:00,50.0,6.67
J506,M05,Completed,2023-03-21 20:10:00,2023-03-21 22:07:00,0.013333333333333334,0.2622565163720574,2023-03-22 03:59:00,2023-03-22 05:56:00,117.0,8.99
J556,M05,Failed,2023-03-22 04:30:00,2023-03-22 05:06:00,0.9533333333333334,0.6323143011775851,2023-03-22 05:56:00,2023-03-22 06:32:00,36.0,5.37
J565,M05,Completed,2023-03-22 06:00:00,2023-03-22 07:50:00,0.006666666666666667,0.3143438163467726,2023-03-22 06:32:00,2023-03-22 08:22:00,110.0,13.71
J575,M05,Delayed,2023-03-22 07:40:00,2023-03-22 09:40:00,0.98,0.4282050071204473,2023-03-22 08:22:00,2023-03-22 10:22:00,120.0,2.21
J591,M05,Failed,2023-03-22 10:20:00,2023-03-22 11:30:00,0.9866666666666667,0.838281485877807,2023-03-22 10:22:00,2023-03-22 11:32:00,70.0,13.68
J584,M05,Failed,2023-03-22 09:10:00,2023-03-22 09:42:00,0.9733333333333334,0.6628336372888203,2023-03-22 11:32:00,2023-03-22 12:04:00,32.0,4.86
J585,M05,Failed,2023-03-22 09:20:00,2023-03-22 10:01:00,0.98,0.6542080911537167,2023-03-22 12:04:00,2023-03-22 12:45:00,41.0,5.15
J587,M05,Delayed,2023-03-22 09:40:00,2023-03-22 11:00:00,0.9933333333333333,0.6167562927992567,2023-03-22 12:45:00,2023-03-22 14:05:00,80.0,6.9
J595,M05,Completed,2023-03-22 11:00:00,2023-03-22 11:26:00,0.02,0.4610894777211631,2023-03-22 14:05:00,2023-03-22 14:31:00,26.0,9.83
J594,M05,Completed,2023-03-22 10:50:00,2023-03-22 12:14:00,0.0,0.3744996956388326,2023-03-22 14:31:00,2023-03-22 15:55:00,84.0,12.13
J621,M05,Completed,2023-03-22 15:20:00,2023-03-22 16:18:00,0.0,0.3467569695152082,2023-03-22 15:55:00,2023-03-22 16:53:00,58.0,8.91
J630,M05,Delayed,2023-03-22 16:50:00,2023-03-22 17:29:00,0.9933333333333333,0.6873656341945661,2023-03-22 16:53:00,2023-03-22 17:32:00,39.0,6.18
J563,M05,Completed,2023-03-22 05:40:00,2023-03-22 07:00:00,0.0,0.3012595868926675,2023-03-22 17:32:00,2023-03-22 18:52:00,80.0,7.48
J636,M05,Delayed,2023-03-22 17:50:00,2023-03-22 19:03:00,1.0,0.6483562062275553,2023-03-22 18:52:00,2023-03-22 20:05:00,73.0,4.36
J643,M05,Delayed,2023-03-22 19:00:00,2023-03-22 20:01:00,1.0,0.6482317083987607,2023-03-22 20:05:00,2023-03-22 21:06:00,61.0,5.82
J639,M05,Delayed,2023-03-22 18:20:00,2023-03-22 20:02:00,0.9933333333333333,0.5274330772871455,2023-03-22 21:06:00,2023-03-22 22:48:00,102.0,2.21
J647,M05,Completed,2023-03-22 19:40:00,2023-03-22 21:17:00,0.006666666666666667,0.3437524922375974,2023-03-22 22:48:00,2023-03-23 00:25:00,97.0,14.54
J562,M05,Completed,2023-03-22 05:30:00,2023-03-22 07:18:00,0.0,0.26225021303192736,2023-03-23 00:25:00,2023-03-23 02:13:00,108.0,10.49
J626,M05,Completed,2023-03-22 16:10:00,2023-03-22 17:02:00,0.013333333333333334,0.24630431900344457,2023-03-23 02:13:00,2023-03-23 03:05:00,52.0,2.68
J690,M05,Delayed,2023-03-23 02:50:00,2023-03-23 03:30:00,0.9933333333333333,0.7874270715115892,2023-03-23 03:05:00,2023-03-23 03:45:00,40.0,10.82
J220,M05,Completed,2023-03-19 20:30:00,2023-03-19 21:40:00,0.0,0.24585480663613787,2023-03-23 03:45:00,2023-03-23 04:55:00,70.0,4.22
J698,M05,Delayed,2023-03-23 04:10:00,2023-03-23 05:06:00,1.0,0.8751452335220802,2023-03-23 04:55:00,2023-03-23 05:51:00,56.0,13.15
J702,M05,Delayed,2023-03-23 04:50:00,2023-03-23 05:35:00,0.9933333333333333,0.8717986983355619,2023-03-23 05:51:00,2023-03-23 06:36:00,45.0,14.9
J704,M05,Delayed,2023-03-23 05:10:00,2023-03-23 05:49:00,1.0,0.7898456352670958,2023-03-23 06:36:00,2023-03-23 07:15:00,39.0,9.13
J713,M05,Failed,2023-03-23 06:40:00,2023-03-23 08:00:00,0.9866666666666667,0.8363271783658701,2023-03-23 07:15:00,2023-03-23 08:35:00,80.0,13.55
J708,M05,Delayed,2023-03-23 05:50:00,2023-03-23 07:24:00,1.0,0.5937968587454834,2023-03-23 08:35:00,2023-03-23 10:09:00,94.0,6.32
J726,M05,Failed,2023-03-23 08:50:00,2023-03-23 10:47:00,0.9866666666666667,0.5338485028971278,2023-03-23 10:09:00,2023-03-23 12:06:00,117.0,5.72
J737,M05,Completed,2023-03-23 10:40:00,2023-03-23 11:00:00,0.04,0.485480176896542,2023-03-23 12:06:00,2023-03-23 12:26:00,20.0,10.93
J747,M05,Completed,2023-03-23 12:20:00,2023-03-23 12:56:00,0.0,0.5233585196413871,2023-03-23 12:26:00,2023-03-23 13:02:00,36.0,13.05
J736,M05,Completed,2023-03-23 10:30:00,2023-03-23 10:57:00,0.013333333333333334,0.3328380202524881,2023-03-23 13:02:00,2023-03-23 13:29:00,27.0,6.99
J715,M05,Completed,2023-03-23 07:00:00,2023-03-23 07:51:00,0.0,0.2891179645302177,2023-03-23 13:29:00,2023-03-23 14:20:00,51.0,4.22
J716,M05,Completed,2023-03-23 07:10:00,2023-03-23 07:37:00,0.0,0.2869779653445491,2023-03-23 14:20:00,2023-03-23 14:47:00,27.0,3.19
J750,M05,Completed,2023-03-23 12:50:00,2023-03-23 14:04:00,0.006666666666666667,0.2606326610583522,2023-03-23 14:47:00,2023-03-23 16:01:00,74.0,7.82
J763,M05,Failed,2023-03-23 15:00:00,2023-03-23 16:24:00,0.9933333333333333,0.7753066316266564,2023-03-23 16:01:00,2023-03-23 17:25:00,84.0,11.37
J770,M05,Delayed,2023-03-23 16:10:00,2023-03-23 17:55:00,0.9866666666666667,0.6401315041481211,2023-03-23 17:25:00,2023-03-23 19:10:00,105.0,9.96
J773,M05,Failed,2023-03-23 16:40:00,2023-03-23 18:40:00,0.94,0.5536528827908032,2023-03-23 19:10:00,2023-03-23 21:10:00,120.0,6.96
J794,M05,Delayed,2023-03-23 20:10:00,2023-03-23 21:43:00,0.98,0.6535558978278443,2023-03-23 21:10:00,2023-03-23 22:43:00,93.0,6.66
J799,M05,Delayed,2023-03-23 21:00:00,2023-03-23 22:44:00,0.9933333333333333,0.5755208912651822,2023-03-23 22:43:00,2023-03-24 00:27:00,104.0,7.42
J816,M05,Completed,2023-03-23 23:50:00,2023-03-24 00:24:00,0.006666666666666667,0.4781970809629657,2023-03-24 00:27:00,2023-03-24 01:01:00,34.0,14.45
J812,M05,Completed,2023-03-23 23:10:00,2023-03-23 23:34:00,0.0,0.4527474739143432,2023-03-24 01:01:00,2023-03-24 01:25:00,24.0,10.78
J790,M05,Completed,2023-03-23 19:30:00,2023-03-23 19:58:00,0.0,0.34307965750251856,2023-03-24 01:25:00,2023-03-24 01:53:00,28.0,8.66
J819,M05,Completed,2023-03-24 00:20:00,2023-03-24 01:32:00,0.013333333333333334,0.31796686008208236,2023-03-24 01:53:00,2023-03-24 03:05:00,72.0,7.28
J831,M05,Delayed,2023-03-24 02:20:00,2023-03-24 03:40:00,0.9933333333333333,0.8211267022322043,2023-03-24 03:05:00,2023-03-24 04:25:00,80.0,12.55
J837,M05,Failed,2023-03-24 03:20:00,2023-03-24 04:12:00,0.98,0.6427993341035954,2023-03-24 04:25:00,2023-03-24 05:17:00,52.0,3.56
J839,M05,Completed,2023-03-24 03:40:00,2023-03-24 04:54:00,0.006666666666666667,0.3481179509913112,2023-03-24 05:17:00,2023-03-24 06:31:00,74.0,12.74
J850,M05,Failed,2023-03-24 05:30:00,2023-03-24 07:21:00,0.9666666666666667,0.5558901374448658,2023-03-24 06:31:00,2023-03-24 08:22:00,111.0,6.5
J854,M05,Completed,2023-03-24 06:10:00,2023-03-24 07:18:00,0.0,0.4421812279171201,2023-03-24 08:22:00,2023-03-24 09:30:00,68.0,12.99
J849,M05,Completed,2023-03-24 05:20:00,2023-03-24 06:13:00,0.013333333333333334,0.3789794802963649,2023-03-24 09:30:00,2023-03-24 10:23:00,53.0,8.73
J879,M05,Failed,2023-03-24 10:20:00,2023-03-24 11:12:00,0.9866666666666667,0.8828437550815387,2023-03-24 10:23:00,2023-03-24 11:15:00,52.0,13.14
J877,M05,Delayed,2023-03-24 10:00:00,2023-03-24 10:23:00,0.9866666666666667,0.7024677456825813,2023-03-24 11:15:00,2023-03-24 11:38:00,23.0,6.93
J843,M05,Completed,2023-03-24 04:20:00,2023-03-24 05:21:00,0.0,0.3400630604945044,2023-03-24 11:38:00,2023-03-24 12:39:00,61.0,8.88
J885,M05,Completed,2023-03-24 11:20:00,2023-03-24 12:05:00,0.0,0.32533173720008063,2023-03-24 12:39:00,2023-03-24 13:24:00,45.0,8.68
J808,M05,Completed,2023-03-23 22:30:00,2023-03-24 00:24:00,0.0,0.29726965059780147,2023-03-24 13:24:00,2023-03-24 15:18:00,114.0,10.93
J898,M05,Delayed,2023-03-24 13:30:00,2023-03-24 13:50:00,0.98,0.8408373976398211,2023-03-24 15:18:00,2023-03-24 15:38:00,20.0,9.81
J904,M05,Failed,2023-03-24 14:30:00,2023-03-24 15:35:00,0.9733333333333334,0.8147291857053139,2023-03-24 15:38:00,2023-03-24 16:43:00,65.0,12.46
J901,M05,Delayed,2023-03-24 14:00:00,2023-03-24 15:34:00,0.9933333333333333,0.7344244338432042,2023-03-24 16:43:00,2023-03-24 18:17:00,94.0,12.06
J913,M05,Completed,2023-03-24 16:00:00,2023-03-24 16:31:00,0.0,0.46875599560151254,2023-03-24 18:17:00,2023-03-24 18:48:00,31.0,12.76
J919,M05,Completed,2023-03-24 17:00:00,2023-03-24 17:48:00,0.006666666666666667,0.45177156459098045,2023-03-24 18:48:00,2023-03-24 19:36:00,48.0,11.56
J934,M05,Completed,2023-03-24 19:30:00,2023-03-24 20:58:00,0.006666666666666667,0.30184501344481196,2023-03-24 19:36:00,2023-03-24 21:04:00,88.0,11.95
J936,M05,Completed,2023-03-24 19:50:00,2023-03-24 20:12:00,0.0,0.5378820760269403,2023-03-24 21:04:00,2023-03-24 21:26:00,22.0,13.15
J882,M05,Completed,2023-03-24 10:50:00,2023-03-24 11:50:00,0.006666666666666667,0.2970204385199715,2023-03-24 21:26:00,2023-03-24 22:26:00,60.0,7.5
J897,M05,Completed,2023-03-24 13:20:00,2023-03-24 14:20:00,0.006666666666666667,0.2910552557087379,2023-03-24 22:26:00,2023-03-24 23:26:00,60.0,9.29
J807,M05,Completed,2023-03-23 22:20:00,2023-03-23 23:59:00,0.006666666666666667,0.24603013701381443,2023-03-24 23:26:00,2023-03-25 01:05:00,99.0,7.53
J967,M05,Completed,2023-03-25 01:00:00,2023-03-25 02:04:00,0.0,0.2740865965932149,2023-03-25 01:05:00,2023-03-25 02:09:00,64.0,8.79
J158,M05,Completed,2023-03-19 10:10:00,2023-03-19 12:03:00,0.0,0.24538010793313372,2023-03-25 02:09:00,2023-03-25 04:02:00,113.0,7.69
J974,M05,Delayed,2023-03-25 02:10:00,2023-03-25 02:51:00,1.0,0.8730996221931736,2023-03-25 04:02:00,2023-03-25 04:43:00,41.0,14.04
J983,M05,Delayed,2023-03-25 03:40:00,2023-03-25 04:26:00,1.0,0.869750598129261,2023-03-25 04:43:00,2023-03-25 05:29:00,46.0,14.1
J976,M05,Failed,2023-03-25 02:30:00,2023-03-25 04:11:00,0.9666666666666667,0.6548253320175484,2023-03-25 05:29:00,2023-03-25 07:10:00,101.0,9.23
J993,M05,Delayed,2023-03-25 05:20:00,2023-03-25 07:05:00,0.9933333333333333,0.6320405520162801,2023-03-25 07:10:00,2023-03-25 08:55:00,105.0,9.95
J997,M05,Failed,2023-03-25 06:00:00,2023-03-25 07:00:00,1.0,0.5626206220923085,2023-03-25 08:55:00,2023-03-25 09:55:00,60.0,3.17
J994,M05,Completed,2023-03-25 05:30:00,2023-03-25 07:04:00,0.0,0.27533319805922885,2023-03-25 09:55:00,2023-03-25 11:29:00,94.0,9.39
J315,M05,Completed,2023-03-20 12:20:00,2023-03-20 13:11:00,0.0,0.24163186300261608,2023-03-25 11:29:00,2023-03-25 12:20:00,51.0,4.67
J242,M05,Completed,2023-03-20 00:10:00,2023-03-20 01:52:00,0.0,0.23897041755430826,2023-03-25 12:20:00,2023-03-25 14:02:00,102.0,10.33
J386,M05,Completed,2023-03-21 00:10:00,2023-03-21 01:23:00,0.0,0.23718873513459593,2023-03-25 14:02:00,2023-03-25 15:15:00,73.0,5.47
J951,M05,Completed,2023-03-24 22:20:00,2023-03-24 23:41:00,0.0,0.2360570547384554,2023-03-25 15:15:00,2023-03-25 16:36:00,81.0,4.52
J153,M05,Completed,2023-03-19 09:20:00,2023-03-19 10:26:00,0.0,0.23493665543723394,2023-03-25 16:36:00,2023-03-25 17:42:00,66.0,5.45
J518,M05,Completed,2023-03-21 22:10:00,2023-03-21 23:11:00,0.0,0.22926892017922254,2023-03-25 17:42:00,2023-03-25 18:43:00,61.0,4.09
J365,M05,Completed,2023-03-20 20:40:00,2023-03-20 22:26:00,0.0,0.22802434767714597,2023-03-25 18:43:00,2023-03-25 20:29:00,106.0,9.52
J238,M05,Completed,2023-03-19 23:30:00,2023-03-20 01:05:00,0.006666666666666667,0.22488190019365112,2023-03-25 20:29:00,2023-03-25 22:04:00,95.0,7.18
J781,M05,Completed,2023-03-23 18:00:00,2023-03-23 19:43:00,0.0,0.22465860487077757,2023-03-25 22:04:00,2023-03-25 23:47:00,103.0,8.66
J357,M05,Completed,2023-03-20 19:20:00,2023-03-20 21:16:00,0.0,0.2231117964439517,2023-03-25 23:47:00,2023-03-26 01:43:00,116.0,11.31
J895,M05,Completed,2023-03-24 13:00:00,2023-03-24 14:22:00,0.0,0.22045481475083534,2023-03-26 01:43:00,2023-03-26 03:05:00,82.0,6.89
J317,M05,Completed,2023-03-20 12:40:00,2023-03-20 13:50:00,0.0,0.2194213366863756,2023-03-26 03:05:00,2023-03-26 04:15:00,70.0,4.67
J152,M05,Completed,2023-03-19 09:10:00,2023-03-19 10:56:00,0.013333333333333334,0.2182053050778012,2023-03-26 04:15:00,2023-03-26 06:01:00,106.0,9.32
J364,M05,Completed,2023-03-20 20:30:00,2023-03-20 22:25:00,0.006666666666666667,0.20917683181679306,2023-03-26 06:01:00,2023-03-26 07:56:00,115.0,6.41
J361,M05,Completed,2023-03-20 20:00:00,2023-03-20 21:23:00,0.006666666666666667,0.20632620486790493,2023-03-26 07:56:00,2023-03-26 09:19:00,83.0,4.43
J072,M05,Completed,2023-03-18 19:50:00,2023-03-18 20:58:00,0.0,0.19744641480241076,2023-03-26 09:19:00,2023-03-26 10:27:00,68.0,6.05
J109,M05,Completed,2023-03-19 02:00:00,2023-03-19 03:42:00,0.013333333333333334,0.19267854291815395,2023-03-26 10:27:00,2023-03-26 12:09:00,102.0,5.14
J986,M05,Completed,2023-03-25 04:10:00,2023-03-25 05:10:00,0.006666666666666667,0.18940367108885317,2023-03-26 12:09:00,2023-03-26 13:09:00,60.0,3.53
J786,M05,Completed,2023-03-23 18:50:00,2023-03-23 20:40:00,0.0,0.1886848192133982,2023-03-26 13:09:00,2023-03-26 14:59:00,110.0,7.71
J490,M05,Completed,2023-03-21 17:30:00,2023-03-21 18:51:00,0.006666666666666667,0.18059362360847098,2023-03-26 14:59:00,2023-03-26 16:20:00,81.0,5.42
J540,M05,Completed,2023-03-22 01:50:00,2023-03-22 02:50:00,0.0,0.1782924156982248,2023-03-26 16:20:00,2023-03-26 17:20:00,60.0,3.62
J958,M05,Completed,2023-03-24 23:30:00,2023-03-25 00:14:00,0.0,0.17623000446774603,2023-03-26 17:20:00,2023-03-26 18:04:00,44.0,2.83
J488,M05,Completed,2023-03-21 17:10:00,2023-03-21 18:45:00,0.006666666666666667,0.17208394540287056,2023-03-26 18:04:00,2023-03-26 19:39:00,95.0,5.58
J638,M05,Completed,2023-03-22 18:10:00,2023-03-22 19:43:00,0.0,0.15931185326463893,2023-03-26 19:39:00,2023-03-26 21:12:00,93.0,4.06
J543,M05,Completed,2023-03-22 02:20:00,2023-03-22 03:47:00,0.0,0.15008878789249241,2023-03-26 21:12:00,2023-03-26 22:39:00,87.0,3.37
J373,M05,Completed,2023-03-20 22:00:00,2023-03-20 23:35:00,0.0,0.14981739236329783,2023-03-26 22:39:00,2023-03-27 00:14:00,95.0,4.05
J442,M05,Completed,2023-03-21 09:30:00,2023-03-21 11:07:00,0.0,0.14639767885464347,2023-03-27 00:14:00,2023-03-27 01:51:00,97.0,3.62
J512,M05,Completed,2023-03-21 21:10:00,2023-03-21 22:48:00,0.0,0.14364290062116564,2023-03-27 01:51:00,2023-03-27 03:29:00,98.0,4.27
J751,M05,Completed,2023-03-23 13:00:00,2023-03-23 14:30:00,0.006666666666666667,0.1422470748955904,2023-03-27 03:29:00,2023-03-27 04:59:00,90.0,2.72
J664,M05,Completed,2023-03-22 22:30:00,2023-03-23 00:07:00,0.05333333333333334,0.14130565811289117,2023-03-27 04:59:00,2023-03-27 06:36:00,97.0,2.25
J824,M05,Completed,2023-03-24 01:10:00,2023-03-24 02:43:00,0.006666666666666667,0.14041052902023302,2023-03-27 06:36:00,2023-03-27 08:09:00,93.0,2.9
J691,M05,Completed,2023-03-23 03:00:00,2023-03-23 04:27:00,0.0,0.13134512843586063,2023-03-27 08:09:00,2023-03-27 09:36:00,87.0,4.38
J410,M05,Completed,2023-03-21 04:10:00,2023-03-21 05:43:00,0.0,0.11368429168841736,2023-03-27 09:36:00,2023-03-27 11:09:00,93.0,2.77
J1000,M05,Completed,2023-03-25 06:30:00,2023-03-25 08:21:00,0.02,0.1113589254490368,2023-03-27 11:09:00,2023-03-27 13:00:00,111.0,3.88
J878,M05,Completed,2023-03-24 10:10:00,2023-03-24 12:06:00,0.0,0.10012758187058732,2023-03-27 13:00:00,2023-03-27 14:56:00,116.0,3.49
J926,M05,Completed,2023-03-24 18:10:00,2023-03-24 20:05:00,0.0,0.09142271639145043,2023-03-27 14:56:00,2023-03-27 16:51:00,115.0,4.62
J176,M05,Completed,2023-03-19 13:10:00,2023-03-19 14:50:00,0.006666666666666667,0.07782878167089914,2023-03-27 16:51:00,2023-03-27 18:31:00,100.0,2.62
J813,M05,Completed,2023-03-23 23:20:00,2023-03-24 01:19:00,0.03333333333333333,0.07038750692250721,2023-03-27 18:31:00,2023-03-27 20:30:00,119.0,3.48
J771,M05,Completed,2023-03-23 16:20:00,2023-03-23 18:03:00,0.0,0.05967869172318764,2023-03-27 20:30:00,2023-03-27 22:13:00,103.0,2.21
