Job_ID,Machine_ID,Job_Status,orig_Scheduled_start,orig_Scheduled_end,pred_abnormal_prob,priority_score,optimized_start,optimized_end,Processing_Time,Energy_Consumption
J001,M01,Completed,2023-03-18 08:00:00,2023-03-18 09:16:00,0.0,0.1861333441768603,2023-03-18 08:00:00,2023-03-18 09:16:00,76.0,11.42
J002,M01,Delayed,2023-03-18 08:10:00,2023-03-18 09:29:00,1.0,0.7545479848395626,2023-03-18 09:16:00,2023-03-18 10:35:00,79.0,6.61
J010,M01,Delayed,2023-03-18 09:30:00,2023-03-18 09:57:00,0.9933333333333333,0.8556946525883155,2023-03-18 10:35:00,2023-03-18 11:02:00,27.0,3.66
J005,M01,Completed,2023-03-18 08:40:00,2023-03-18 09:26:00,0.0,0.36433729660903236,2023-03-18 11:02:00,2023-03-18 11:48:00,46.0,8.13
J011,M01,Completed,2023-03-18 09:40:00,2023-03-18 10:45:00,0.0,0.2730199245400602,2023-03-18 11:48:00,2023-03-18 12:53:00,65.0,9.98
J026,M01,Completed,2023-03-18 12:10:00,2023-03-18 12:31:00,0.0,0.46504135049300666,2023-03-18 12:53:00,2023-03-18 13:14:00,21.0,3.89
J016,M01,Completed,2023-03-18 10:30:00,2023-03-18 11:35:00,0.0,0.188009982574491,2023-03-18 13:14:00,2023-03-18 14:19:00,65.0,12.29
J034,M01,Delayed,2023-03-18 13:30:00,2023-03-18 15:20:00,0.9933333333333333,0.5426549252968005,2023-03-18 14:19:00,2023-03-18 16:09:00,110.0,12.52
J038,M01,Completed,2023-03-18 14:10:00,2023-03-18 14:53:00,0.0,0.41161879642240906,2023-03-18 16:09:00,2023-03-18 16:52:00,43.0,4.98
J050,M01,Delayed,2023-03-18 16:10:00,2023-03-18 17:54:00,1.0,0.7701771695929656,2023-03-18 16:52:00,2023-03-18 18:36:00,104.0,3.09
J060,M01,Completed,2023-03-18 17:50:00,2023-03-18 18:56:00,0.0,0.3534895913775207,2023-03-18 18:36:00,2023-03-18 19:42:00,66.0,8.69
J058,M01,Completed,2023-03-18 17:30:00,2023-03-18 18:53:00,0.02,0.32847161466227476,2023-03-18 19:42:00,2023-03-18 21:05:00,83.0,8.42
J076,M01,Failed,2023-03-18 20:30:00,2023-03-18 22:09:00,0.94,0.5803260151439764,2023-03-18 21:05:00,2023-03-18 22:44:00,99.0,10.01
J077,M01,Completed,2023-03-18 20:40:00,2023-03-18 21:42:00,0.0,0.36888722965091586,2023-03-18 22:44:00,2023-03-18 23:46:00,62.0,7.46
J040,M01,Completed,2023-03-18 14:30:00,2023-03-18 15:20:00,0.0,0.2671030313062264,2023-03-18 23:46:00,2023-03-19 00:36:00,50.0,9.94
J082,M01,Completed,2023-03-18 21:30:00,2023-03-18 21:54:00,0.006666666666666667,0.23670700268741307,2023-03-19 00:36:00,2023-03-19 01:00:00,24.0,13.39
J056,M01,Completed,2023-03-18 17:10:00,2023-03-18 18:54:00,0.006666666666666667,0.20567668981363607,2023-03-19 01:00:00,2023-03-19 02:44:00,104.0,11.91
J113,M01,Completed,2023-03-19 02:40:00,2023-03-19 04:23:00,0.0,0.34950135941865235,2023-03-19 02:44:00,2023-03-19 04:27:00,103.0,2.25
J114,M01,Delayed,2023-03-19 02:50:00,2023-03-19 04:46:00,0.9933333333333333,0.6562402842111477,2023-03-19 04:27:00,2023-03-19 06:23:00,116.0,4.36
J132,M01,Delayed,2023-03-19 05:50:00,2023-03-19 07:00:00,1.0,0.6889339768113509,2023-03-19 06:23:00,2023-03-19 07:33:00,70.0,10.68
J124,M01,Completed,2023-03-19 04:30:00,2023-03-19 05:10:00,0.0,0.5042559753323772,2023-03-19 07:33:00,2023-03-19 08:13:00,40.0,4.42
J146,M01,Failed,2023-03-19 08:10:00,2023-03-19 09:12:00,0.9866666666666667,0.8165669219285976,2023-03-19 08:13:00,2023-03-19 09:15:00,62.0,2.21
J135,M01,Completed,2023-03-19 06:20:00,2023-03-19 06:43:00,0.013333333333333334,0.42203349160090936,2023-03-19 09:15:00,2023-03-19 09:38:00,23.0,8.31
J148,M01,Completed,2023-03-19 08:30:00,2023-03-19 09:09:00,0.0,0.3484423974513212,2023-03-19 09:38:00,2023-03-19 10:17:00,39.0,9.65
J126,M01,Completed,2023-03-19 04:50:00,2023-03-19 06:00:00,0.0,0.3344844377828185,2023-03-19 10:17:00,2023-03-19 11:27:00,70.0,5.07
J163,M01,Completed,2023-03-19 11:00:00,2023-03-19 11:43:00,0.0,0.3599367771935258,2023-03-19 11:27:00,2023-03-19 12:10:00,43.0,10.4
J167,M01,Completed,2023-03-19 11:40:00,2023-03-19 12:15:00,0.006666666666666667,0.3789361955497302,2023-03-19 12:10:00,2023-03-19 12:45:00,35.0,7.2
J133,M01,Completed,2023-03-19 06:00:00,2023-03-19 07:25:00,0.006666666666666667,0.3054224188172166,2023-03-19 12:45:00,2023-03-19 14:10:00,85.0,6.51
J182,M01,Failed,2023-03-19 14:10:00,2023-03-19 15:29:00,0.9866666666666667,0.7634986266759515,2023-03-19 14:10:00,2023-03-19 15:29:00,79.0,6.22
J174,M01,Delayed,2023-03-19 12:50:00,2023-03-19 14:43:00,1.0,0.5715944483483832,2023-03-19 15:29:00,2023-03-19 17:22:00,113.0,12.49
J191,M01,Completed,2023-03-19 15:40:00,2023-03-19 17:34:00,0.006666666666666667,0.27940310298566406,2023-03-19 17:22:00,2023-03-19 19:16:00,114.0,5.81
J209,M01,Delayed,2023-03-19 18:40:00,2023-03-19 20:26:00,0.9933333333333333,0.5796286703746115,2023-03-19 19:16:00,2023-03-19 21:02:00,106.0,11.95
J223,M01,Failed,2023-03-19 21:00:00,2023-03-19 21:58:00,0.9866666666666667,0.653581246496985,2023-03-19 21:02:00,2023-03-19 22:00:00,58.0,10.74
J208,M01,Completed,2023-03-19 18:30:00,2023-03-19 18:50:00,0.013333333333333334,0.5084701267447176,2023-03-19 22:00:00,2023-03-19 22:20:00,20.0,5.06
J212,M01,Completed,2023-03-19 19:10:00,2023-03-19 20:46:00,0.0,0.300988678337039,2023-03-19 22:20:00,2023-03-19 23:56:00,96.0,4.27
J237,M01,Completed,2023-03-19 23:20:00,2023-03-20 00:43:00,0.0,0.3619884754386378,2023-03-19 23:56:00,2023-03-20 01:19:00,83.0,6.17
J246,M01,Completed,2023-03-20 00:50:00,2023-03-20 01:30:00,0.0,0.4840068173567547,2023-03-20 01:19:00,2023-03-20 01:59:00,40.0,3.02
J251,M01,Completed,2023-03-20 01:40:00,2023-03-20 02:01:00,0.02,0.40689680640153725,2023-03-20 01:59:00,2023-03-20 02:20:00,21.0,8.57
J248,M01,Completed,2023-03-20 01:10:00,2023-03-20 02:01:00,0.0,0.39151621151072064,2023-03-20 02:20:00,2023-03-20 03:11:00,51.0,5.84
J256,M01,Completed,2023-03-20 02:30:00,2023-03-20 03:30:00,0.006666666666666667,0.4455250848825585,2023-03-20 03:11:00,2023-03-20 04:11:00,60.0,4.89
J261,M01,Delayed,2023-03-20 03:20:00,2023-03-20 05:04:00,1.0,0.7272116215703408,2023-03-20 04:11:00,2023-03-20 05:55:00,104.0,4.72
J269,M01,Delayed,2023-03-20 04:40:00,2023-03-20 05:05:00,0.9933333333333333,0.9202514029809306,2023-03-20 05:55:00,2023-03-20 06:20:00,25.0,4.0
J273,M01,Delayed,2023-03-20 05:20:00,2023-03-20 06:38:00,0.9933333333333333,0.7919326917880919,2023-03-20 06:20:00,2023-03-20 07:38:00,78.0,5.42
J271,M01,Completed,2023-03-20 05:00:00,2023-03-20 05:21:00,0.0,0.45591908453763447,2023-03-20 07:38:00,2023-03-20 07:59:00,21.0,7.47
J253,M01,Completed,2023-03-20 02:00:00,2023-03-20 02:43:00,0.0,0.33465982227836977,2023-03-20 07:59:00,2023-03-20 08:42:00,43.0,9.9
J255,M01,Completed,2023-03-20 02:20:00,2023-03-20 02:58:00,0.0,0.3222274885549129,2023-03-20 08:42:00,2023-03-20 09:20:00,38.0,11.78
J297,M01,Delayed,2023-03-20 09:20:00,2023-03-20 10:39:00,0.98,0.8730747875814949,2023-03-20 09:20:00,2023-03-20 10:39:00,79.0,2.05
J283,M01,Completed,2023-03-20 07:00:00,2023-03-20 07:37:00,0.0,0.3092374305257253,2023-03-20 10:39:00,2023-03-20 11:16:00,37.0,9.47
J308,M01,Completed,2023-03-20 11:10:00,2023-03-20 12:00:00,0.0,0.5076175790316241,2023-03-20 11:16:00,2023-03-20 12:06:00,50.0,3.41
J216,M01,Completed,2023-03-19 19:50:00,2023-03-19 20:32:00,0.0,0.28160159073508073,2023-03-20 12:06:00,2023-03-20 12:48:00,42.0,10.46
J178,M01,Completed,2023-03-19 13:30:00,2023-03-19 14:52:00,0.0,0.26724700728080353,2023-03-20 12:48:00,2023-03-20 14:10:00,82.0,10.58
J321,M01,Delayed,2023-03-20 13:20:00,2023-03-20 14:30:00,1.0,0.6389035422076155,2023-03-20 14:10:00,2023-03-20 15:20:00,70.0,10.34
J326,M01,Completed,2023-03-20 14:10:00,2023-03-20 15:10:00,0.006666666666666667,0.3858367352528593,2023-03-20 15:20:00,2023-03-20 16:20:00,60.0,4.74
J330,M01,Completed,2023-03-20 14:50:00,2023-03-20 15:44:00,0.006666666666666667,0.34927121969528546,2023-03-20 16:20:00,2023-03-20 17:14:00,54.0,8.66
J323,M01,Completed,2023-03-20 13:40:00,2023-03-20 15:10:00,0.0,0.2915383679059762,2023-03-20 17:14:00,2023-03-20 18:44:00,90.0,5.88
J186,M01,Completed,2023-03-19 14:50:00,2023-03-19 16:00:00,0.013333333333333334,0.2607283745357687,2023-03-20 18:44:00,2023-03-20 19:54:00,70.0,12.13
J358,M01,Failed,2023-03-20 19:30:00,2023-03-20 20:36:00,0.9866666666666667,0.6774221749523303,2023-03-20 19:54:00,2023-03-20 21:00:00,66.0,8.79
J230,M01,Completed,2023-03-19 22:10:00,2023-03-19 23:15:00,0.0,0.25694639453303536,2023-03-20 21:00:00,2023-03-20 22:05:00,65.0,11.13
J371,M01,Completed,2023-03-20 21:40:00,2023-03-20 22:12:00,0.0,0.4790759242042235,2023-03-20 22:05:00,2023-03-20 22:37:00,32.0,4.38
J162,M01,Completed,2023-03-19 10:50:00,2023-03-19 11:48:00,0.0,0.23670949156054447,2023-03-20 22:37:00,2023-03-20 23:35:00,58.0,11.7
J378,M01,Failed,2023-03-20 22:50:00,2023-03-20 23:53:00,0.9933333333333333,0.7577887158138548,2023-03-20 23:35:00,2023-03-21 00:38:00,63.0,4.78
J383,M01,Delayed,2023-03-20 23:40:00,2023-03-21 00:45:00,0.9866666666666667,0.8607759062225904,2023-03-21 00:38:00,2023-03-21 01:43:00,65.0,3.68
J379,M01,Completed,2023-03-20 23:00:00,2023-03-20 23:47:00,0.006666666666666667,0.4712369706106481,2023-03-21 01:43:00,2023-03-21 02:30:00,47.0,5.13
J393,M01,Completed,2023-03-21 01:20:00,2023-03-21 02:29:00,0.006666666666666667,0.42386887419271246,2023-03-21 02:30:00,2023-03-21 03:39:00,69.0,2.09
J404,M01,Delayed,2023-03-21 03:10:00,2023-03-21 04:39:00,0.9933333333333333,0.5646370703276793,2023-03-21 03:39:00,2023-03-21 05:08:00,89.0,11.11
J412,M01,Delayed,2023-03-21 04:30:00,2023-03-21 05:16:00,1.0,0.9106993462734637,2023-03-21 05:08:00,2023-03-21 05:54:00,46.0,2.94
J417,M01,Failed,2023-03-21 05:20:00,2023-03-21 06:10:00,0.9933333333333333,0.7654062136853624,2023-03-21 05:54:00,2023-03-21 06:44:00,50.0,6.94
J424,M01,Failed,2023-03-21 06:30:00,2023-03-21 07:34:00,1.0,0.7203593714446115,2023-03-21 06:44:00,2023-03-21 07:48:00,64.0,8.93
J431,M01,Completed,2023-03-21 07:40:00,2023-03-21 08:28:00,0.006666666666666667,0.5329021087787428,2023-03-21 07:48:00,2023-03-21 08:36:00,48.0,2.15
J387,M01,Completed,2023-03-21 00:20:00,2023-03-21 01:02:00,0.0,0.399099460303074,2023-03-21 08:36:00,2023-03-21 09:18:00,42.0,4.47
J389,M01,Completed,2023-03-21 00:40:00,2023-03-21 01:51:00,0.0,0.3200671184658397,2023-03-21 09:18:00,2023-03-21 10:29:00,71.0,9.02
J447,M01,Completed,2023-03-21 10:20:00,2023-03-21 11:33:00,0.0,0.4312519579646604,2023-03-21 10:29:00,2023-03-21 11:42:00,73.0,3.13
J451,M01,Delayed,2023-03-21 11:00:00,2023-03-21 12:49:00,0.9933333333333333,0.5942633333593824,2023-03-21 11:42:00,2023-03-21 13:31:00,109.0,9.01
J465,M01,Failed,2023-03-21 13:20:00,2023-03-21 13:48:00,0.98,0.918222943246565,2023-03-21 13:31:00,2023-03-21 13:59:00,28.0,2.46
J455,M01,Completed,2023-03-21 11:40:00,2023-03-21 13:27:00,0.02,0.36297780302489924,2023-03-21 13:59:00,2023-03-21 15:46:00,107.0,2.35
J471,M01,Completed,2023-03-21 14:20:00,2023-03-21 14:42:00,0.013333333333333334,0.5419939671827252,2023-03-21 15:46:00,2023-03-21 16:08:00,22.0,2.3
J481,M01,Delayed,2023-03-21 16:00:00,2023-03-21 16:38:00,0.9933333333333333,0.8040472882299056,2023-03-21 16:08:00,2023-03-21 16:46:00,38.0,8.81
J480,M01,Completed,2023-03-21 15:50:00,2023-03-21 16:44:00,0.0,0.4527198798914181,2023-03-21 16:46:00,2023-03-21 17:40:00,54.0,5.21
J487,M01,Delayed,2023-03-21 17:00:00,2023-03-21 18:40:00,1.0,0.6048094789833962,2023-03-21 17:40:00,2023-03-21 19:20:00,100.0,9.22
J495,M01,Completed,2023-03-21 18:20:00,2023-03-21 19:04:00,0.0,0.39285135739464055,2023-03-21 19:20:00,2023-03-21 20:04:00,44.0,6.16
J504,M01,Delayed,2023-03-21 19:50:00,2023-03-21 21:11:00,1.0,0.5560749093355499,2023-03-21 20:04:00,2023-03-21 21:25:00,81.0,13.88
J507,M01,Delayed,2023-03-21 20:20:00,2023-03-21 20:42:00,0.9733333333333334,0.6962045742924694,2023-03-21 21:25:00,2023-03-21 21:47:00,22.0,14.51
J510,M01,Failed,2023-03-21 20:50:00,2023-03-21 21:51:00,0.9933333333333333,0.5873943644911973,2023-03-21 21:47:00,2023-03-21 22:48:00,61.0,14.14
J516,M01,Failed,2023-03-21 21:50:00,2023-03-21 22:40:00,0.9866666666666667,0.8181954574177348,2023-03-21 22:48:00,2023-03-21 23:38:00,50.0,4.77
J514,M01,Failed,2023-03-21 21:30:00,2023-03-21 23:26:00,0.98,0.5822789429362786,2023-03-21 23:38:00,2023-03-22 01:34:00,116.0,9.83
J538,M01,Completed,2023-03-22 01:30:00,2023-03-22 02:45:00,0.0,0.4549515075305221,2023-03-22 01:34:00,2023-03-22 02:49:00,75.0,2.16
J541,M01,Completed,2023-03-22 02:00:00,2023-03-22 02:53:00,0.0,0.45124627683957425,2023-03-22 02:49:00,2023-03-22 03:42:00,53.0,4.45
J527,M01,Completed,2023-03-21 23:40:00,2023-03-22 00:47:00,0.006666666666666667,0.4244033870368586,2023-03-22 03:42:00,2023-03-22 04:49:00,67.0,3.15
J466,M01,Completed,2023-03-21 13:30:00,2023-03-21 13:51:00,0.0,0.3629352757552894,2023-03-22 04:49:00,2023-03-22 05:10:00,21.0,11.49
J560,M01,Delayed,2023-03-22 05:10:00,2023-03-22 06:29:00,1.0,0.6380889498287126,2023-03-22 05:10:00,2023-03-22 06:29:00,79.0,12.1
J497,M01,Completed,2023-03-21 18:40:00,2023-03-21 19:03:00,0.006666666666666667,0.3470785483520093,2023-03-22 06:29:00,2023-03-22 06:52:00,23.0,10.07
J551,M01,Completed,2023-03-22 03:40:00,2023-03-22 05:05:00,0.0,0.33652599116372,2023-03-22 06:52:00,2023-03-22 08:17:00,85.0,5.05
J449,M01,Completed,2023-03-21 10:40:00,2023-03-21 12:38:00,0.0,0.3240178549759243,2023-03-22 08:17:00,2023-03-22 10:15:00,118.0,3.42
J536,M01,Completed,2023-03-22 01:10:00,2023-03-22 02:50:00,0.0,0.3200105506741969,2023-03-22 10:15:00,2023-03-22 11:55:00,100.0,6.97
J592,M01,Failed,2023-03-22 10:30:00,2023-03-22 11:39:00,0.9866666666666667,0.7900359800822807,2023-03-22 11:55:00,2023-03-22 13:04:00,69.0,6.62
J381,M01,Completed,2023-03-20 23:20:00,2023-03-21 00:49:00,0.0,0.2953400965926072,2023-03-22 13:04:00,2023-03-22 14:33:00,89.0,7.85
J611,M01,Failed,2023-03-22 13:40:00,2023-03-22 14:50:00,1.0,0.7750963758635214,2023-03-22 14:33:00,2023-03-22 15:43:00,70.0,7.41
J616,M01,Failed,2023-03-22 14:30:00,2023-03-22 15:15:00,0.9666666666666667,0.773411380814807,2023-03-22 15:43:00,2023-03-22 16:28:00,45.0,6.11
J610,M01,Failed,2023-03-22 13:30:00,2023-03-22 15:26:00,0.94,0.7367492590532447,2023-03-22 16:28:00,2023-03-22 18:24:00,116.0,2.46
J625,M01,Delayed,2023-03-22 16:00:00,2023-03-22 17:10:00,1.0,0.6028770843926285,2023-03-22 18:24:00,2023-03-22 19:34:00,70.0,11.67
J641,M01,Delayed,2023-03-22 18:40:00,2023-03-22 20:33:00,0.98,0.752853061334695,2023-03-22 19:34:00,2023-03-22 21:27:00,113.0,3.17
J651,M01,Delayed,2023-03-22 20:20:00,2023-03-22 20:57:00,1.0,0.8508070442055492,2023-03-22 21:27:00,2023-03-22 22:04:00,37.0,6.08
J645,M01,Delayed,2023-03-22 19:20:00,2023-03-22 20:10:00,0.9933333333333333,0.7416996844499361,2023-03-22 22:04:00,2023-03-22 22:54:00,50.0,8.42
J660,M01,Delayed,2023-03-22 21:50:00,2023-03-22 23:50:00,0.98,0.69744170719992,2023-03-22 22:54:00,2023-03-23 00:54:00,120.0,3.14
J676,M01,Delayed,2023-03-23 00:30:00,2023-03-23 02:18:00,0.9933333333333333,0.5654513380701162,2023-03-23 00:54:00,2023-03-23 02:42:00,108.0,12.39
J652,M01,Completed,2023-03-22 20:30:00,2023-03-22 20:55:00,0.0,0.5299139715172974,2023-03-23 02:42:00,2023-03-23 03:07:00,25.0,3.47
J619,M01,Delayed,2023-03-22 15:00:00,2023-03-22 16:54:00,0.9733333333333334,0.4845456042011968,2023-03-23 03:07:00,2023-03-23 05:01:00,114.0,11.61
J695,M01,Delayed,2023-03-23 03:40:00,2023-03-23 05:00:00,1.0,0.6403538526387583,2023-03-23 05:01:00,2023-03-23 06:21:00,80.0,8.73
J696,M01,Delayed,2023-03-23 03:50:00,2023-03-23 05:44:00,0.98,0.6102167751785861,2023-03-23 06:21:00,2023-03-23 08:15:00,114.0,8.34
J627,M01,Completed,2023-03-22 16:20:00,2023-03-22 17:32:00,0.0,0.4375330925666862,2023-03-23 08:15:00,2023-03-23 09:27:00,72.0,3.4
J727,M01,Delayed,2023-03-23 09:00:00,2023-03-23 09:30:00,1.0,0.7200113618727026,2023-03-23 09:27:00,2023-03-23 09:57:00,30.0,12.34
J640,M01,Completed,2023-03-22 18:30:00,2023-03-22 19:06:00,0.0,0.4304842754636255,2023-03-23 09:57:00,2023-03-23 10:33:00,36.0,6.59
J735,M01,Completed,2023-03-23 10:20:00,2023-03-23 11:14:00,0.013333333333333334,0.410112621573984,2023-03-23 10:33:00,2023-03-23 11:27:00,54.0,6.6
J741,M01,Failed,2023-03-23 11:20:00,2023-03-23 11:58:00,1.0,0.6416082453728424,2023-03-23 11:27:00,2023-03-23 12:05:00,38.0,12.99
J738,M01,Failed,2023-03-23 10:50:00,2023-03-23 12:04:00,0.98,0.5586094221875961,2023-03-23 12:05:00,2023-03-23 13:19:00,74.0,14.94
J720,M01,Completed,2023-03-23 07:50:00,2023-03-23 09:21:00,0.0,0.40861072110172425,2023-03-23 13:19:00,2023-03-23 14:50:00,91.0,2.78
J753,M01,Failed,2023-03-23 13:20:00,2023-03-23 14:10:00,0.98,0.8655511094614603,2023-03-23 14:50:00,2023-03-23 15:40:00,50.0,3.29
J614,M01,Completed,2023-03-22 14:10:00,2023-03-22 15:27:00,0.0,0.39515472954581526,2023-03-23 15:40:00,2023-03-23 16:57:00,77.0,5.71
J769,M01,Completed,2023-03-23 16:00:00,2023-03-23 16:59:00,0.0,0.38962163698507224,2023-03-23 16:57:00,2023-03-23 17:56:00,59.0,4.32
J779,M01,Completed,2023-03-23 17:40:00,2023-03-23 18:44:00,0.0,0.4299929391772821,2023-03-23 17:56:00,2023-03-23 19:00:00,64.0,3.28
J666,M01,Completed,2023-03-22 22:50:00,2023-03-23 00:01:00,0.006666666666666667,0.38852528778091966,2023-03-23 19:00:00,2023-03-23 20:11:00,71.0,2.99
J692,M01,Completed,2023-03-23 03:10:00,2023-03-23 04:33:00,0.006666666666666667,0.3816498261893426,2023-03-23 20:11:00,2023-03-23 21:34:00,83.0,4.07
J795,M01,Delayed,2023-03-23 20:20:00,2023-03-23 22:09:00,1.0,0.7553766177124481,2023-03-23 21:34:00,2023-03-23 23:23:00,109.0,3.07
J800,M01,Delayed,2023-03-23 21:10:00,2023-03-23 23:06:00,1.0,0.5229007828054489,2023-03-23 23:23:00,2023-03-24 01:19:00,116.0,10.24
J796,M01,Failed,2023-03-23 20:30:00,2023-03-23 22:29:00,0.8933333333333333,0.4498904891900479,2023-03-24 01:19:00,2023-03-24 03:18:00,119.0,11.52
J811,M01,Completed,2023-03-23 23:00:00,2023-03-23 23:29:00,0.0,0.38075421013467187,2023-03-24 03:18:00,2023-03-24 03:47:00,29.0,7.98
J694,M01,Completed,2023-03-23 03:30:00,2023-03-23 03:53:00,0.006666666666666667,0.35783210919984515,2023-03-24 03:47:00,2023-03-24 04:10:00,23.0,9.15
J842,M01,Delayed,2023-03-24 04:10:00,2023-03-24 05:38:00,1.0,0.5741164627162916,2023-03-24 04:10:00,2023-03-24 05:38:00,88.0,13.86
J688,M01,Completed,2023-03-23 02:30:00,2023-03-23 03:32:00,0.0,0.3423401371716954,2023-03-24 05:38:00,2023-03-24 06:40:00,62.0,7.47
J631,M01,Completed,2023-03-22 17:00:00,2023-03-22 18:45:00,0.02,0.33418552935876494,2023-03-24 06:40:00,2023-03-24 08:25:00,105.0,2.63
J862,M01,Delayed,2023-03-24 07:30:00,2023-03-24 08:26:00,0.9933333333333333,0.8929468540197392,2023-03-24 08:25:00,2023-03-24 09:21:00,56.0,2.5
J866,M01,Completed,2023-03-24 08:10:00,2023-03-24 08:43:00,0.006666666666666667,0.5239214651902036,2023-03-24 09:21:00,2023-03-24 09:54:00,33.0,2.47
J703,M01,Completed,2023-03-23 05:00:00,2023-03-23 05:41:00,0.0,0.3305520431920708,2023-03-24 09:54:00,2023-03-24 10:35:00,41.0,7.52
J809,M01,Completed,2023-03-23 22:40:00,2023-03-24 00:13:00,0.0,0.3275259505842518,2023-03-24 10:35:00,2023-03-24 12:08:00,93.0,5.43
J724,M01,Completed,2023-03-23 08:30:00,2023-03-23 09:02:00,0.006666666666666667,0.3256617565650945,2023-03-24 12:08:00,2023-03-24 12:40:00,32.0,9.08
J667,M01,Completed,2023-03-22 23:00:00,2023-03-23 00:11:00,0.0,0.3030521446391099,2023-03-24 12:40:00,2023-03-24 13:51:00,71.0,6.57
J668,M01,Completed,2023-03-22 23:10:00,2023-03-22 23:39:00,0.0,0.28256405472259594,2023-03-24 13:51:00,2023-03-24 14:20:00,29.0,11.77
J600,M01,Completed,2023-03-22 11:50:00,2023-03-22 12:53:00,0.0,0.2823439516472141,2023-03-24 14:20:00,2023-03-24 15:23:00,63.0,10.66
J906,M01,Delayed,2023-03-24 14:50:00,2023-03-24 15:50:00,1.0,0.8021369147564024,2023-03-24 15:23:00,2023-03-24 16:23:00,60.0,3.92
J498,M01,Completed,2023-03-21 18:50:00,2023-03-21 20:27:00,0.0,0.27720155826574683,2023-03-24 16:23:00,2023-03-24 18:00:00,97.0,8.17
J916,M01,Completed,2023-03-24 16:30:00,2023-03-24 17:01:00,0.006666666666666667,0.32563684076751226,2023-03-24 18:00:00,2023-03-24 18:31:00,31.0,8.94
J927,M01,Completed,2023-03-24 18:20:00,2023-03-24 19:20:00,0.0,0.36883334010774643,2023-03-24 18:31:00,2023-03-24 19:31:00,60.0,6.27
J932,M01,Failed,2023-03-24 19:10:00,2023-03-24 19:51:00,0.9933333333333333,0.7308395619013232,2023-03-24 19:31:00,2023-03-24 20:12:00,41.0,8.53
J929,M01,Failed,2023-03-24 18:40:00,2023-03-24 20:15:00,0.9666666666666667,0.6930843102481288,2023-03-24 20:12:00,2023-03-24 21:47:00,95.0,7.99
J946,M01,Completed,2023-03-24 21:30:00,2023-03-24 22:15:00,0.0,0.4876536947652089,2023-03-24 21:47:00,2023-03-24 22:32:00,45.0,2.43
J921,M01,Completed,2023-03-24 17:20:00,2023-03-24 18:50:00,0.0,0.30762407175701606,2023-03-24 22:32:00,2023-03-25 00:02:00,90.0,7.46
J954,M01,Completed,2023-03-24 22:50:00,2023-03-24 23:29:00,0.0,0.46408984296394445,2023-03-25 00:02:00,2023-03-25 00:41:00,39.0,3.74
J956,M01,Completed,2023-03-24 23:10:00,2023-03-25 00:01:00,0.0,0.36717258451925966,2023-03-25 00:41:00,2023-03-25 01:32:00,51.0,7.12
J940,M01,Completed,2023-03-24 20:30:00,2023-03-24 21:57:00,0.0,0.29707576189207374,2023-03-25 01:32:00,2023-03-25 02:59:00,87.0,5.9
J977,M01,Failed,2023-03-25 02:40:00,2023-03-25 03:58:00,0.9866666666666667,0.6948254131914752,2023-03-25 02:59:00,2023-03-25 04:17:00,78.0,7.0
J467,M01,Completed,2023-03-21 13:40:00,2023-03-21 14:17:00,0.0,0.27714312382839973,2023-03-25 04:17:00,2023-03-25 04:54:00,37.0,10.63
J818,M01,Completed,2023-03-24 00:10:00,2023-03-24 01:11:00,0.0,0.27535908779241697,2023-03-25 04:54:00,2023-03-25 05:55:00,61.0,11.59
J992,M01,Completed,2023-03-25 05:10:00,2023-03-25 06:33:00,0.0,0.2813083634438333,2023-03-25 05:55:00,2023-03-25 07:18:00,83.0,6.7
J422,M01,Completed,2023-03-21 06:10:00,2023-03-21 08:09:00,0.02,0.2736976017566209,2023-03-25 07:18:00,2023-03-25 09:17:00,119.0,6.31
J586,M01,Completed,2023-03-22 09:30:00,2023-03-22 10:58:00,0.006666666666666667,0.2701727333117501,2023-03-25 09:17:00,2023-03-25 10:45:00,88.0,10.05
J648,M01,Completed,2023-03-22 19:50:00,2023-03-22 20:46:00,0.0,0.2674270178339121,2023-03-25 10:45:00,2023-03-25 11:41:00,56.0,11.0
J384,M01,Completed,2023-03-20 23:50:00,2023-03-21 00:40:00,0.0,0.25982307351021433,2023-03-25 11:41:00,2023-03-25 12:31:00,50.0,11.62
J823,M01,Completed,2023-03-24 01:00:00,2023-03-24 02:34:00,0.0,0.25463360793690915,2023-03-25 12:31:00,2023-03-25 14:05:00,94.0,8.95
J552,M01,Completed,2023-03-22 03:50:00,2023-03-22 04:58:00,0.0,0.2510640750105585,2023-03-25 14:05:00,2023-03-25 15:13:00,68.0,11.58
J567,M01,Completed,2023-03-22 06:20:00,2023-03-22 07:48:00,0.0,0.25101051009959185,2023-03-25 15:13:00,2023-03-25 16:41:00,88.0,7.35
J632,M01,Completed,2023-03-22 17:10:00,2023-03-22 18:01:00,0.013333333333333334,0.24801214680689954,2023-03-25 16:41:00,2023-03-25 17:32:00,51.0,13.64
J846,M01,Completed,2023-03-24 04:50:00,2023-03-24 06:21:00,0.0,0.24790788460817503,2023-03-25 17:32:00,2023-03-25 19:03:00,91.0,8.59
J679,M01,Completed,2023-03-23 01:00:00,2023-03-23 02:16:00,0.006666666666666667,0.24779039350179072,2023-03-25 19:03:00,2023-03-25 20:19:00,76.0,10.69
J890,M01,Completed,2023-03-24 12:10:00,2023-03-24 12:40:00,0.0,0.24737410220341816,2023-03-25 20:19:00,2023-03-25 20:49:00,30.0,13.66
J982,M01,Completed,2023-03-25 03:30:00,2023-03-25 03:57:00,0.013333333333333334,0.24713822723729037,2023-03-25 20:49:00,2023-03-25 21:16:00,27.0,13.25
J533,M01,Completed,2023-03-22 00:40:00,2023-03-22 02:32:00,0.02666666666666667,0.24606365567305274,2023-03-25 21:16:00,2023-03-25 23:08:00,112.0,6.86
J802,M01,Completed,2023-03-23 21:30:00,2023-03-23 23:24:00,0.0,0.24216272370894365,2023-03-25 23:08:00,2023-03-26 01:02:00,114.0,8.67
J835,M01,Completed,2023-03-24 03:00:00,2023-03-24 04:00:00,0.0,0.2415071217196022,2023-03-26 01:02:00,2023-03-26 02:02:00,60.0,13.14
J617,M01,Completed,2023-03-22 14:40:00,2023-03-22 15:46:00,0.0,0.24100734490504594,2023-03-26 02:02:00,2023-03-26 03:08:00,66.0,11.05
J491,M01,Completed,2023-03-21 17:40:00,2023-03-21 18:16:00,0.0,0.2357798969526516,2023-03-26 03:08:00,2023-03-26 03:44:00,36.0,13.87
J229,M01,Completed,2023-03-19 22:00:00,2023-03-19 22:59:00,0.0,0.23419819017800286,2023-03-26 03:44:00,2023-03-26 04:43:00,59.0,13.77
J774,M01,Completed,2023-03-23 16:50:00,2023-03-23 17:59:00,0.006666666666666667,0.23288563353250366,2023-03-26 04:43:00,2023-03-26 05:52:00,69.0,13.76
J531,M01,Completed,2023-03-22 00:20:00,2023-03-22 01:50:00,0.02,0.23061007183544183,2023-03-26 05:52:00,2023-03-26 07:22:00,90.0,8.86
J700,M01,Completed,2023-03-23 04:30:00,2023-03-23 06:15:00,0.0,0.22979710264134,2023-03-26 07:22:00,2023-03-26 09:07:00,105.0,8.39
J525,M01,Completed,2023-03-21 23:20:00,2023-03-22 00:52:00,0.0,0.2286210283018349,2023-03-26 09:07:00,2023-03-26 10:39:00,92.0,10.02
J356,M01,Completed,2023-03-20 19:10:00,2023-03-20 20:51:00,0.006666666666666667,0.22676413858018185,2023-03-26 10:39:00,2023-03-26 12:20:00,101.0,10.12
J241,M01,Completed,2023-03-20 00:00:00,2023-03-20 01:35:00,0.02,0.2263967049565782,2023-03-26 12:20:00,2023-03-26 13:55:00,95.0,9.52
J670,M01,Completed,2023-03-22 23:30:00,2023-03-23 00:54:00,0.013333333333333334,0.22051801053794123,2023-03-26 13:55:00,2023-03-26 15:19:00,84.0,10.61
J742,M01,Completed,2023-03-23 11:30:00,2023-03-23 12:45:00,0.006666666666666667,0.2199563635569336,2023-03-26 15:19:00,2023-03-26 16:34:00,75.0,12.89
J962,M01,Completed,2023-03-25 00:10:00,2023-03-25 01:17:00,0.0,0.21986194864732575,2023-03-26 16:34:00,2023-03-26 17:41:00,67.0,10.74
J740,M01,Completed,2023-03-23 11:10:00,2023-03-23 12:08:00,0.0,0.21970669157782957,2023-03-26 17:41:00,2023-03-26 18:39:00,58.0,11.98
J429,M01,Completed,2023-03-21 07:20:00,2023-03-21 08:20:00,0.0,0.2147287262334605,2023-03-26 18:39:00,2023-03-26 19:39:00,60.0,13.16
J601,M01,Completed,2023-03-22 12:00:00,2023-03-22 13:00:00,0.0,0.21142961492382886,2023-03-26 19:39:00,2023-03-26 20:39:00,60.0,12.62
J392,M01,Completed,2023-03-21 01:10:00,2023-03-21 02:46:00,0.006666666666666667,0.20912140027898918,2023-03-26 20:39:00,2023-03-26 22:15:00,96.0,10.86
J475,M01,Completed,2023-03-21 15:00:00,2023-03-21 16:46:00,0.013333333333333334,0.2063520404832183,2023-03-26 22:15:00,2023-03-27 00:01:00,106.0,8.41
J277,M01,Completed,2023-03-20 06:00:00,2023-03-20 07:16:00,0.0,0.20626482167501964,2023-03-27 00:01:00,2023-03-27 01:17:00,76.0,12.37
J870,M01,Completed,2023-03-24 08:50:00,2023-03-24 10:09:00,0.0,0.20442827579966222,2023-03-27 01:17:00,2023-03-27 02:36:00,79.0,12.19
J581,M01,Completed,2023-03-22 08:40:00,2023-03-22 09:47:00,0.0,0.19777048251234325,2023-03-27 02:36:00,2023-03-27 03:43:00,67.0,11.24
J160,M01,Completed,2023-03-19 10:30:00,2023-03-19 12:28:00,0.006666666666666667,0.19495948817227127,2023-03-27 03:43:00,2023-03-27 05:41:00,118.0,9.57
J894,M01,Completed,2023-03-24 12:50:00,2023-03-24 13:58:00,0.0,0.1932302073842344,2023-03-27 05:41:00,2023-03-27 06:49:00,68.0,12.26
J783,M01,Completed,2023-03-23 18:20:00,2023-03-23 19:33:00,0.0,0.189187274299558,2023-03-27 06:49:00,2023-03-27 08:02:00,73.0,12.23
J477,M01,Completed,2023-03-21 15:20:00,2023-03-21 15:55:00,0.006666666666666667,0.18856976290553112,2023-03-27 08:02:00,2023-03-27 08:37:00,35.0,14.52
J137,M01,Completed,2023-03-19 06:40:00,2023-03-19 08:11:00,0.0,0.18441723818229266,2023-03-27 08:37:00,2023-03-27 10:08:00,91.0,11.79
J037,M01,Completed,2023-03-18 14:00:00,2023-03-18 15:19:00,0.0,0.18176058112137908,2023-03-27 10:08:00,2023-03-27 11:27:00,79.0,13.17
J398,M01,Completed,2023-03-21 02:10:00,2023-03-21 03:32:00,0.0,0.1700956864258708,2023-03-27 11:27:00,2023-03-27 12:49:00,82.0,13.87
J352,M01,Completed,2023-03-20 18:30:00,2023-03-20 20:03:00,0.0,0.16521616688626878,2023-03-27 12:49:00,2023-03-27 14:22:00,93.0,14.04
J503,M01,Completed,2023-03-21 19:40:00,2023-03-21 21:10:00,0.0,0.16017043381871754,2023-03-27 14:22:00,2023-03-27 15:52:00,90.0,14.29
J832,M01,Completed,2023-03-24 02:30:00,2023-03-24 04:10:00,0.0,0.1585529359471499,2023-03-27 15:52:00,2023-03-27 17:32:00,100.0,12.13
J338,M01,Completed,2023-03-20 16:10:00,2023-03-20 17:21:00,0.006666666666666667,0.15560721775921937,2023-03-27 17:32:00,2023-03-27 18:43:00,71.0,13.97
J111,M01,Completed,2023-03-19 02:20:00,2023-03-19 04:19:00,0.006666666666666667,0.14445078387956647,2023-03-27 18:43:00,2023-03-27 20:42:00,119.0,13.26
J606,M01,Completed,2023-03-22 12:50:00,2023-03-22 14:33:00,0.0,0.14427878101476876,2023-03-27 20:42:00,2023-03-27 22:25:00,103.0,11.35
J827,M01,Completed,2023-03-24 01:40:00,2023-03-24 03:19:00,0.013333333333333334,0.1428695911124624,2023-03-27 22:25:00,2023-03-28 00:04:00,99.0,12.67
J234,M01,Completed,2023-03-19 22:50:00,2023-03-20 00:41:00,0.0,0.13960857040606534,2023-03-28 00:04:00,2023-03-28 01:55:00,111.0,9.95
J285,M01,Completed,2023-03-20 07:20:00,2023-03-20 09:06:00,0.0,0.13504865481394113,2023-03-28 01:55:00,2023-03-28 03:41:00,106.0,13.31
J023,M01,Completed,2023-03-18 11:40:00,2023-03-18 13:18:00,0.0,0.13109572700581906,2023-03-28 03:41:00,2023-03-28 05:19:00,98.0,13.49
J539,M01,Completed,2023-03-22 01:40:00,2023-03-22 03:36:00,0.013333333333333334,0.1306648270801246,2023-03-28 05:19:00,2023-03-28 07:15:00,116.0,10.59
J822,M01,Completed,2023-03-24 00:50:00,2023-03-24 02:20:00,0.02,0.12756255327801955,2023-03-28 07:15:00,2023-03-28 08:45:00,90.0,12.86
J620,M01,Completed,2023-03-22 15:10:00,2023-03-22 17:02:00,0.006666666666666667,0.1265837222410171,2023-03-28 08:45:00,2023-03-28 10:37:00,112.0,13.5
J347,M01,Completed,2023-03-20 17:40:00,2023-03-20 18:53:00,0.0,0.12204853307965961,2023-03-28 10:37:00,2023-03-28 11:50:00,73.0,14.45
J344,M01,Completed,2023-03-20 17:10:00,2023-03-20 18:44:00,0.0,0.1204210526578513,2023-03-28 11:50:00,2023-03-28 13:24:00,94.0,14.98
J232,M01,Completed,2023-03-19 22:30:00,2023-03-20 00:16:00,0.0,0.11421921034701307,2023-03-28 13:24:00,2023-03-28 15:10:00,106.0,11.48
J416,M01,Completed,2023-03-21 05:10:00,2023-03-21 06:57:00,0.0,0.10614852090235134,2023-03-28 15:10:00,2023-03-28 16:57:00,107.0,11.97
J006,M02,Completed,2023-03-18 08:50:00,2023-03-18 10:30:00,0.006666666666666667,0.1376875651179158,2023-03-18 08:50:00,2023-03-18 10:30:00,100.0,13.83
J009,M02,Completed,2023-03-18 09:20:00,2023-03-18 10:02:00,0.0,0.38974994928878565,2023-03-18 10:30:00,2023-03-18 11:12:00,42.0,8.97
J019,M02,Completed,2023-03-18 11:00:00,2023-03-18 11:52:00,0.013333333333333334,0.501662838667642,2023-03-18 11:12:00,2023-03-18 12:04:00,52.0,3.27
J024,M02,Delayed,2023-03-18 11:50:00,2023-03-18 13:14:00,0.9733333333333334,0.6093104461385486,2023-03-18 12:04:00,2023-03-18 13:28:00,84.0,8.81
J029,M02,Completed,2023-03-18 12:40:00,2023-03-18 14:36:00,0.02,0.27992484681547714,2023-03-18 13:28:00,2023-03-18 15:24:00,116.0,5.39
J039,M02,Failed,2023-03-18 14:20:00,2023-03-18 15:08:00,0.9933333333333333,0.7099085875898352,2023-03-18 15:24:00,2023-03-18 16:12:00,48.0,10.65
J049,M02,Completed,2023-03-18 16:00:00,2023-03-18 16:33:00,0.006666666666666667,0.4485248008298839,2023-03-18 16:12:00,2023-03-18 16:45:00,33.0,7.55
J045,M02,Completed,2023-03-18 15:20:00,2023-03-18 16:38:00,0.0,0.4025123564561337,2023-03-18 16:45:00,2023-03-18 18:03:00,78.0,3.03
J061,M02,Failed,2023-03-18 18:00:00,2023-03-18 19:50:00,0.98,0.6865160893810158,2023-03-18 18:03:00,2023-03-18 19:53:00,110.0,6.98
J067,M02,Delayed,2023-03-18 19:00:00,2023-03-18 19:23:00,1.0,0.931775432790237,2023-03-18 19:53:00,2023-03-18 20:16:00,23.0,3.79
J063,M02,Failed,2023-03-18 18:20:00,2023-03-18 19:07:00,0.9933333333333333,0.7639517641470981,2023-03-18 20:16:00,2023-03-18 21:03:00,47.0,8.4
J078,M02,Delayed,2023-03-18 20:50:00,2023-03-18 22:37:00,0.9933333333333333,0.7715701547560976,2023-03-18 21:03:00,2023-03-18 22:50:00,107.0,2.2
J062,M02,Delayed,2023-03-18 18:10:00,2023-03-18 19:48:00,1.0,0.6502817023310052,2023-03-18 22:50:00,2023-03-19 00:28:00,98.0,9.93
J090,M02,Delayed,2023-03-18 22:50:00,2023-03-18 23:17:00,1.0,0.6470639934557452,2023-03-19 00:28:00,2023-03-19 00:55:00,27.0,12.34
J085,M02,Completed,2023-03-18 22:00:00,2023-03-18 22:44:00,0.0,0.48416329181181283,2023-03-19 00:55:00,2023-03-19 01:39:00,44.0,3.35
J057,M02,Completed,2023-03-18 17:20:00,2023-03-18 17:51:00,0.013333333333333334,0.44720542683305303,2023-03-19 01:39:00,2023-03-19 02:10:00,31.0,6.53
J047,M02,Completed,2023-03-18 15:40:00,2023-03-18 16:05:00,0.0,0.3767913809354256,2023-03-19 02:10:00,2023-03-19 02:35:00,25.0,10.09
J064,M02,Completed,2023-03-18 18:30:00,2023-03-18 19:41:00,0.0,0.35707559957324075,2023-03-19 02:35:00,2023-03-19 03:46:00,71.0,7.42
J118,M02,Failed,2023-03-19 03:30:00,2023-03-19 04:38:00,0.9533333333333334,0.6356965192721902,2023-03-19 03:46:00,2023-03-19 04:54:00,68.0,12.12
J117,M02,Completed,2023-03-19 03:20:00,2023-03-19 04:27:00,0.0,0.42209381975325294,2023-03-19 04:54:00,2023-03-19 06:01:00,67.0,5.41
J130,M02,Completed,2023-03-19 05:30:00,2023-03-19 06:48:00,0.05333333333333334,0.41002026266958236,2023-03-19 06:01:00,2023-03-19 07:19:00,78.0,2.49
J125,M02,Completed,2023-03-19 04:40:00,2023-03-19 05:56:00,0.0,0.3937906910754245,2023-03-19 07:19:00,2023-03-19 08:35:00,76.0,3.58
J048,M02,Completed,2023-03-18 15:50:00,2023-03-18 17:05:00,0.006666666666666667,0.343861732209978,2023-03-19 08:35:00,2023-03-19 09:50:00,75.0,4.12
J151,M02,Failed,2023-03-19 09:00:00,2023-03-19 09:20:00,0.9533333333333334,0.6862434494372008,2023-03-19 09:50:00,2023-03-19 10:10:00,20.0,13.63
J035,M02,Completed,2023-03-18 13:40:00,2023-03-18 14:27:00,0.013333333333333334,0.30695967754223,2023-03-19 10:10:00,2023-03-19 10:57:00,47.0,12.12
J159,M02,Completed,2023-03-19 10:20:00,2023-03-19 11:06:00,0.0,0.47750127825825583,2023-03-19 10:57:00,2023-03-19 11:43:00,46.0,3.01
J112,M02,Completed,2023-03-19 02:30:00,2023-03-19 03:44:00,0.0,0.2948567950474204,2023-03-19 11:43:00,2023-03-19 12:57:00,74.0,7.12
J172,M02,Failed,2023-03-19 12:30:00,2023-03-19 13:51:00,0.98,0.6479491129648137,2023-03-19 12:57:00,2023-03-19 14:18:00,81.0,11.61
J180,M02,Completed,2023-03-19 13:50:00,2023-03-19 14:59:00,0.0,0.4404693422119208,2023-03-19 14:18:00,2023-03-19 15:27:00,69.0,3.76
J181,M02,Completed,2023-03-19 14:00:00,2023-03-19 15:35:00,0.0,0.3010895589129299,2023-03-19 15:27:00,2023-03-19 17:02:00,95.0,6.4
J195,M02,Completed,2023-03-19 16:20:00,2023-03-19 17:48:00,0.013333333333333334,0.30966933139295394,2023-03-19 17:02:00,2023-03-19 18:30:00,88.0,7.32
J202,M02,Failed,2023-03-19 17:30:00,2023-03-19 18:52:00,0.9266666666666666,0.6064483487395026,2023-03-19 18:30:00,2023-03-19 19:52:00,82.0,10.12
J215,M02,Completed,2023-03-19 19:40:00,2023-03-19 20:23:00,0.0,0.40150233333060786,2023-03-19 19:52:00,2023-03-19 20:35:00,43.0,6.1
J204,M02,Completed,2023-03-19 17:50:00,2023-03-19 19:43:00,0.006666666666666667,0.3259958879527275,2023-03-19 20:35:00,2023-03-19 22:28:00,113.0,5.93
J231,M02,Failed,2023-03-19 22:20:00,2023-03-19 22:56:00,0.9733333333333334,0.6599344773083131,2023-03-19 22:28:00,2023-03-19 23:04:00,36.0,14.64
J221,M02,Delayed,2023-03-19 20:40:00,2023-03-19 22:15:00,1.0,0.6485918918378146,2023-03-19 23:04:00,2023-03-20 00:39:00,95.0,10.49
J240,M02,Failed,2023-03-19 23:50:00,2023-03-20 00:12:00,0.96,0.7433648496915797,2023-03-20 00:39:00,2023-03-20 01:01:00,22.0,9.51
J245,M02,Completed,2023-03-20 00:40:00,2023-03-20 01:05:00,0.006666666666666667,0.562942201300716,2023-03-20 01:01:00,2023-03-20 01:26:00,25.0,2.84
J243,M02,Completed,2023-03-20 00:20:00,2023-03-20 01:16:00,0.0,0.4457088828534768,2023-03-20 01:26:00,2023-03-20 02:22:00,56.0,4.43
J236,M02,Completed,2023-03-19 23:10:00,2023-03-19 23:36:00,0.0,0.3636766627592103,2023-03-20 02:22:00,2023-03-20 02:48:00,26.0,7.84
J257,M02,Completed,2023-03-20 02:40:00,2023-03-20 04:40:00,0.02666666666666667,0.32889902473733335,2023-03-20 02:48:00,2023-03-20 04:48:00,120.0,5.09
J228,M02,Completed,2023-03-19 21:50:00,2023-03-19 23:07:00,0.006666666666666667,0.3287186084050886,2023-03-20 04:48:00,2023-03-20 06:05:00,77.0,8.47
J276,M02,Failed,2023-03-20 05:50:00,2023-03-20 07:08:00,1.0,0.7537033636477435,2023-03-20 06:05:00,2023-03-20 07:23:00,78.0,4.23
J284,M02,Delayed,2023-03-20 07:10:00,2023-03-20 08:21:00,1.0,0.6252937544408586,2023-03-20 07:23:00,2023-03-20 08:34:00,71.0,13.8
J288,M02,Completed,2023-03-20 07:50:00,2023-03-20 08:26:00,0.0,0.45223081606222865,2023-03-20 08:34:00,2023-03-20 09:10:00,36.0,6.56
J289,M02,Completed,2023-03-20 08:00:00,2023-03-20 09:37:00,0.006666666666666667,0.3633726683763254,2023-03-20 09:10:00,2023-03-20 10:47:00,97.0,5.47
J287,M02,Completed,2023-03-20 07:40:00,2023-03-20 09:15:00,0.0,0.3415716430721548,2023-03-20 10:47:00,2023-03-20 12:22:00,95.0,5.56
J307,M02,Delayed,2023-03-20 11:00:00,2023-03-20 12:29:00,0.9933333333333333,0.6498701994041597,2023-03-20 12:22:00,2023-03-20 13:51:00,89.0,6.97
J311,M02,Failed,2023-03-20 11:40:00,2023-03-20 13:05:00,0.98,0.5695680717000927,2023-03-20 13:51:00,2023-03-20 15:16:00,85.0,13.06
J301,M02,Completed,2023-03-20 10:00:00,2023-03-20 11:27:00,0.006666666666666667,0.33426744580007506,2023-03-20 15:16:00,2023-03-20 16:43:00,87.0,5.09
J333,M02,Delayed,2023-03-20 15:20:00,2023-03-20 16:21:00,1.0,0.6733341715948546,2023-03-20 16:43:00,2023-03-20 17:44:00,61.0,11.45
J337,M02,Delayed,2023-03-20 16:00:00,2023-03-20 17:18:00,0.9933333333333333,0.5337254930072206,2023-03-20 17:44:00,2023-03-20 19:02:00,78.0,13.17
J353,M02,Completed,2023-03-20 18:40:00,2023-03-20 19:16:00,0.0,0.4551200746747418,2023-03-20 19:02:00,2023-03-20 19:38:00,36.0,5.98
J196,M02,Completed,2023-03-19 16:30:00,2023-03-19 17:26:00,0.0,0.301598993645524,2023-03-20 19:38:00,2023-03-20 20:34:00,56.0,8.84
J250,M02,Completed,2023-03-20 01:30:00,2023-03-20 02:49:00,0.0,0.29624745365139105,2023-03-20 20:34:00,2023-03-20 21:53:00,79.0,6.4
J267,M02,Completed,2023-03-20 04:20:00,2023-03-20 06:01:00,0.0,0.29366692368275593,2023-03-20 21:53:00,2023-03-20 23:34:00,101.0,8.25
J380,M02,Completed,2023-03-20 23:10:00,2023-03-20 23:56:00,0.0,0.391042649038425,2023-03-20 23:34:00,2023-03-21 00:20:00,46.0,4.7
J385,M02,Completed,2023-03-21 00:00:00,2023-03-21 00:59:00,0.0,0.48406630686569396,2023-03-21 00:20:00,2023-03-21 01:19:00,59.0,3.65
J377,M02,Completed,2023-03-20 22:40:00,2023-03-20 23:41:00,0.006666666666666667,0.3521482233046671,2023-03-21 01:19:00,2023-03-21 02:20:00,61.0,6.11
J396,M02,Completed,2023-03-21 01:50:00,2023-03-21 02:57:00,0.006666666666666667,0.3486536812441495,2023-03-21 02:20:00,2023-03-21 03:27:00,67.0,6.88
J400,M02,Delayed,2023-03-21 02:30:00,2023-03-21 02:54:00,0.9933333333333333,0.9052972983669146,2023-03-21 03:27:00,2023-03-21 03:51:00,24.0,2.23
J407,M02,Delayed,2023-03-21 03:40:00,2023-03-21 05:40:00,0.9933333333333333,0.5157117771413577,2023-03-21 03:51:00,2023-03-21 05:51:00,120.0,11.91
J415,M02,Delayed,2023-03-21 05:00:00,2023-03-21 05:33:00,1.0,0.7873262991707911,2023-03-21 05:51:00,2023-03-21 06:24:00,33.0,7.35
J406,M02,Completed,2023-03-21 03:30:00,2023-03-21 04:57:00,0.0,0.41574637828669336,2023-03-21 06:24:00,2023-03-21 07:51:00,87.0,3.5
J425,M02,Delayed,2023-03-21 06:40:00,2023-03-21 08:30:00,1.0,0.5661916159004377,2023-03-21 07:51:00,2023-03-21 09:41:00,110.0,10.48
J439,M02,Delayed,2023-03-21 09:00:00,2023-03-21 10:55:00,0.9933333333333333,0.599895115202242,2023-03-21 09:41:00,2023-03-21 11:36:00,115.0,7.11
J435,M02,Completed,2023-03-21 08:20:00,2023-03-21 09:11:00,0.0,0.4725412490419044,2023-03-21 11:36:00,2023-03-21 12:27:00,51.0,4.84
J457,M02,Delayed,2023-03-21 12:00:00,2023-03-21 13:41:00,0.9933333333333333,0.4842600058518667,2023-03-21 12:27:00,2023-03-21 14:08:00,101.0,14.23
J464,M02,Completed,2023-03-21 13:10:00,2023-03-21 14:42:00,0.006666666666666667,0.3447316749906987,2023-03-21 14:08:00,2023-03-21 15:40:00,92.0,2.84
J476,M02,Completed,2023-03-21 15:10:00,2023-03-21 16:33:00,0.0,0.3931535121602734,2023-03-21 15:40:00,2023-03-21 17:03:00,83.0,4.14
J479,M02,Completed,2023-03-21 15:40:00,2023-03-21 16:46:00,0.0,0.37989871363925304,2023-03-21 17:03:00,2023-03-21 18:09:00,66.0,3.68
J482,M02,Completed,2023-03-21 16:10:00,2023-03-21 17:23:00,0.0,0.3440466664073418,2023-03-21 18:09:00,2023-03-21 19:22:00,73.0,5.99
J501,M02,Completed,2023-03-21 19:20:00,2023-03-21 20:08:00,0.0,0.3915023333307079,2023-03-21 19:22:00,2023-03-21 20:10:00,48.0,6.1
J463,M02,Completed,2023-03-21 13:00:00,2023-03-21 13:28:00,0.006666666666666667,0.3317707530369354,2023-03-21 20:10:00,2023-03-21 20:38:00,28.0,13.03
J374,M02,Completed,2023-03-20 22:10:00,2023-03-20 22:58:00,0.0,0.3225091101074344,2023-03-21 20:38:00,2023-03-21 21:26:00,48.0,7.49
J511,M02,Completed,2023-03-21 21:00:00,2023-03-21 22:14:00,0.006666666666666667,0.3103141122008336,2023-03-21 21:26:00,2023-03-21 22:40:00,74.0,9.07
J154,M02,Completed,2023-03-19 09:30:00,2023-03-19 11:21:00,0.006666666666666667,0.28974916474838885,2023-03-21 22:40:00,2023-03-22 00:31:00,111.0,7.67
J523,M02,Completed,2023-03-21 23:00:00,2023-03-21 23:52:00,0.0,0.3693360386438622,2023-03-22 00:31:00,2023-03-22 01:23:00,52.0,6.94
J534,M02,Completed,2023-03-22 00:50:00,2023-03-22 01:51:00,0.013333333333333334,0.443063074031134,2023-03-22 01:23:00,2023-03-22 02:24:00,61.0,3.66
J535,M02,Completed,2023-03-22 01:00:00,2023-03-22 01:45:00,0.02,0.39087343262187974,2023-03-22 02:24:00,2023-03-22 03:09:00,45.0,6.96
J544,M02,Completed,2023-03-22 02:30:00,2023-03-22 03:59:00,0.02666666666666667,0.33855961801177026,2023-03-22 03:09:00,2023-03-22 04:38:00,89.0,5.76
J555,M02,Delayed,2023-03-22 04:20:00,2023-03-22 04:57:00,0.98,0.6410418370694695,2023-03-22 04:38:00,2023-03-22 05:15:00,37.0,12.3
J550,M02,Completed,2023-03-22 03:30:00,2023-03-22 04:01:00,0.006666666666666667,0.4187423879753255,2023-03-22 05:15:00,2023-03-22 05:46:00,31.0,6.28
J053,M02,Completed,2023-03-18 16:40:00,2023-03-18 18:17:00,0.0,0.28742352799099624,2023-03-22 05:46:00,2023-03-22 07:23:00,97.0,4.77
J566,M02,Completed,2023-03-22 06:10:00,2023-03-22 07:58:00,0.0,0.30857574160004797,2023-03-22 07:23:00,2023-03-22 09:11:00,108.0,6.09
J574,M02,Completed,2023-03-22 07:30:00,2023-03-22 07:53:00,0.0,0.4155314693942881,2023-03-22 09:11:00,2023-03-22 09:34:00,23.0,5.63
J362,M02,Completed,2023-03-20 20:10:00,2023-03-20 21:00:00,0.013333333333333334,0.28366876328792484,2023-03-22 09:34:00,2023-03-22 10:24:00,50.0,12.64
J188,M02,Completed,2023-03-19 15:10:00,2023-03-19 16:40:00,0.006666666666666667,0.2810329370194796,2023-03-22 10:24:00,2023-03-22 11:54:00,90.0,9.18
J596,M02,Completed,2023-03-22 11:10:00,2023-03-22 11:31:00,0.0,0.5165123564549937,2023-03-22 11:54:00,2023-03-22 12:15:00,21.0,3.03
J217,M02,Completed,2023-03-19 20:00:00,2023-03-19 21:49:00,0.0,0.27967560768845817,2023-03-22 12:15:00,2023-03-22 14:04:00,109.0,4.75
J604,M02,Delayed,2023-03-22 12:30:00,2023-03-22 14:14:00,1.0,0.7472822298557661,2023-03-22 14:04:00,2023-03-22 15:48:00,104.0,4.99
J615,M02,Delayed,2023-03-22 14:20:00,2023-03-22 15:13:00,1.0,0.691419956604991,2023-03-22 15:48:00,2023-03-22 16:41:00,53.0,12.27
J044,M02,Completed,2023-03-18 15:10:00,2023-03-18 16:59:00,0.013333333333333334,0.2742553801686223,2023-03-22 16:41:00,2023-03-22 18:30:00,109.0,5.67
J295,M02,Completed,2023-03-20 09:00:00,2023-03-20 09:39:00,0.0,0.2705419794875768,2023-03-22 18:30:00,2023-03-22 19:09:00,39.0,10.97
J461,M02,Completed,2023-03-21 12:40:00,2023-03-21 13:30:00,0.006666666666666667,0.26953839496330523,2023-03-22 19:09:00,2023-03-22 19:59:00,50.0,9.95
J646,M02,Failed,2023-03-22 19:30:00,2023-03-22 21:28:00,0.9,0.6823459802507514,2023-03-22 19:59:00,2023-03-22 21:57:00,118.0,4.63
J658,M02,Delayed,2023-03-22 21:30:00,2023-03-22 22:30:00,1.0,0.8458572410125248,2023-03-22 21:57:00,2023-03-22 22:57:00,60.0,2.94
J654,M02,Delayed,2023-03-22 20:50:00,2023-03-22 21:49:00,1.0,0.820965222996905,2023-03-22 22:57:00,2023-03-22 23:56:00,59.0,3.42
J672,M02,Delayed,2023-03-22 23:50:00,2023-03-23 00:20:00,1.0,0.8477514909059702,2023-03-22 23:56:00,2023-03-23 00:26:00,30.0,7.5
J673,M02,Delayed,2023-03-23 00:00:00,2023-03-23 01:42:00,1.0,0.6419327188467008,2023-03-23 00:26:00,2023-03-23 02:08:00,102.0,9.49
J677,M02,Delayed,2023-03-23 00:40:00,2023-03-23 02:31:00,0.9933333333333333,0.5762147191499598,2023-03-23 02:08:00,2023-03-23 03:59:00,111.0,10.3
J687,M02,Failed,2023-03-23 02:20:00,2023-03-23 03:38:00,0.98,0.6519810084319206,2023-03-23 03:59:00,2023-03-23 05:17:00,78.0,11.24
J701,M02,Failed,2023-03-23 04:40:00,2023-03-23 06:34:00,0.94,0.6110369675390989,2023-03-23 05:17:00,2023-03-23 07:11:00,114.0,6.02
J656,M02,Completed,2023-03-22 21:10:00,2023-03-22 21:33:00,0.0,0.39570839590780416,2023-03-23 07:11:00,2023-03-23 07:34:00,23.0,8.99
J717,M02,Failed,2023-03-23 07:20:00,2023-03-23 08:56:00,0.96,0.7794942170463947,2023-03-23 07:34:00,2023-03-23 09:10:00,96.0,4.28
J721,M02,Delayed,2023-03-23 08:00:00,2023-03-23 09:06:00,1.0,0.6973844089810984,2023-03-23 09:10:00,2023-03-23 10:16:00,66.0,7.93
J734,M02,Delayed,2023-03-23 10:10:00,2023-03-23 11:21:00,1.0,0.7368954263063624,2023-03-23 10:16:00,2023-03-23 11:27:00,71.0,8.52
J733,M02,Completed,2023-03-23 10:00:00,2023-03-23 11:22:00,0.02,0.38320870024030124,2023-03-23 11:27:00,2023-03-23 12:49:00,82.0,6.14
J748,M02,Delayed,2023-03-23 12:30:00,2023-03-23 14:04:00,1.0,0.7004316029073179,2023-03-23 12:49:00,2023-03-23 14:23:00,94.0,6.97
J749,M02,Delayed,2023-03-23 12:40:00,2023-03-23 13:49:00,0.9866666666666667,0.6108816563517551,2023-03-23 14:23:00,2023-03-23 15:32:00,69.0,12.09
J760,M02,Completed,2023-03-23 14:30:00,2023-03-23 14:56:00,0.0,0.461761311537838,2023-03-23 15:32:00,2023-03-23 15:58:00,26.0,6.33
J680,M02,Completed,2023-03-23 01:10:00,2023-03-23 01:34:00,0.0,0.3503979223488201,2023-03-23 15:58:00,2023-03-23 16:22:00,24.0,11.09
J665,M02,Completed,2023-03-22 22:40:00,2023-03-22 23:25:00,0.0,0.3238262387042202,2023-03-23 16:22:00,2023-03-23 17:07:00,45.0,7.92
J730,M02,Completed,2023-03-23 09:30:00,2023-03-23 11:29:00,0.006666666666666667,0.3140364674255566,2023-03-23 17:07:00,2023-03-23 19:06:00,119.0,2.06
J777,M02,Delayed,2023-03-23 17:20:00,2023-03-23 18:04:00,1.0,0.6536069468280441,2023-03-23 19:06:00,2023-03-23 19:50:00,44.0,12.18
J789,M02,Failed,2023-03-23 19:20:00,2023-03-23 19:45:00,0.9733333333333334,0.6277933418964993,2023-03-23 19:50:00,2023-03-23 20:15:00,25.0,13.34
J782,M02,Completed,2023-03-23 18:10:00,2023-03-23 18:52:00,0.0,0.4293027634723205,2023-03-23 20:15:00,2023-03-23 20:57:00,42.0,7.26
J797,M02,Delayed,2023-03-23 20:40:00,2023-03-23 22:19:00,1.0,0.7530497906223393,2023-03-23 20:57:00,2023-03-23 22:36:00,99.0,2.67
J803,M02,Failed,2023-03-23 21:40:00,2023-03-23 23:24:00,0.9866666666666667,0.5843625637056463,2023-03-23 22:36:00,2023-03-24 00:20:00,104.0,9.3
J817,M02,Completed,2023-03-24 00:00:00,2023-03-24 01:06:00,0.0,0.40337799781576306,2023-03-24 00:20:00,2023-03-24 01:26:00,66.0,3.12
J825,M02,Failed,2023-03-24 01:20:00,2023-03-24 01:53:00,0.9933333333333333,0.6361062907986154,2023-03-24 01:26:00,2023-03-24 01:59:00,33.0,14.0
J806,M02,Completed,2023-03-23 22:10:00,2023-03-24 00:00:00,0.006666666666666667,0.35621371857065526,2023-03-24 01:59:00,2023-03-24 03:49:00,110.0,2.38
J838,M02,Completed,2023-03-24 03:30:00,2023-03-24 05:12:00,0.006666666666666667,0.3815348239560896,2023-03-24 03:49:00,2023-03-24 05:31:00,102.0,4.48
J833,M02,Completed,2023-03-24 02:40:00,2023-03-24 04:09:00,0.0,0.2827239378453862,2023-03-24 05:31:00,2023-03-24 07:00:00,89.0,6.12
J851,M02,Failed,2023-03-24 05:40:00,2023-03-24 06:10:00,0.9,0.6535291965942214,2023-03-24 07:00:00,2023-03-24 07:30:00,30.0,13.94
J852,M02,Delayed,2023-03-24 05:50:00,2023-03-24 06:58:00,0.9933333333333333,0.5796436036262163,2023-03-24 07:30:00,2023-03-24 08:38:00,68.0,14.78
J867,M02,Delayed,2023-03-24 08:20:00,2023-03-24 09:41:00,0.9866666666666667,0.7979476791416441,2023-03-24 08:38:00,2023-03-24 09:59:00,81.0,3.42
J876,M02,Delayed,2023-03-24 09:50:00,2023-03-24 10:45:00,1.0,0.911089964297886,2023-03-24 09:59:00,2023-03-24 10:54:00,55.0,2.6
J880,M02,Failed,2023-03-24 10:30:00,2023-03-24 11:34:00,0.9733333333333334,0.8040521577684692,2023-03-24 10:54:00,2023-03-24 11:58:00,64.0,2.12
J888,M02,Delayed,2023-03-24 11:50:00,2023-03-24 13:12:00,0.98,0.7422726125295196,2023-03-24 11:58:00,2023-03-24 13:20:00,82.0,4.26
J883,M02,Completed,2023-03-24 11:00:00,2023-03-24 11:43:00,0.0,0.49270064521832196,2023-03-24 13:20:00,2023-03-24 14:03:00,43.0,3.75
J891,M02,Completed,2023-03-24 12:20:00,2023-03-24 14:04:00,0.0,0.34224225947221754,2023-03-24 14:03:00,2023-03-24 15:47:00,104.0,3.16
J907,M02,Delayed,2023-03-24 15:00:00,2023-03-24 16:30:00,0.9933333333333333,0.4757807622547649,2023-03-24 15:47:00,2023-03-24 17:17:00,90.0,14.41
J915,M02,Delayed,2023-03-24 16:20:00,2023-03-24 17:43:00,0.9933333333333333,0.5399735147565375,2023-03-24 17:17:00,2023-03-24 18:40:00,83.0,12.24
J925,M02,Completed,2023-03-24 18:00:00,2023-03-24 18:30:00,0.0,0.46584587916255243,2023-03-24 18:40:00,2023-03-24 19:10:00,30.0,5.58
J922,M02,Completed,2023-03-24 17:30:00,2023-03-24 18:16:00,0.0,0.40856486629971145,2023-03-24 19:10:00,2023-03-24 19:56:00,46.0,4.17
J933,M02,Completed,2023-03-24 19:20:00,2023-03-24 20:09:00,0.013333333333333334,0.4117735394807037,2023-03-24 19:56:00,2023-03-24 20:45:00,49.0,4.23
J939,M02,Delayed,2023-03-24 20:20:00,2023-03-24 21:10:00,1.0,0.7179328811641738,2023-03-24 20:45:00,2023-03-24 21:35:00,50.0,7.97
J944,M02,Delayed,2023-03-24 21:10:00,2023-03-24 21:53:00,1.0,0.7975133705482175,2023-03-24 21:35:00,2023-03-24 22:18:00,43.0,6.5
J948,M02,Completed,2023-03-24 21:50:00,2023-03-24 23:30:00,0.006666666666666667,0.313713211332997,2023-03-24 22:18:00,2023-03-24 23:58:00,100.0,7.13
J957,M02,Delayed,2023-03-24 23:20:00,2023-03-25 00:50:00,0.9933333333333333,0.666155310794974,2023-03-24 23:58:00,2023-03-25 01:28:00,90.0,8.91
J969,M02,Delayed,2023-03-25 01:20:00,2023-03-25 01:52:00,0.9933333333333333,0.7611594904807037,2023-03-25 01:28:00,2023-03-25 02:00:00,32.0,8.68
J952,M02,Completed,2023-03-24 22:30:00,2023-03-24 22:54:00,0.0,0.3911681207796953,2023-03-25 02:00:00,2023-03-25 02:24:00,24.0,10.01
J971,M02,Completed,2023-03-25 01:40:00,2023-03-25 03:39:00,0.0,0.3242213204637038,2023-03-25 02:24:00,2023-03-25 04:23:00,119.0,4.69
J985,M02,Delayed,2023-03-25 04:00:00,2023-03-25 05:43:00,0.9866666666666667,0.6810831740138834,2023-03-25 04:23:00,2023-03-25 06:06:00,103.0,5.66
J996,M02,Failed,2023-03-25 05:50:00,2023-03-25 06:40:00,0.9866666666666667,0.8058714708901692,2023-03-25 06:06:00,2023-03-25 06:56:00,50.0,3.71
J979,M02,Delayed,2023-03-25 03:00:00,2023-03-25 04:40:00,0.9933333333333333,0.563105357466428,2023-03-25 06:56:00,2023-03-25 08:36:00,100.0,9.77
J978,M02,Delayed,2023-03-25 02:50:00,2023-03-25 04:28:00,0.9866666666666667,0.5526990487141329,2023-03-25 08:36:00,2023-03-25 10:14:00,98.0,10.05
J991,M02,Completed,2023-03-25 05:00:00,2023-03-25 05:36:00,0.0,0.36807710101560037,2023-03-25 10:14:00,2023-03-25 10:50:00,36.0,6.33
J999,M02,Completed,2023-03-25 06:20:00,2023-03-25 07:35:00,0.0,0.3106793004243921,2023-03-25 10:50:00,2023-03-25 12:05:00,75.0,9.08
J935,M02,Completed,2023-03-24 19:40:00,2023-03-24 21:01:00,0.0,0.3056021588401299,2023-03-25 12:05:00,2023-03-25 13:26:00,81.0,5.14
J947,M02,Completed,2023-03-24 21:40:00,2023-03-24 23:08:00,0.0,0.3052084567759149,2023-03-25 13:26:00,2023-03-25 14:54:00,88.0,8.42
J910,M02,Completed,2023-03-24 15:30:00,2023-03-24 16:08:00,0.0,0.30360556752374923,2023-03-25 14:54:00,2023-03-25 15:32:00,38.0,12.13
J884,M02,Completed,2023-03-24 11:10:00,2023-03-24 11:42:00,0.0,0.2890665909404188,2023-03-25 15:32:00,2023-03-25 16:04:00,32.0,13.96
J848,M02,Completed,2023-03-24 05:10:00,2023-03-24 06:36:00,0.006666666666666667,0.27976864289853437,2023-03-25 16:04:00,2023-03-25 17:30:00,86.0,6.85
J744,M02,Completed,2023-03-23 11:50:00,2023-03-23 13:28:00,0.0,0.27479576351665336,2023-03-25 17:30:00,2023-03-25 19:08:00,98.0,7.96
J938,M02,Completed,2023-03-24 20:10:00,2023-03-24 20:57:00,0.006666666666666667,0.2703320483335144,2023-03-25 19:08:00,2023-03-25 19:55:00,47.0,9.72
J628,M02,Completed,2023-03-22 16:30:00,2023-03-22 18:29:00,0.0,0.26899671307425255,2023-03-25 19:55:00,2023-03-25 21:54:00,119.0,6.85
J928,M02,Completed,2023-03-24 18:30:00,2023-03-24 20:10:00,0.0,0.2688276589838602,2023-03-25 21:54:00,2023-03-25 23:34:00,100.0,7.59
J100,M02,Completed,2023-03-19 00:30:00,2023-03-19 00:57:00,0.006666666666666667,0.2678331642723373,2023-03-25 23:34:00,2023-03-26 00:01:00,27.0,12.24
J173,M02,Completed,2023-03-19 12:40:00,2023-03-19 13:44:00,0.0,0.2671637382007275,2023-03-26 00:01:00,2023-03-26 01:05:00,64.0,12.14
J200,M02,Completed,2023-03-19 17:10:00,2023-03-19 18:34:00,0.006666666666666667,0.2633571670246947,2023-03-26 01:05:00,2023-03-26 02:29:00,84.0,7.96
J583,M02,Completed,2023-03-22 09:00:00,2023-03-22 09:56:00,0.0,0.26292675406896004,2023-03-26 02:29:00,2023-03-26 03:25:00,56.0,13.47
J421,M02,Completed,2023-03-21 06:00:00,2023-03-21 07:36:00,0.0,0.2598329748970753,2023-03-26 03:25:00,2023-03-26 05:01:00,96.0,9.69
J493,M02,Completed,2023-03-21 18:00:00,2023-03-21 19:40:00,0.013333333333333334,0.25942252702963886,2023-03-26 05:01:00,2023-03-26 06:41:00,100.0,9.82
J472,M02,Completed,2023-03-21 14:30:00,2023-03-21 15:49:00,0.0,0.25935259507344816,2023-03-26 06:41:00,2023-03-26 08:00:00,79.0,7.54
J569,M02,Completed,2023-03-22 06:40:00,2023-03-22 07:32:00,0.0,0.25726364486850595,2023-03-26 08:00:00,2023-03-26 08:52:00,52.0,10.42
J348,M02,Completed,2023-03-20 17:50:00,2023-03-20 19:22:00,0.02666666666666667,0.25194849112576995,2023-03-26 08:52:00,2023-03-26 10:24:00,92.0,8.79
J973,M02,Completed,2023-03-25 02:00:00,2023-03-25 03:01:00,0.0,0.24696157125782647,2023-03-26 10:24:00,2023-03-26 11:25:00,61.0,11.68
J459,M02,Completed,2023-03-21 12:20:00,2023-03-21 13:53:00,0.0,0.23928994036579998,2023-03-26 11:25:00,2023-03-26 12:58:00,93.0,10.61
J081,M02,Completed,2023-03-18 21:20:00,2023-03-18 22:29:00,0.0,0.23529951712476127,2023-03-26 12:58:00,2023-03-26 14:07:00,69.0,11.72
J526,M02,Completed,2023-03-21 23:30:00,2023-03-22 00:46:00,0.0,0.22730527940884396,2023-03-26 14:07:00,2023-03-26 15:23:00,76.0,9.64
J068,M02,Completed,2023-03-18 19:10:00,2023-03-18 21:06:00,0.013333333333333334,0.22632282326008163,2023-03-26 15:23:00,2023-03-26 17:19:00,116.0,9.64
J892,M02,Completed,2023-03-24 12:30:00,2023-03-24 13:13:00,0.006666666666666667,0.22074571550605154,2023-03-26 17:19:00,2023-03-26 18:02:00,43.0,14.03
J122,M02,Completed,2023-03-19 04:10:00,2023-03-19 05:52:00,0.0,0.21902154771748142,2023-03-26 18:02:00,2023-03-26 19:44:00,102.0,7.75
J091,M02,Completed,2023-03-18 23:00:00,2023-03-19 00:00:00,0.013333333333333334,0.21833337393155855,2023-03-26 19:44:00,2023-03-26 20:44:00,60.0,14.6
J537,M02,Completed,2023-03-22 01:20:00,2023-03-22 02:08:00,0.006666666666666667,0.2176279944490601,2023-03-26 20:44:00,2023-03-26 21:32:00,48.0,13.96
J965,M02,Completed,2023-03-25 00:40:00,2023-03-25 01:23:00,0.0,0.21564428034737082,2023-03-26 21:32:00,2023-03-26 22:15:00,43.0,12.77
J873,M02,Completed,2023-03-24 09:20:00,2023-03-24 11:09:00,0.0,0.20866964251163744,2023-03-26 22:15:00,2023-03-27 00:04:00,109.0,8.73
J394,M02,Completed,2023-03-21 01:30:00,2023-03-21 02:44:00,0.0,0.20678716067515077,2023-03-27 00:04:00,2023-03-27 01:18:00,74.0,10.7
J784,M02,Completed,2023-03-23 18:30:00,2023-03-23 20:28:00,0.013333333333333334,0.20600175845415555,2023-03-27 01:18:00,2023-03-27 03:16:00,118.0,7.16
J559,M02,Completed,2023-03-22 05:00:00,2023-03-22 06:54:00,0.02,0.20071663353651886,2023-03-27 03:16:00,2023-03-27 05:10:00,114.0,9.67
J966,M02,Completed,2023-03-25 00:50:00,2023-03-25 02:44:00,0.006666666666666667,0.19931950927418524,2023-03-27 05:10:00,2023-03-27 07:04:00,114.0,10.41
J318,M02,Completed,2023-03-20 12:50:00,2023-03-20 14:17:00,0.0,0.19715286290209091,2023-03-27 07:04:00,2023-03-27 08:31:00,87.0,10.22
J787,M02,Completed,2023-03-23 19:00:00,2023-03-23 20:32:00,0.0,0.19675802461143052,2023-03-27 08:31:00,2023-03-27 10:03:00,92.0,11.17
J343,M02,Completed,2023-03-20 17:00:00,2023-03-20 18:40:00,0.0,0.19376780426390994,2023-03-27 10:03:00,2023-03-27 11:43:00,100.0,10.38
J177,M02,Completed,2023-03-19 13:20:00,2023-03-19 14:57:00,0.0,0.19299508990239447,2023-03-27 11:43:00,2023-03-27 13:20:00,97.0,9.08
J671,M02,Completed,2023-03-22 23:40:00,2023-03-23 01:36:00,0.0,0.19212530943564365,2023-03-27 13:20:00,2023-03-27 15:16:00,116.0,8.84
J452,M02,Completed,2023-03-21 11:10:00,2023-03-21 13:00:00,0.006666666666666667,0.1885109226567344,2023-03-27 15:16:00,2023-03-27 17:06:00,110.0,7.81
J864,M02,Completed,2023-03-24 07:50:00,2023-03-24 09:09:00,0.0,0.18423592908876882,2023-03-27 17:06:00,2023-03-27 18:25:00,79.0,10.56
J710,M02,Completed,2023-03-23 06:10:00,2023-03-23 07:27:00,0.0,0.18413740212488527,2023-03-27 18:25:00,2023-03-27 19:42:00,77.0,12.33
J505,M02,Completed,2023-03-21 20:00:00,2023-03-21 21:14:00,0.0,0.1717508420485879,2023-03-27 19:42:00,2023-03-27 20:56:00,74.0,13.58
J923,M02,Completed,2023-03-24 17:40:00,2023-03-24 19:11:00,0.0,0.17072166540521944,2023-03-27 20:56:00,2023-03-27 22:27:00,91.0,14.43
J618,M02,Completed,2023-03-22 14:50:00,2023-03-22 16:24:00,0.0,0.16772454654725077,2023-03-27 22:27:00,2023-03-28 00:01:00,94.0,13.39
J754,M02,Completed,2023-03-23 13:30:00,2023-03-23 15:27:00,0.006666666666666667,0.16312026405300376,2023-03-28 00:01:00,2023-03-28 01:58:00,117.0,8.53
J564,M02,Completed,2023-03-22 05:50:00,2023-03-22 07:42:00,0.013333333333333334,0.15492502267327657,2023-03-28 01:58:00,2023-03-28 03:50:00,112.0,12.39
J247,M02,Completed,2023-03-20 01:00:00,2023-03-20 02:24:00,0.0,0.15134098935166942,2023-03-28 03:50:00,2023-03-28 05:14:00,84.0,12.46
J420,M02,Completed,2023-03-21 05:50:00,2023-03-21 07:45:00,0.0,0.14706123444915542,2023-03-28 05:14:00,2023-03-28 07:09:00,115.0,12.24
J644,M02,Completed,2023-03-22 19:10:00,2023-03-22 20:37:00,0.0,0.13921754659032368,2023-03-28 07:09:00,2023-03-28 08:36:00,87.0,14.09
J021,M02,Completed,2023-03-18 11:20:00,2023-03-18 13:07:00,0.0,0.13912340220664787,2023-03-28 08:36:00,2023-03-28 10:23:00,107.0,13.73
J941,M02,Completed,2023-03-24 20:40:00,2023-03-24 22:25:00,0.0,0.12993913081209624,2023-03-28 10:23:00,2023-03-28 12:08:00,105.0,14.3
J981,M02,Completed,2023-03-25 03:20:00,2023-03-25 04:40:00,0.006666666666666667,0.12477192984927214,2023-03-28 12:08:00,2023-03-28 13:28:00,80.0,14.98
J908,M02,Completed,2023-03-24 15:10:00,2023-03-24 16:56:00,0.006666666666666667,0.12123599672180288,2023-03-28 13:28:00,2023-03-28 15:14:00,106.0,14.25
J519,M02,Completed,2023-03-21 22:20:00,2023-03-21 23:56:00,0.0,0.11589757743131476,2023-03-28 15:14:00,2023-03-28 16:50:00,96.0,14.32
J987,M02,Completed,2023-03-25 04:20:00,2023-03-25 06:20:00,0.013333333333333334,0.11092518499194956,2023-03-28 16:50:00,2023-03-28 18:50:00,120.0,10.87
J316,M02,Completed,2023-03-20 12:30:00,2023-03-20 14:15:00,0.0,0.1100430142688632,2023-03-28 18:50:00,2023-03-28 20:35:00,105.0,14.25
J937,M02,Completed,2023-03-24 20:00:00,2023-03-24 21:43:00,0.006666666666666667,0.10080658471998556,2023-03-28 20:35:00,2023-03-28 22:18:00,103.0,14.71
J814,M02,Completed,2023-03-23 23:30:00,2023-03-24 01:14:00,0.0,0.09561644282942897,2023-03-28 22:18:00,2023-03-29 00:02:00,104.0,14.05
J731,M02,Completed,2023-03-23 09:40:00,2023-03-23 11:35:00,0.0,0.04342531350441754,2023-03-29 00:02:00,2023-03-29 01:57:00,115.0,13.99
J840,M02,Completed,2023-03-24 03:50:00,2023-03-24 05:48:00,0.013333333333333334,0.037264185931096455,2023-03-29 01:57:00,2023-03-29 03:55:00,118.0,14.0
J012,M03,Delayed,2023-03-18 09:50:00,2023-03-18 10:18:00,0.9866666666666667,0.7961604779152787,2023-03-18 09:50:00,2023-03-18 10:18:00,28.0,8.08
J013,M03,Completed,2023-03-18 10:00:00,2023-03-18 10:43:00,0.0,0.3931713671334377,2023-03-18 10:18:00,2023-03-18 11:01:00,43.0,5.55
J017,M03,Completed,2023-03-18 10:40:00,2023-03-18 12:35:00,0.0,0.2381418658594064,2023-03-18 11:01:00,2023-03-18 12:56:00,115.0,9.44
J022,M03,Delayed,2023-03-18 11:30:00,2023-03-18 12:34:00,1.0,0.7943114064986746,2023-03-18 12:56:00,2023-03-18 14:00:00,64.0,4.14
J027,M03,Failed,2023-03-18 12:20:00,2023-03-18 13:47:00,0.9666666666666667,0.6368609608238077,2023-03-18 14:00:00,2023-03-18 15:27:00,87.0,11.34
J031,M03,Completed,2023-03-18 13:00:00,2023-03-18 13:37:00,0.0,0.4540331128584319,2023-03-18 15:27:00,2023-03-18 16:04:00,37.0,3.21
J046,M03,Delayed,2023-03-18 15:30:00,2023-03-18 16:00:00,0.9933333333333333,0.8321277979063749,2023-03-18 16:04:00,2023-03-18 16:34:00,30.0,7.15
J032,M03,Completed,2023-03-18 13:10:00,2023-03-18 14:28:00,0.0,0.4164595219801531,2023-03-18 16:34:00,2023-03-18 17:52:00,78.0,4.93
J043,M03,Completed,2023-03-18 15:00:00,2023-03-18 16:15:00,0.013333333333333334,0.4002028703237245,2023-03-18 17:52:00,2023-03-18 19:07:00,75.0,4.53
J066,M03,Delayed,2023-03-18 18:50:00,2023-03-18 19:42:00,0.9933333333333333,0.8420092246754527,2023-03-18 19:07:00,2023-03-18 19:59:00,52.0,2.09
J065,M03,Failed,2023-03-18 18:40:00,2023-03-18 19:03:00,0.9666666666666667,0.8172409470201798,2023-03-18 19:59:00,2023-03-18 20:22:00,23.0,6.8
J028,M03,Completed,2023-03-18 12:30:00,2023-03-18 14:03:00,0.0,0.30953301141311285,2023-03-18 20:22:00,2023-03-18 21:55:00,93.0,4.16
J083,M03,Completed,2023-03-18 21:40:00,2023-03-18 22:39:00,0.006666666666666667,0.26380962817432674,2023-03-18 21:55:00,2023-03-18 22:54:00,59.0,12.15
J087,M03,Delayed,2023-03-18 22:20:00,2023-03-18 23:19:00,0.9933333333333333,0.5280660359634521,2023-03-18 22:54:00,2023-03-18 23:53:00,59.0,14.83
J092,M03,Failed,2023-03-18 23:10:00,2023-03-19 00:40:00,0.9666666666666667,0.6206673967273124,2023-03-18 23:53:00,2023-03-19 01:23:00,90.0,8.14
J093,M03,Delayed,2023-03-18 23:20:00,2023-03-19 00:46:00,1.0,0.590302479026329,2023-03-19 01:23:00,2023-03-19 02:49:00,86.0,9.92
J106,M03,Completed,2023-03-19 01:30:00,2023-03-19 03:17:00,0.0,0.26894525830220684,2023-03-19 02:49:00,2023-03-19 04:36:00,107.0,8.8
J105,M03,Completed,2023-03-19 01:20:00,2023-03-19 02:03:00,0.0,0.2531843525773584,2023-03-19 04:36:00,2023-03-19 05:19:00,43.0,13.65
J095,M03,Completed,2023-03-18 23:40:00,2023-03-19 01:33:00,0.006666666666666667,0.20252877762549557,2023-03-19 05:19:00,2023-03-19 07:12:00,113.0,9.22
J138,M03,Delayed,2023-03-19 06:50:00,2023-03-19 07:55:00,1.0,0.6856928941520102,2023-03-19 07:12:00,2023-03-19 08:17:00,65.0,11.48
J143,M03,Delayed,2023-03-19 07:40:00,2023-03-19 08:13:00,1.0,0.884652111767916,2023-03-19 08:17:00,2023-03-19 08:50:00,33.0,4.28
J147,M03,Delayed,2023-03-19 08:20:00,2023-03-19 08:49:00,0.9866666666666667,0.7243069698250791,2023-03-19 08:50:00,2023-03-19 09:19:00,29.0,11.1
J150,M03,Delayed,2023-03-19 08:50:00,2023-03-19 09:43:00,1.0,0.6620972280427155,2023-03-19 09:19:00,2023-03-19 10:12:00,53.0,12.4
J134,M03,Failed,2023-03-19 06:10:00,2023-03-19 07:21:00,1.0,0.5957356649236568,2023-03-19 10:12:00,2023-03-19 11:23:00,71.0,13.03
J139,M03,Completed,2023-03-19 07:00:00,2023-03-19 07:45:00,0.006666666666666667,0.43237692922143167,2023-03-19 11:23:00,2023-03-19 12:08:00,45.0,4.48
J168,M03,Delayed,2023-03-19 11:50:00,2023-03-19 12:27:00,0.9733333333333334,0.61177126666152,2023-03-19 12:08:00,2023-03-19 12:45:00,37.0,12.54
J144,M03,Completed,2023-03-19 07:50:00,2023-03-19 08:37:00,0.02,0.41931672280362964,2023-03-19 12:45:00,2023-03-19 13:32:00,47.0,6.24
J169,M03,Completed,2023-03-19 12:00:00,2023-03-19 12:23:00,0.0,0.4128775717367012,2023-03-19 13:32:00,2023-03-19 13:55:00,23.0,7.11
J179,M03,Delayed,2023-03-19 13:40:00,2023-03-19 15:15:00,1.0,0.5687355431852521,2023-03-19 13:55:00,2023-03-19 15:30:00,95.0,14.17
J155,M03,Completed,2023-03-19 09:40:00,2023-03-19 10:20:00,0.03333333333333333,0.38100285409137274,2023-03-19 15:30:00,2023-03-19 16:10:00,40.0,9.87
J170,M03,Completed,2023-03-19 12:10:00,2023-03-19 13:52:00,0.0,0.3329930609169268,2023-03-19 16:10:00,2023-03-19 17:52:00,102.0,2.14
J192,M03,Completed,2023-03-19 15:50:00,2023-03-19 17:30:00,0.02,0.3236726047994221,2023-03-19 17:52:00,2023-03-19 19:32:00,100.0,6.93
J213,M03,Failed,2023-03-19 19:20:00,2023-03-19 20:13:00,0.9666666666666667,0.8422508889863491,2023-03-19 19:32:00,2023-03-19 20:25:00,53.0,4.49
J211,M03,Completed,2023-03-19 19:00:00,2023-03-19 19:25:00,0.0,0.44242868158433835,2023-03-19 20:25:00,2023-03-19 20:50:00,25.0,8.39
J222,M03,Failed,2023-03-19 20:50:00,2023-03-19 22:49:00,0.9733333333333334,0.7178276721137395,2023-03-19 20:50:00,2023-03-19 22:49:00,119.0,3.14
J225,M03,Completed,2023-03-19 21:20:00,2023-03-19 21:42:00,0.0,0.3413353893797366,2023-03-19 22:49:00,2023-03-19 23:11:00,22.0,13.02
J235,M03,Completed,2023-03-19 23:00:00,2023-03-19 23:56:00,0.013333333333333334,0.371932529866402,2023-03-19 23:11:00,2023-03-20 00:07:00,56.0,6.94
J239,M03,Failed,2023-03-19 23:40:00,2023-03-20 01:09:00,0.9733333333333334,0.7648706457775442,2023-03-20 00:07:00,2023-03-20 01:36:00,89.0,2.79
J244,M03,Delayed,2023-03-20 00:30:00,2023-03-20 01:12:00,1.0,0.6922455866014636,2023-03-20 01:36:00,2023-03-20 02:18:00,42.0,10.91
J249,M03,Completed,2023-03-20 01:20:00,2023-03-20 02:27:00,0.0,0.3929942783018887,2023-03-20 02:18:00,2023-03-20 03:25:00,67.0,3.71
J259,M03,Completed,2023-03-20 03:00:00,2023-03-20 03:24:00,0.013333333333333334,0.393482341173704,2023-03-20 03:25:00,2023-03-20 03:49:00,24.0,7.41
J157,M03,Completed,2023-03-19 10:00:00,2023-03-19 10:59:00,0.0,0.32185391390514906,2023-03-20 03:49:00,2023-03-20 04:48:00,59.0,8.16
J142,M03,Completed,2023-03-19 07:30:00,2023-03-19 09:20:00,0.006666666666666667,0.3139988908335235,2023-03-20 04:48:00,2023-03-20 06:38:00,110.0,3.75
J194,M03,Completed,2023-03-19 16:10:00,2023-03-19 17:07:00,0.0,0.29433583575108413,2023-03-20 06:38:00,2023-03-20 07:35:00,57.0,8.84
J282,M03,Completed,2023-03-20 06:50:00,2023-03-20 07:20:00,0.0,0.348226271169091,2023-03-20 07:35:00,2023-03-20 08:05:00,30.0,10.21
J281,M03,Completed,2023-03-20 06:40:00,2023-03-20 07:39:00,0.04,0.30523613196524696,2023-03-20 08:05:00,2023-03-20 09:04:00,59.0,8.66
J294,M03,Completed,2023-03-20 08:50:00,2023-03-20 10:20:00,0.013333333333333334,0.31908490579442683,2023-03-20 09:04:00,2023-03-20 10:34:00,90.0,6.74
J296,M03,Failed,2023-03-20 09:10:00,2023-03-20 10:26:00,1.0,0.585910156665949,2023-03-20 10:34:00,2023-03-20 11:50:00,76.0,13.25
J309,M03,Delayed,2023-03-20 11:20:00,2023-03-20 12:31:00,1.0,0.6672732212230642,2023-03-20 11:50:00,2023-03-20 13:01:00,71.0,11.53
J319,M03,Completed,2023-03-20 13:00:00,2023-03-20 13:23:00,0.006666666666666667,0.4007530198017557,2023-03-20 13:01:00,2023-03-20 13:24:00,23.0,10.48
J304,M03,Completed,2023-03-20 10:30:00,2023-03-20 11:45:00,0.0,0.2972474942309393,2023-03-20 13:24:00,2023-03-20 14:39:00,75.0,6.02
J325,M03,Failed,2023-03-20 14:00:00,2023-03-20 15:52:00,0.9733333333333334,0.7028011737189843,2023-03-20 14:39:00,2023-03-20 16:31:00,112.0,4.85
J141,M03,Completed,2023-03-19 07:20:00,2023-03-19 09:00:00,0.006666666666666667,0.2924820300649605,2023-03-20 16:31:00,2023-03-20 18:11:00,100.0,6.0
J341,M03,Failed,2023-03-20 16:40:00,2023-03-20 18:16:00,0.9866666666666667,0.515303926371198,2023-03-20 18:11:00,2023-03-20 19:47:00,96.0,13.66
J355,M03,Completed,2023-03-20 19:00:00,2023-03-20 20:27:00,0.0,0.3764857363228137,2023-03-20 19:47:00,2023-03-20 21:14:00,87.0,5.88
J368,M03,Completed,2023-03-20 21:10:00,2023-03-20 22:13:00,0.0,0.32692862071828754,2023-03-20 21:14:00,2023-03-20 22:17:00,63.0,8.96
J372,M03,Delayed,2023-03-20 21:50:00,2023-03-20 23:08:00,1.0,0.7104050639327546,2023-03-20 22:17:00,2023-03-20 23:35:00,78.0,9.06
J189,M03,Completed,2023-03-19 15:20:00,2023-03-19 16:10:00,0.006666666666666667,0.28926813566035603,2023-03-20 23:35:00,2023-03-21 00:25:00,50.0,11.6
J291,M03,Completed,2023-03-20 08:20:00,2023-03-20 08:46:00,0.0,0.26040189914287176,2023-03-21 00:25:00,2023-03-21 00:51:00,26.0,12.76
J322,M03,Completed,2023-03-20 13:30:00,2023-03-20 14:50:00,0.0,0.2433689080247446,2023-03-21 00:51:00,2023-03-21 02:11:00,80.0,10.42
J391,M03,Completed,2023-03-21 01:00:00,2023-03-21 01:35:00,0.006666666666666667,0.4916497450291262,2023-03-21 02:11:00,2023-03-21 02:46:00,35.0,4.83
J366,M03,Completed,2023-03-20 20:50:00,2023-03-20 21:37:00,0.0,0.24251828107583645,2023-03-21 02:46:00,2023-03-21 03:33:00,47.0,12.4
J405,M03,Completed,2023-03-21 03:20:00,2023-03-21 05:00:00,0.0,0.25818772066548235,2023-03-21 03:33:00,2023-03-21 05:13:00,100.0,8.05
J414,M03,Delayed,2023-03-21 04:50:00,2023-03-21 05:21:00,0.9933333333333333,0.9210826329431728,2023-03-21 05:13:00,2023-03-21 05:44:00,31.0,2.08
J411,M03,Delayed,2023-03-21 04:20:00,2023-03-21 05:56:00,0.9933333333333333,0.5526660440733865,2023-03-21 05:44:00,2023-03-21 07:20:00,96.0,12.16
J408,M03,Completed,2023-03-21 03:50:00,2023-03-21 04:44:00,0.006666666666666667,0.36280041662617646,2023-03-21 07:20:00,2023-03-21 08:14:00,54.0,7.62
J432,M03,Delayed,2023-03-21 07:50:00,2023-03-21 09:35:00,1.0,0.5056969521060783,2023-03-21 08:14:00,2023-03-21 09:59:00,105.0,12.39
J354,M03,Completed,2023-03-20 18:50:00,2023-03-20 19:51:00,0.0,0.22840457738740189,2023-03-21 09:59:00,2023-03-21 11:00:00,61.0,13.62
J446,M03,Failed,2023-03-21 10:10:00,2023-03-21 11:12:00,0.9933333333333333,0.6233199417302935,2023-03-21 11:00:00,2023-03-21 12:02:00,62.0,10.68
J454,M03,Delayed,2023-03-21 11:30:00,2023-03-21 12:25:00,1.0,0.7569163653148562,2023-03-21 12:02:00,2023-03-21 12:57:00,55.0,6.99
J453,M03,Completed,2023-03-21 11:20:00,2023-03-21 13:13:00,0.006666666666666667,0.28753060369505484,2023-03-21 12:57:00,2023-03-21 14:50:00,113.0,5.09
J444,M03,Completed,2023-03-21 09:50:00,2023-03-21 10:46:00,0.0,0.22100004060347855,2023-03-21 14:50:00,2023-03-21 15:46:00,56.0,14.6
J395,M03,Completed,2023-03-21 01:40:00,2023-03-21 02:46:00,0.0,0.21695589013324026,2023-03-21 15:46:00,2023-03-21 16:52:00,66.0,13.0
J483,M03,Completed,2023-03-21 16:20:00,2023-03-21 16:53:00,0.0,0.534386316603991,2023-03-21 16:52:00,2023-03-21 17:25:00,33.0,3.04
J486,M03,Completed,2023-03-21 16:50:00,2023-03-21 17:43:00,0.02,0.37962123118593294,2023-03-21 17:25:00,2023-03-21 18:18:00,53.0,8.12
J485,M03,Completed,2023-03-21 16:40:00,2023-03-21 17:14:00,0.0,0.3313718297454242,2023-03-21 18:18:00,2023-03-21 18:52:00,34.0,9.0
J306,M03,Completed,2023-03-20 10:50:00,2023-03-20 12:07:00,0.006666666666666667,0.21634592651406706,2023-03-21 18:52:00,2023-03-21 20:09:00,77.0,9.46
J500,M03,Failed,2023-03-21 19:10:00,2023-03-21 19:58:00,0.9933333333333333,0.7469170686972364,2023-03-21 20:09:00,2023-03-21 20:57:00,48.0,9.05
J509,M03,Completed,2023-03-21 20:40:00,2023-03-21 22:23:00,0.0,0.23773331170696632,2023-03-21 20:57:00,2023-03-21 22:40:00,103.0,9.13
J515,M03,Delayed,2023-03-21 21:40:00,2023-03-21 22:20:00,1.0,0.8681645899566511,2023-03-21 22:40:00,2023-03-21 23:20:00,40.0,4.16
J513,M03,Failed,2023-03-21 21:20:00,2023-03-21 22:32:00,0.9866666666666667,0.5193522971076743,2023-03-21 23:20:00,2023-03-22 00:32:00,72.0,14.65
J528,M03,Failed,2023-03-21 23:50:00,2023-03-22 00:18:00,0.9733333333333334,0.8153452633209318,2023-03-22 00:32:00,2023-03-22 01:00:00,28.0,7.02
J532,M03,Completed,2023-03-22 00:30:00,2023-03-22 02:16:00,0.0,0.3440329505412989,2023-03-22 01:00:00,2023-03-22 02:46:00,106.0,4.73
J542,M03,Completed,2023-03-22 02:10:00,2023-03-22 02:57:00,0.0,0.24049742322627923,2023-03-22 02:46:00,2023-03-22 03:33:00,47.0,13.17
J524,M03,Completed,2023-03-21 23:10:00,2023-03-22 00:12:00,0.0,0.2312497666887533,2023-03-22 03:33:00,2023-03-22 04:35:00,62.0,10.68
J553,M03,Completed,2023-03-22 04:00:00,2023-03-22 05:03:00,0.0,0.25811800513321626,2023-03-22 04:35:00,2023-03-22 05:38:00,63.0,12.39
J558,M03,Completed,2023-03-22 04:50:00,2023-03-22 05:46:00,0.0,0.3320214259776767,2023-03-22 05:38:00,2023-03-22 06:34:00,56.0,8.89
J568,M03,Delayed,2023-03-22 06:30:00,2023-03-22 07:44:00,1.0,0.8024126928658045,2023-03-22 06:34:00,2023-03-22 07:48:00,74.0,2.47
J573,M03,Failed,2023-03-22 07:20:00,2023-03-22 08:30:00,0.9733333333333334,0.7474228512768017,2023-03-22 07:48:00,2023-03-22 08:58:00,70.0,6.78
J582,M03,Delayed,2023-03-22 08:50:00,2023-03-22 10:25:00,1.0,0.7219108870838479,2023-03-22 08:58:00,2023-03-22 10:33:00,95.0,6.41
J571,M03,Failed,2023-03-22 07:00:00,2023-03-22 08:25:00,0.98,0.6254176030015637,2023-03-22 10:33:00,2023-03-22 11:58:00,85.0,8.37
J576,M03,Completed,2023-03-22 07:50:00,2023-03-22 08:55:00,0.0,0.43476159559075256,2023-03-22 11:58:00,2023-03-22 13:03:00,65.0,3.67
J607,M03,Failed,2023-03-22 13:00:00,2023-03-22 14:19:00,0.98,0.5246026048366046,2023-03-22 13:03:00,2023-03-22 14:22:00,79.0,13.93
J609,M03,Failed,2023-03-22 13:20:00,2023-03-22 14:45:00,0.9866666666666667,0.8293909287438059,2023-03-22 14:22:00,2023-03-22 15:47:00,85.0,3.08
J622,M03,Delayed,2023-03-22 15:30:00,2023-03-22 17:17:00,0.9733333333333334,0.8100133637865511,2023-03-22 15:47:00,2023-03-22 17:34:00,107.0,2.24
J629,M03,Delayed,2023-03-22 16:40:00,2023-03-22 18:32:00,1.0,0.7260677673301853,2023-03-22 17:34:00,2023-03-22 19:26:00,112.0,2.94
J608,M03,Failed,2023-03-22 13:10:00,2023-03-22 15:08:00,0.9933333333333333,0.6016457949081665,2023-03-22 19:26:00,2023-03-22 21:24:00,118.0,7.23
J649,M03,Delayed,2023-03-22 20:00:00,2023-03-22 20:57:00,1.0,0.8232852327356822,2023-03-22 21:24:00,2023-03-22 22:21:00,57.0,2.81
J662,M03,Delayed,2023-03-22 22:10:00,2023-03-22 22:40:00,0.9933333333333333,0.8617264668962858,2023-03-22 22:21:00,2023-03-22 22:51:00,30.0,4.05
J663,M03,Delayed,2023-03-22 22:20:00,2023-03-23 00:12:00,0.9933333333333333,0.6398560777468976,2023-03-22 22:51:00,2023-03-23 00:43:00,112.0,9.51
J675,M03,Failed,2023-03-23 00:20:00,2023-03-23 00:45:00,0.94,0.832521932838515,2023-03-23 00:43:00,2023-03-23 01:08:00,25.0,4.14
J659,M03,Delayed,2023-03-22 21:40:00,2023-03-22 22:41:00,1.0,0.6017438619787233,2023-03-23 01:08:00,2023-03-23 02:09:00,61.0,14.09
J612,M03,Failed,2023-03-22 13:50:00,2023-03-22 15:32:00,0.9866666666666667,0.5533343609750534,2023-03-23 02:09:00,2023-03-23 03:51:00,102.0,14.0
J678,M03,Delayed,2023-03-23 00:50:00,2023-03-23 01:48:00,0.9866666666666667,0.539139011387687,2023-03-23 03:51:00,2023-03-23 04:49:00,58.0,14.55
J699,M03,Failed,2023-03-23 04:20:00,2023-03-23 05:20:00,0.9866666666666667,0.6775648523864921,2023-03-23 04:49:00,2023-03-23 05:49:00,60.0,8.62
J705,M03,Failed,2023-03-23 05:20:00,2023-03-23 06:45:00,1.0,0.7180785614747486,2023-03-23 05:49:00,2023-03-23 07:14:00,85.0,5.62
J682,M03,Completed,2023-03-23 01:30:00,2023-03-23 02:16:00,0.0,0.47472970012320576,2023-03-23 07:14:00,2023-03-23 08:00:00,46.0,4.04
J689,M03,Completed,2023-03-23 02:40:00,2023-03-23 03:05:00,0.0,0.4732447348215895,2023-03-23 08:00:00,2023-03-23 08:25:00,25.0,5.92
J633,M03,Delayed,2023-03-22 17:20:00,2023-03-22 18:58:00,0.9933333333333333,0.4726769193777862,2023-03-23 08:25:00,2023-03-23 10:03:00,98.0,14.08
J728,M03,Delayed,2023-03-23 09:10:00,2023-03-23 10:17:00,1.0,0.7344746171508107,2023-03-23 10:03:00,2023-03-23 11:10:00,67.0,6.24
J693,M03,Completed,2023-03-23 03:20:00,2023-03-23 04:19:00,0.0,0.4674652436840876,2023-03-23 11:10:00,2023-03-23 12:09:00,59.0,3.23
J745,M03,Delayed,2023-03-23 12:00:00,2023-03-23 12:35:00,1.0,0.8420813208768352,2023-03-23 12:09:00,2023-03-23 12:44:00,35.0,5.72
J669,M03,Completed,2023-03-22 23:20:00,2023-03-22 23:59:00,0.006666666666666667,0.4021621014841798,2023-03-23 12:44:00,2023-03-23 13:23:00,39.0,5.85
J686,M03,Completed,2023-03-23 02:10:00,2023-03-23 02:47:00,0.0,0.40164095281676476,2023-03-23 13:23:00,2023-03-23 14:00:00,37.0,5.02
J613,M03,Completed,2023-03-22 14:00:00,2023-03-22 15:06:00,0.0,0.39442616565457805,2023-03-23 14:00:00,2023-03-23 15:06:00,66.0,6.01
J590,M03,Completed,2023-03-22 10:10:00,2023-03-22 12:00:00,0.0,0.37570344520237686,2023-03-23 15:06:00,2023-03-23 16:56:00,110.0,3.47
J765,M03,Failed,2023-03-23 15:20:00,2023-03-23 15:41:00,0.9133333333333333,0.7110385636816583,2023-03-23 16:56:00,2023-03-23 17:17:00,21.0,12.69
J775,M03,Completed,2023-03-23 17:00:00,2023-03-23 17:34:00,0.0,0.4859431075815577,2023-03-23 17:17:00,2023-03-23 17:51:00,34.0,3.0
J780,M03,Delayed,2023-03-23 17:50:00,2023-03-23 18:21:00,0.98,0.6371468567525219,2023-03-23 17:51:00,2023-03-23 18:22:00,31.0,14.58
J578,M03,Completed,2023-03-22 08:10:00,2023-03-22 09:34:00,0.0,0.3666313354786352,2023-03-23 18:22:00,2023-03-23 19:46:00,84.0,4.29
J746,M03,Completed,2023-03-23 12:10:00,2023-03-23 12:40:00,0.0,0.3651032747783327,2023-03-23 19:46:00,2023-03-23 20:16:00,30.0,7.66
J756,M03,Completed,2023-03-23 13:50:00,2023-03-23 14:19:00,0.006666666666666667,0.3500645484332919,2023-03-23 20:16:00,2023-03-23 20:45:00,29.0,11.47
J791,M03,Completed,2023-03-23 19:40:00,2023-03-23 21:26:00,0.0,0.3389361684930213,2023-03-23 20:45:00,2023-03-23 22:31:00,106.0,3.13
J804,M03,Completed,2023-03-23 21:50:00,2023-03-23 22:24:00,0.0,0.46651365500017206,2023-03-23 22:31:00,2023-03-23 23:05:00,34.0,3.84
J801,M03,Completed,2023-03-23 21:20:00,2023-03-23 22:15:00,0.006666666666666667,0.35380857310183467,2023-03-23 23:05:00,2023-03-24 00:00:00,55.0,9.06
J603,M03,Completed,2023-03-22 12:20:00,2023-03-22 13:50:00,0.0,0.32138862964283327,2023-03-24 00:00:00,2023-03-24 01:30:00,90.0,7.32
J826,M03,Completed,2023-03-24 01:30:00,2023-03-24 02:37:00,0.006666666666666667,0.4129518592202539,2023-03-24 01:30:00,2023-03-24 02:37:00,67.0,3.19
J829,M03,Failed,2023-03-24 02:00:00,2023-03-24 03:30:00,0.9733333333333334,0.6073173446490167,2023-03-24 02:37:00,2023-03-24 04:07:00,90.0,9.06
J836,M03,Delayed,2023-03-24 03:10:00,2023-03-24 04:58:00,1.0,0.5128244122359209,2023-03-24 04:07:00,2023-03-24 05:55:00,108.0,12.05
J828,M03,Completed,2023-03-24 01:50:00,2023-03-24 02:48:00,0.02,0.32885509070316277,2023-03-24 05:55:00,2023-03-24 06:53:00,58.0,10.11
J593,M03,Completed,2023-03-22 10:40:00,2023-03-22 12:07:00,0.0,0.32125301303735254,2023-03-24 06:53:00,2023-03-24 08:20:00,87.0,6.22
J861,M03,Failed,2023-03-24 07:20:00,2023-03-24 08:28:00,0.96,0.5460002431178598,2023-03-24 08:20:00,2023-03-24 09:28:00,68.0,12.7
J674,M03,Completed,2023-03-23 00:10:00,2023-03-23 01:49:00,0.0,0.31975433186969343,2023-03-24 09:28:00,2023-03-24 11:07:00,99.0,6.84
J858,M03,Completed,2023-03-24 06:50:00,2023-03-24 08:44:00,0.006666666666666667,0.31566492175557725,2023-03-24 11:07:00,2023-03-24 13:01:00,114.0,5.38
J889,M03,Failed,2023-03-24 12:00:00,2023-03-24 13:18:00,0.9933333333333333,0.8227487450253431,2023-03-24 13:01:00,2023-03-24 14:19:00,78.0,2.95
J900,M03,Completed,2023-03-24 13:50:00,2023-03-24 14:49:00,0.0,0.3471795641890242,2023-03-24 14:19:00,2023-03-24 15:18:00,59.0,6.61
J905,M03,Completed,2023-03-24 14:40:00,2023-03-24 15:28:00,0.0,0.36744682061089723,2023-03-24 15:18:00,2023-03-24 16:06:00,48.0,7.14
J911,M03,Completed,2023-03-24 15:40:00,2023-03-24 17:32:00,0.006666666666666667,0.33301962694423604,2023-03-24 16:06:00,2023-03-24 17:58:00,112.0,4.12
J767,M03,Completed,2023-03-23 15:40:00,2023-03-23 17:32:00,0.006666666666666667,0.3142759674876043,2023-03-24 17:58:00,2023-03-24 19:50:00,112.0,3.11
J931,M03,Completed,2023-03-24 19:00:00,2023-03-24 19:55:00,0.0,0.40178914905757984,2023-03-24 19:50:00,2023-03-24 20:45:00,55.0,5.05
J874,M03,Completed,2023-03-24 09:30:00,2023-03-24 10:44:00,0.0,0.31314190643821466,2023-03-24 20:45:00,2023-03-24 21:59:00,74.0,9.06
J798,M03,Completed,2023-03-23 20:50:00,2023-03-23 21:34:00,0.0,0.31265008320569854,2023-03-24 21:59:00,2023-03-24 22:43:00,44.0,10.31
J706,M03,Completed,2023-03-23 05:30:00,2023-03-23 06:55:00,0.02666666666666667,0.30729897604781076,2023-03-24 22:43:00,2023-03-25 00:08:00,85.0,8.14
J761,M03,Completed,2023-03-23 14:40:00,2023-03-23 16:07:00,0.0,0.30442470479682987,2023-03-25 00:08:00,2023-03-25 01:35:00,87.0,6.72
J872,M03,Completed,2023-03-24 09:10:00,2023-03-24 10:41:00,0.013333333333333334,0.3025615117271267,2023-03-25 01:35:00,2023-03-25 03:06:00,91.0,5.32
J972,M03,Completed,2023-03-25 01:50:00,2023-03-25 02:49:00,0.013333333333333334,0.3258684143003656,2023-03-25 03:06:00,2023-03-25 04:05:00,59.0,10.72
J980,M03,Failed,2023-03-25 03:10:00,2023-03-25 04:21:00,0.9733333333333334,0.6282699072452077,2023-03-25 04:05:00,2023-03-25 05:16:00,71.0,12.3
J964,M03,Completed,2023-03-25 00:30:00,2023-03-25 01:36:00,0.0,0.2994093251786607,2023-03-25 05:16:00,2023-03-25 06:22:00,66.0,8.07
J995,M03,Failed,2023-03-25 05:40:00,2023-03-25 07:38:00,0.92,0.44978679509663977,2023-03-25 06:22:00,2023-03-25 08:20:00,118.0,14.12
J634,M03,Completed,2023-03-22 17:30:00,2023-03-22 18:57:00,0.013333333333333334,0.29831868415224017,2023-03-25 08:20:00,2023-03-25 09:47:00,87.0,9.49
J805,M03,Completed,2023-03-23 22:00:00,2023-03-23 22:54:00,0.0,0.29657411842755,2023-03-25 09:47:00,2023-03-25 10:41:00,54.0,8.32
J989,M03,Completed,2023-03-25 04:40:00,2023-03-25 06:09:00,0.0,0.2826062573679231,2023-03-25 10:41:00,2023-03-25 12:10:00,89.0,5.67
J968,M03,Completed,2023-03-25 01:10:00,2023-03-25 01:42:00,0.0,0.2721165442744281,2023-03-25 12:10:00,2023-03-25 12:42:00,32.0,13.1
J914,M03,Completed,2023-03-24 16:10:00,2023-03-24 17:22:00,0.013333333333333334,0.2616912443146033,2023-03-25 12:42:00,2023-03-25 13:54:00,72.0,9.64
J589,M03,Completed,2023-03-22 10:00:00,2023-03-22 10:54:00,0.0,0.2613673660067999,2023-03-25 13:54:00,2023-03-25 14:48:00,54.0,11.89
J863,M03,Completed,2023-03-24 07:40:00,2023-03-24 08:57:00,0.0,0.25248946964411906,2023-03-25 14:48:00,2023-03-25 16:05:00,77.0,9.83
J684,M03,Completed,2023-03-23 01:50:00,2023-03-23 02:18:00,0.013333333333333334,0.24097477311272777,2023-03-25 16:05:00,2023-03-25 16:33:00,28.0,13.43
J930,M03,Completed,2023-03-24 18:50:00,2023-03-24 20:31:00,0.0,0.23982607638682724,2023-03-25 16:33:00,2023-03-25 18:14:00,101.0,9.44
J793,M03,Completed,2023-03-23 20:00:00,2023-03-23 21:39:00,0.006666666666666667,0.2349803460214485,2023-03-25 18:14:00,2023-03-25 19:53:00,99.0,8.8
J624,M03,Completed,2023-03-22 15:50:00,2023-03-22 16:19:00,0.0,0.23405129248186618,2023-03-25 19:53:00,2023-03-25 20:22:00,29.0,14.55
J685,M03,Completed,2023-03-23 02:00:00,2023-03-23 03:21:00,0.006666666666666667,0.22870870701922763,2023-03-25 20:22:00,2023-03-25 21:43:00,81.0,10.4
J953,M03,Completed,2023-03-24 22:40:00,2023-03-25 00:23:00,0.013333333333333334,0.22796296447634068,2023-03-25 21:43:00,2023-03-25 23:26:00,103.0,7.28
J776,M03,Completed,2023-03-23 17:10:00,2023-03-23 19:08:00,0.006666666666666667,0.2185483369302344,2023-03-25 23:26:00,2023-03-26 01:24:00,118.0,7.64
J778,M03,Completed,2023-03-23 17:30:00,2023-03-23 18:45:00,0.0,0.2132439232458141,2023-03-26 01:24:00,2023-03-26 02:39:00,75.0,13.52
J853,M03,Completed,2023-03-24 06:00:00,2023-03-24 07:26:00,0.0,0.2094519336320743,2023-03-26 02:39:00,2023-03-26 04:05:00,86.0,11.14
J350,M03,Completed,2023-03-20 18:10:00,2023-03-20 19:27:00,0.006666666666666667,0.20617265215753677,2023-03-26 04:05:00,2023-03-26 05:22:00,77.0,10.81
J899,M03,Completed,2023-03-24 13:40:00,2023-03-24 14:55:00,0.006666666666666667,0.2051570290619782,2023-03-26 05:22:00,2023-03-26 06:37:00,75.0,14.44
J975,M03,Completed,2023-03-25 02:20:00,2023-03-25 03:53:00,0.02666666666666667,0.20108268745267074,2023-03-26 06:37:00,2023-03-26 08:10:00,93.0,10.22
J339,M03,Completed,2023-03-20 16:20:00,2023-03-20 17:34:00,0.0,0.19834662989652738,2023-03-26 08:10:00,2023-03-26 09:24:00,74.0,11.52
J871,M03,Completed,2023-03-24 09:00:00,2023-03-24 10:12:00,0.0,0.19732289090495883,2023-03-26 09:24:00,2023-03-26 10:36:00,72.0,13.33
J570,M03,Completed,2023-03-22 06:50:00,2023-03-22 07:57:00,0.0,0.1892771984169958,2023-03-26 10:36:00,2023-03-26 11:43:00,67.0,13.2
J990,M03,Completed,2023-03-25 04:50:00,2023-03-25 06:17:00,0.0,0.18438250215270274,2023-03-26 11:43:00,2023-03-26 13:10:00,87.0,12.82
J278,M03,Completed,2023-03-20 06:10:00,2023-03-20 07:08:00,0.0,0.18414689772469017,2023-03-26 13:10:00,2023-03-26 14:08:00,58.0,14.2
J949,M03,Completed,2023-03-24 22:00:00,2023-03-24 22:57:00,0.0,0.1719197338250104,2023-03-26 14:08:00,2023-03-26 15:05:00,57.0,14.36
J657,M03,Completed,2023-03-22 21:20:00,2023-03-22 23:01:00,0.0,0.15805031857015062,2023-03-26 15:05:00,2023-03-26 16:46:00,101.0,10.7
J458,M03,Completed,2023-03-21 12:10:00,2023-03-21 14:00:00,0.013333333333333334,0.15106072043791385,2023-03-26 16:46:00,2023-03-26 18:36:00,110.0,12.73
J579,M03,Completed,2023-03-22 08:20:00,2023-03-22 09:54:00,0.0,0.14887132250916585,2023-03-26 18:36:00,2023-03-26 20:10:00,94.0,13.75
J998,M03,Completed,2023-03-25 06:10:00,2023-03-25 07:52:00,0.0,0.1405651909504614,2023-03-26 20:10:00,2023-03-26 21:52:00,102.0,14.1
J881,M03,Completed,2023-03-24 10:40:00,2023-03-24 12:25:00,0.0,0.14027472306680372,2023-03-26 21:52:00,2023-03-26 23:37:00,105.0,10.44
J875,M03,Completed,2023-03-24 09:40:00,2023-03-24 11:05:00,0.0,0.13719961046232598,2023-03-26 23:37:00,2023-03-27 01:02:00,85.0,13.44
J712,M03,Completed,2023-03-23 06:30:00,2023-03-23 07:50:00,0.0,0.1297301465176636,2023-03-27 01:02:00,2023-03-27 02:22:00,80.0,12.83
J098,M03,Completed,2023-03-19 00:10:00,2023-03-19 01:41:00,0.013333333333333334,0.11012146791664632,2023-03-27 02:22:00,2023-03-27 03:53:00,91.0,14.55
J443,M03,Completed,2023-03-21 09:40:00,2023-03-21 11:29:00,0.0,0.09914158181241502,2023-03-27 03:53:00,2023-03-27 05:42:00,109.0,12.1
J275,M03,Completed,2023-03-20 05:40:00,2023-03-20 07:14:00,0.0,0.09074934061119141,2023-03-27 05:42:00,2023-03-27 07:16:00,94.0,14.67
J902,M03,Completed,2023-03-24 14:10:00,2023-03-24 15:53:00,0.0,0.08789765859071122,2023-03-27 07:16:00,2023-03-27 08:59:00,103.0,13.56
J903,M03,Completed,2023-03-24 14:20:00,2023-03-24 15:55:00,0.006666666666666667,0.07475813282887595,2023-03-27 08:59:00,2023-03-27 10:34:00,95.0,14.48
J003,M04,Failed,2023-03-18 08:20:00,2023-03-18 09:16:00,0.9866666666666667,0.6490230352408586,2023-03-18 08:20:00,2023-03-18 09:16:00,56.0,11.11
J007,M04,Completed,2023-03-18 09:00:00,2023-03-18 09:22:00,0.0,0.2771995293018096,2023-03-18 09:16:00,2023-03-18 09:38:00,22.0,14.2
J004,M04,Completed,2023-03-18 08:30:00,2023-03-18 10:16:00,0.006666666666666667,0.1090824439884244,2023-03-18 09:38:00,2023-03-18 11:24:00,106.0,12.5
J014,M04,Completed,2023-03-18 10:10:00,2023-03-18 12:02:00,0.013333333333333334,0.3423859649129425,2023-03-18 11:24:00,2023-03-18 13:16:00,112.0,2.01
J025,M04,Failed,2023-03-18 12:00:00,2023-03-18 13:59:00,0.9533333333333334,0.7013343880263921,2023-03-18 13:16:00,2023-03-18 15:15:00,119.0,5.1
J033,M04,Delayed,2023-03-18 13:20:00,2023-03-18 15:03:00,1.0,0.6949868924419849,2023-03-18 15:15:00,2023-03-18 16:58:00,103.0,8.02
J051,M04,Failed,2023-03-18 16:20:00,2023-03-18 16:44:00,0.9866666666666667,0.8126010086938219,2023-03-18 16:58:00,2023-03-18 17:22:00,24.0,7.26
J036,M04,Completed,2023-03-18 13:50:00,2023-03-18 15:29:00,0.0,0.2951063588145621,2023-03-18 17:22:00,2023-03-18 19:01:00,99.0,4.72
J041,M04,Completed,2023-03-18 14:40:00,2023-03-18 16:08:00,0.006666666666666667,0.2333955552112703,2023-03-18 19:01:00,2023-03-18 20:29:00,88.0,11.64
J070,M04,Failed,2023-03-18 19:30:00,2023-03-18 20:24:00,0.9266666666666666,0.8817317151963038,2023-03-18 20:29:00,2023-03-18 21:23:00,54.0,2.46
J069,M04,Completed,2023-03-18 19:20:00,2023-03-18 19:49:00,0.013333333333333334,0.4122369570887888,2023-03-18 21:23:00,2023-03-18 21:52:00,29.0,9.58
J071,M04,Completed,2023-03-18 19:40:00,2023-03-18 20:05:00,0.02,0.39692464392077903,2023-03-18 21:52:00,2023-03-18 22:17:00,25.0,7.29
J074,M04,Completed,2023-03-18 20:10:00,2023-03-18 21:15:00,0.0,0.22491295704844386,2023-03-18 22:17:00,2023-03-18 23:22:00,65.0,12.97
J088,M04,Completed,2023-03-18 22:30:00,2023-03-18 23:30:00,0.013333333333333334,0.2770153525808136,2023-03-18 23:22:00,2023-03-19 00:22:00,60.0,9.56
J097,M04,Delayed,2023-03-19 00:00:00,2023-03-19 00:57:00,1.0,0.8477546561006164,2023-03-19 00:22:00,2023-03-19 01:19:00,57.0,3.8
J089,M04,Completed,2023-03-18 22:40:00,2023-03-18 23:35:00,0.0,0.24370368869691353,2023-03-19 01:19:00,2023-03-19 02:14:00,55.0,14.16
J107,M04,Failed,2023-03-19 01:40:00,2023-03-19 03:23:00,1.0,0.5080818890055946,2023-03-19 02:14:00,2023-03-19 03:57:00,103.0,13.37
J120,M04,Completed,2023-03-19 03:50:00,2023-03-19 04:23:00,0.0,0.4353805137456833,2023-03-19 03:57:00,2023-03-19 04:30:00,33.0,5.5
J119,M04,Completed,2023-03-19 03:40:00,2023-03-19 04:38:00,0.013333333333333334,0.3769533471363711,2023-03-19 04:30:00,2023-03-19 05:28:00,58.0,6.55
J127,M04,Delayed,2023-03-19 05:00:00,2023-03-19 05:27:00,0.9933333333333333,0.8324588452627417,2023-03-19 05:28:00,2023-03-19 05:55:00,27.0,6.94
J116,M04,Completed,2023-03-19 03:10:00,2023-03-19 04:27:00,0.006666666666666667,0.3509155811735193,2023-03-19 05:55:00,2023-03-19 07:12:00,77.0,5.69
J136,M04,Completed,2023-03-19 06:30:00,2023-03-19 07:48:00,0.006666666666666667,0.39430372384682966,2023-03-19 07:12:00,2023-03-19 08:30:00,78.0,2.59
J131,M04,Completed,2023-03-19 05:40:00,2023-03-19 06:58:00,0.006666666666666667,0.3310403224798635,2023-03-19 08:30:00,2023-03-19 09:48:00,78.0,4.87
J123,M04,Completed,2023-03-19 04:20:00,2023-03-19 05:45:00,0.0,0.3233538936132234,2023-03-19 09:48:00,2023-03-19 11:13:00,85.0,8.35
J156,M04,Failed,2023-03-19 09:50:00,2023-03-19 10:59:00,0.9933333333333333,0.5355951517352866,2023-03-19 11:13:00,2023-03-19 12:22:00,69.0,14.55
J166,M04,Failed,2023-03-19 11:30:00,2023-03-19 12:31:00,0.9933333333333333,0.6216799628322673,2023-03-19 12:22:00,2023-03-19 13:23:00,61.0,11.52
J175,M04,Failed,2023-03-19 13:00:00,2023-03-19 13:40:00,0.9933333333333333,0.7519240889463092,2023-03-19 13:23:00,2023-03-19 14:03:00,40.0,8.16
J165,M04,Completed,2023-03-19 11:20:00,2023-03-19 11:49:00,0.0,0.4486517875360731,2023-03-19 14:03:00,2023-03-19 14:32:00,29.0,7.32
J128,M04,Completed,2023-03-19 05:10:00,2023-03-19 05:50:00,0.0,0.3159063425897303,2023-03-19 14:32:00,2023-03-19 15:12:00,40.0,10.06
J187,M04,Failed,2023-03-19 15:00:00,2023-03-19 16:50:00,0.9733333333333334,0.6178144432149997,2023-03-19 15:12:00,2023-03-19 17:02:00,110.0,10.29
J190,M04,Delayed,2023-03-19 15:30:00,2023-03-19 16:20:00,1.0,0.6599326376916674,2023-03-19 17:02:00,2023-03-19 17:52:00,50.0,10.25
J201,M04,Failed,2023-03-19 17:20:00,2023-03-19 18:12:00,0.9933333333333333,0.687153890515674,2023-03-19 17:52:00,2023-03-19 18:44:00,52.0,9.24
J206,M04,Delayed,2023-03-19 18:10:00,2023-03-19 19:39:00,1.0,0.7740926831272875,2023-03-19 18:44:00,2023-03-19 20:13:00,89.0,3.08
J205,M04,Failed,2023-03-19 18:00:00,2023-03-19 19:29:00,0.88,0.6144991272057938,2023-03-19 20:13:00,2023-03-19 21:42:00,89.0,10.18
J214,M04,Completed,2023-03-19 19:30:00,2023-03-19 20:06:00,0.0,0.48200803474233667,2023-03-19 21:42:00,2023-03-19 22:18:00,36.0,4.59
J198,M04,Completed,2023-03-19 16:50:00,2023-03-19 18:04:00,0.07333333333333333,0.4477668032601055,2023-03-19 22:18:00,2023-03-19 23:32:00,74.0,2.46
J233,M04,Completed,2023-03-19 22:40:00,2023-03-20 00:08:00,0.0,0.45087253987157744,2023-03-19 23:32:00,2023-03-20 01:00:00,88.0,2.35
J185,M04,Completed,2023-03-19 14:40:00,2023-03-19 15:30:00,0.006666666666666667,0.4224418563822707,2023-03-20 01:00:00,2023-03-20 01:50:00,50.0,6.07
J210,M04,Completed,2023-03-19 18:50:00,2023-03-19 20:06:00,0.006666666666666667,0.2945217167958945,2023-03-20 01:50:00,2023-03-20 03:06:00,76.0,10.49
J161,M04,Completed,2023-03-19 10:40:00,2023-03-19 11:34:00,0.0,0.2928813862128199,2023-03-20 03:06:00,2023-03-20 04:00:00,54.0,10.3
J260,M04,Failed,2023-03-20 03:10:00,2023-03-20 03:57:00,0.98,0.8003016674336433,2023-03-20 04:00:00,2023-03-20 04:47:00,47.0,4.55
J264,M04,Delayed,2023-03-20 03:50:00,2023-03-20 05:02:00,1.0,0.5889391709910645,2023-03-20 04:47:00,2023-03-20 05:59:00,72.0,13.92
J265,M04,Completed,2023-03-20 04:00:00,2023-03-20 05:37:00,0.0,0.3397142393472201,2023-03-20 05:59:00,2023-03-20 07:36:00,97.0,6.15
J279,M04,Completed,2023-03-20 06:20:00,2023-03-20 07:24:00,0.006666666666666667,0.4992261764658849,2023-03-20 07:36:00,2023-03-20 08:40:00,64.0,2.45
J263,M04,Completed,2023-03-20 03:40:00,2023-03-20 04:18:00,0.013333333333333334,0.2718776664276242,2023-03-20 08:40:00,2023-03-20 09:18:00,38.0,14.87
J286,M04,Completed,2023-03-20 07:30:00,2023-03-20 09:17:00,0.006666666666666667,0.26252212258753377,2023-03-20 09:18:00,2023-03-20 11:05:00,107.0,6.69
J299,M04,Delayed,2023-03-20 09:40:00,2023-03-20 10:03:00,1.0,0.9077158621224214,2023-03-20 11:05:00,2023-03-20 11:28:00,23.0,3.92
J302,M04,Delayed,2023-03-20 10:10:00,2023-03-20 11:02:00,1.0,0.5488961567518947,2023-03-20 11:28:00,2023-03-20 12:20:00,52.0,14.65
J312,M04,Failed,2023-03-20 11:50:00,2023-03-20 13:25:00,0.98,0.6408069630607159,2023-03-20 12:20:00,2023-03-20 13:55:00,95.0,6.84
J320,M04,Completed,2023-03-20 13:10:00,2023-03-20 13:49:00,0.0,0.4828821977892953,2023-03-20 13:55:00,2023-03-20 14:34:00,39.0,2.7
J300,M04,Completed,2023-03-20 09:50:00,2023-03-20 10:10:00,0.02,0.4470009333307905,2023-03-20 14:34:00,2023-03-20 14:54:00,20.0,6.24
J310,M04,Completed,2023-03-20 11:30:00,2023-03-20 12:20:00,0.0,0.3222140161662195,2023-03-20 14:54:00,2023-03-20 15:44:00,50.0,8.24
J334,M04,Failed,2023-03-20 15:30:00,2023-03-20 16:37:00,0.9933333333333333,0.8066446180958499,2023-03-20 15:44:00,2023-03-20 16:51:00,67.0,5.28
J342,M04,Failed,2023-03-20 16:50:00,2023-03-20 18:48:00,0.9466666666666667,0.6187702251202273,2023-03-20 16:51:00,2023-03-20 18:49:00,118.0,5.0
J331,M04,Completed,2023-03-20 15:00:00,2023-03-20 15:27:00,0.0,0.4093250821850092,2023-03-20 18:49:00,2023-03-20 19:16:00,27.0,5.78
J351,M04,Completed,2023-03-20 18:20:00,2023-03-20 19:11:00,0.006666666666666667,0.32294560999097854,2023-03-20 19:16:00,2023-03-20 20:07:00,51.0,9.83
J346,M04,Completed,2023-03-20 17:30:00,2023-03-20 17:59:00,0.0,0.30975636085386116,2023-03-20 20:07:00,2023-03-20 20:36:00,29.0,13.78
J363,M04,Completed,2023-03-20 20:20:00,2023-03-20 22:18:00,0.006666666666666667,0.35259451636311007,2023-03-20 20:36:00,2023-03-20 22:34:00,118.0,3.21
J370,M04,Failed,2023-03-20 21:30:00,2023-03-20 22:17:00,1.0,0.5994959213884828,2023-03-20 22:34:00,2023-03-20 23:21:00,47.0,14.26
J369,M04,Completed,2023-03-20 21:20:00,2023-03-20 22:36:00,0.0,0.34354112730878283,2023-03-20 23:21:00,2023-03-21 00:37:00,76.0,5.98
J298,M04,Completed,2023-03-20 09:30:00,2023-03-20 11:26:00,0.006666666666666667,0.2674170623249132,2023-03-21 00:37:00,2023-03-21 02:33:00,116.0,4.79
J390,M04,Delayed,2023-03-21 00:50:00,2023-03-21 02:06:00,1.0,0.6035419385086885,2023-03-21 02:33:00,2023-03-21 03:49:00,76.0,11.35
J401,M04,Failed,2023-03-21 02:40:00,2023-03-21 03:29:00,0.98,0.7089259420821775,2023-03-21 03:49:00,2023-03-21 04:38:00,49.0,8.1
J359,M04,Completed,2023-03-20 19:40:00,2023-03-20 21:10:00,0.0,0.2644799740441942,2023-03-21 04:38:00,2023-03-21 06:08:00,90.0,7.96
J413,M04,Completed,2023-03-21 04:40:00,2023-03-21 05:02:00,0.006666666666666667,0.4525805570272441,2023-03-21 06:08:00,2023-03-21 06:30:00,22.0,4.23
J418,M04,Completed,2023-03-21 05:30:00,2023-03-21 06:10:00,0.0,0.385938400370147,2023-03-21 06:30:00,2023-03-21 07:10:00,40.0,8.17
J199,M04,Completed,2023-03-19 17:00:00,2023-03-19 18:30:00,0.0,0.25678610560305865,2023-03-21 07:10:00,2023-03-21 08:40:00,90.0,7.61
J436,M04,Delayed,2023-03-21 08:30:00,2023-03-21 09:29:00,0.9933333333333333,0.7954523119644247,2023-03-21 08:40:00,2023-03-21 09:39:00,59.0,3.27
J441,M04,Failed,2023-03-21 09:20:00,2023-03-21 10:22:00,0.9933333333333333,0.8172208466390505,2023-03-21 09:39:00,2023-03-21 10:41:00,62.0,4.8
J438,M04,Delayed,2023-03-21 08:50:00,2023-03-21 10:39:00,0.98,0.5201843116070501,2023-03-21 10:41:00,2023-03-21 12:30:00,109.0,14.03
J440,M04,Completed,2023-03-21 09:10:00,2023-03-21 10:48:00,0.0,0.42919660755859956,2023-03-21 12:30:00,2023-03-21 14:08:00,98.0,2.65
J445,M04,Completed,2023-03-21 10:00:00,2023-03-21 10:56:00,0.0,0.3627157407894598,2023-03-21 14:08:00,2023-03-21 15:04:00,56.0,5.06
J474,M04,Delayed,2023-03-21 14:50:00,2023-03-21 15:42:00,1.0,0.841279389292383,2023-03-21 15:04:00,2023-03-21 15:56:00,52.0,5.65
J460,M04,Completed,2023-03-21 12:30:00,2023-03-21 14:15:00,0.0,0.33001217385097814,2023-03-21 15:56:00,2023-03-21 17:41:00,105.0,4.74
J489,M04,Completed,2023-03-21 17:20:00,2023-03-21 17:57:00,0.0,0.4476174978773708,2023-03-21 17:41:00,2023-03-21 18:18:00,37.0,4.17
J492,M04,Completed,2023-03-21 17:50:00,2023-03-21 18:55:00,0.0,0.37068660472555953,2023-03-21 18:18:00,2023-03-21 19:23:00,65.0,5.53
J496,M04,Failed,2023-03-21 18:30:00,2023-03-21 19:08:00,0.9733333333333334,0.8009614626479811,2023-03-21 19:23:00,2023-03-21 20:01:00,38.0,8.37
J433,M04,Completed,2023-03-21 08:00:00,2023-03-21 08:46:00,0.0,0.3264604147386754,2023-03-21 20:01:00,2023-03-21 20:47:00,46.0,9.54
J508,M04,Delayed,2023-03-21 20:30:00,2023-03-21 21:47:00,1.0,0.7717931254467683,2023-03-21 20:47:00,2023-03-21 22:04:00,77.0,6.72
J484,M04,Completed,2023-03-21 16:30:00,2023-03-21 18:21:00,0.006666666666666667,0.2570096443990186,2023-03-21 22:04:00,2023-03-21 23:55:00,111.0,6.81
J520,M04,Failed,2023-03-21 22:30:00,2023-03-21 23:04:00,0.9933333333333333,0.7904062542646706,2023-03-21 23:55:00,2023-03-22 00:29:00,34.0,6.56
J522,M04,Delayed,2023-03-21 22:50:00,2023-03-21 23:14:00,0.9933333333333333,0.7479666162397463,2023-03-22 00:29:00,2023-03-22 00:53:00,24.0,11.99
J530,M04,Delayed,2023-03-22 00:10:00,2023-03-22 01:37:00,0.9933333333333333,0.6432992461944861,2023-03-22 00:53:00,2023-03-22 02:20:00,87.0,9.93
J529,M04,Failed,2023-03-22 00:00:00,2023-03-22 01:42:00,0.9933333333333333,0.6186760266187039,2023-03-22 02:20:00,2023-03-22 04:02:00,102.0,9.47
J548,M04,Completed,2023-03-22 03:10:00,2023-03-22 03:31:00,0.0,0.4677074219946085,2023-03-22 04:02:00,2023-03-22 04:23:00,21.0,5.14
J546,M04,Completed,2023-03-22 02:50:00,2023-03-22 04:25:00,0.006666666666666667,0.3192616429366641,2023-03-22 04:23:00,2023-03-22 05:58:00,95.0,7.55
J557,M04,Completed,2023-03-22 04:40:00,2023-03-22 05:24:00,0.0,0.39596786106606996,2023-03-22 05:58:00,2023-03-22 06:42:00,44.0,4.66
J561,M04,Completed,2023-03-22 05:20:00,2023-03-22 06:04:00,0.0,0.36440514549133096,2023-03-22 06:42:00,2023-03-22 07:26:00,44.0,8.3
J547,M04,Completed,2023-03-22 03:00:00,2023-03-22 04:40:00,0.0,0.2807945461310315,2023-03-22 07:26:00,2023-03-22 09:06:00,100.0,6.39
J577,M04,Delayed,2023-03-22 08:00:00,2023-03-22 09:39:00,1.0,0.7172018824975496,2023-03-22 09:06:00,2023-03-22 10:45:00,99.0,5.13
J588,M04,Failed,2023-03-22 09:50:00,2023-03-22 11:26:00,0.9266666666666666,0.469727819590782,2023-03-22 10:45:00,2023-03-22 12:21:00,96.0,13.0
J599,M04,Delayed,2023-03-22 11:40:00,2023-03-22 13:05:00,0.9933333333333333,0.7454934595545268,2023-03-22 12:21:00,2023-03-22 13:46:00,85.0,7.05
J602,M04,Delayed,2023-03-22 12:10:00,2023-03-22 13:29:00,1.0,0.7450686195037961,2023-03-22 13:46:00,2023-03-22 15:05:00,79.0,7.93
J598,M04,Completed,2023-03-22 11:30:00,2023-03-22 13:12:00,0.14,0.4138642210269694,2023-03-22 15:05:00,2023-03-22 16:47:00,102.0,2.43
J580,M04,Completed,2023-03-22 08:30:00,2023-03-22 08:58:00,0.006666666666666667,0.3903999783694663,2023-03-22 16:47:00,2023-03-22 17:15:00,28.0,9.13
J605,M04,Completed,2023-03-22 12:40:00,2023-03-22 13:05:00,0.0,0.3641792801362096,2023-03-22 17:15:00,2023-03-22 17:40:00,25.0,9.27
J635,M04,Failed,2023-03-22 17:40:00,2023-03-22 19:23:00,0.96,0.6817625285410399,2023-03-22 17:40:00,2023-03-22 19:23:00,103.0,7.9
J642,M04,Delayed,2023-03-22 18:50:00,2023-03-22 19:33:00,1.0,0.6728410498176601,2023-03-22 19:23:00,2023-03-22 20:06:00,43.0,11.89
J637,M04,Failed,2023-03-22 18:00:00,2023-03-22 19:25:00,0.9866666666666667,0.5600893015267242,2023-03-22 20:06:00,2023-03-22 21:31:00,85.0,13.13
J653,M04,Delayed,2023-03-22 20:40:00,2023-03-22 21:01:00,0.9933333333333333,0.7460455027396344,2023-03-22 21:31:00,2023-03-22 21:52:00,21.0,12.56
J655,M04,Completed,2023-03-22 21:00:00,2023-03-22 21:46:00,0.0,0.44049279715085476,2023-03-22 21:52:00,2023-03-22 22:38:00,46.0,4.61
J597,M04,Completed,2023-03-22 11:20:00,2023-03-22 12:24:00,0.0,0.2619533336229918,2023-03-22 22:38:00,2023-03-22 23:42:00,64.0,11.0
J554,M04,Completed,2023-03-22 04:10:00,2023-03-22 05:43:00,0.006666666666666667,0.2577298489211594,2023-03-22 23:42:00,2023-03-23 01:15:00,93.0,6.97
J226,M04,Completed,2023-03-19 21:30:00,2023-03-19 23:15:00,0.0,0.2516572657694013,2023-03-23 01:15:00,2023-03-23 03:00:00,105.0,7.9
J683,M04,Completed,2023-03-23 01:40:00,2023-03-23 02:26:00,0.0,0.3801795236091359,2023-03-23 03:00:00,2023-03-23 03:46:00,46.0,6.99
J681,M04,Completed,2023-03-23 01:20:00,2023-03-23 02:27:00,0.006666666666666667,0.294074287506743,2023-03-23 03:46:00,2023-03-23 04:53:00,67.0,11.06
J697,M04,Delayed,2023-03-23 04:00:00,2023-03-23 05:14:00,0.9933333333333333,0.7074033731234992,2023-03-23 04:53:00,2023-03-23 06:07:00,74.0,7.6
J707,M04,Delayed,2023-03-23 05:40:00,2023-03-23 06:21:00,0.9866666666666667,0.7758781259278309,2023-03-23 06:07:00,2023-03-23 06:48:00,41.0,6.24
J709,M04,Failed,2023-03-23 06:00:00,2023-03-23 07:21:00,0.9866666666666667,0.5870602060421922,2023-03-23 06:48:00,2023-03-23 08:09:00,81.0,13.22
J714,M04,Delayed,2023-03-23 06:50:00,2023-03-23 07:32:00,0.9933333333333333,0.817026876751076,2023-03-23 08:09:00,2023-03-23 08:51:00,42.0,5.4
J723,M04,Failed,2023-03-23 08:20:00,2023-03-23 10:19:00,0.9133333333333333,0.7030879083105996,2023-03-23 08:51:00,2023-03-23 10:50:00,119.0,4.56
J729,M04,Delayed,2023-03-23 09:20:00,2023-03-23 10:09:00,1.0,0.8013515396004361,2023-03-23 10:50:00,2023-03-23 11:39:00,49.0,4.45
J732,M04,Completed,2023-03-23 09:50:00,2023-03-23 10:21:00,0.0,0.5600719879898202,2023-03-23 11:39:00,2023-03-23 12:10:00,31.0,2.33
J743,M04,Failed,2023-03-23 11:40:00,2023-03-23 12:33:00,1.0,0.7840507239549468,2023-03-23 12:10:00,2023-03-23 13:03:00,53.0,6.9
J718,M04,Completed,2023-03-23 07:30:00,2023-03-23 09:11:00,0.013333333333333334,0.3667720380386841,2023-03-23 13:03:00,2023-03-23 14:44:00,101.0,5.32
J759,M04,Delayed,2023-03-23 14:20:00,2023-03-23 16:13:00,0.9866666666666667,0.5470589074979139,2023-03-23 14:44:00,2023-03-23 16:37:00,113.0,12.41
J766,M04,Delayed,2023-03-23 15:30:00,2023-03-23 17:08:00,1.0,0.6802942819660396,2023-03-23 16:37:00,2023-03-23 18:15:00,98.0,8.86
J772,M04,Delayed,2023-03-23 16:30:00,2023-03-23 17:41:00,1.0,0.5927814791504045,2023-03-23 18:15:00,2023-03-23 19:26:00,71.0,12.02
J788,M04,Failed,2023-03-23 19:10:00,2023-03-23 20:35:00,0.9866666666666667,0.7107771236139153,2023-03-23 19:26:00,2023-03-23 20:51:00,85.0,5.25
J758,M04,Completed,2023-03-23 14:10:00,2023-03-23 14:42:00,0.006666666666666667,0.508338378716163,2023-03-23 20:51:00,2023-03-23 21:23:00,32.0,2.32
J755,M04,Delayed,2023-03-23 13:40:00,2023-03-23 15:40:00,0.9933333333333333,0.5008434575376582,2023-03-23 21:23:00,2023-03-23 23:23:00,120.0,10.96
J752,M04,Delayed,2023-03-23 13:10:00,2023-03-23 15:00:00,0.9866666666666667,0.48585118116921133,2023-03-23 23:23:00,2023-03-24 01:13:00,110.0,12.13
J815,M04,Failed,2023-03-23 23:40:00,2023-03-24 01:23:00,0.98,0.7319124291094327,2023-03-24 01:13:00,2023-03-24 02:56:00,103.0,4.94
J830,M04,Completed,2023-03-24 02:10:00,2023-03-24 02:34:00,0.0,0.5502477782767907,2023-03-24 02:56:00,2023-03-24 03:20:00,24.0,3.36
J820,M04,Delayed,2023-03-24 00:30:00,2023-03-24 02:19:00,0.9933333333333333,0.5205426013122406,2023-03-24 03:20:00,2023-03-24 05:09:00,109.0,13.79
J847,M04,Failed,2023-03-24 05:00:00,2023-03-24 06:13:00,0.9933333333333333,0.7347290234073545,2023-03-24 05:09:00,2023-03-24 06:22:00,73.0,6.05
J841,M04,Delayed,2023-03-24 04:00:00,2023-03-24 05:31:00,1.0,0.7294969764386445,2023-03-24 06:22:00,2023-03-24 07:53:00,91.0,4.38
J859,M04,Delayed,2023-03-24 07:00:00,2023-03-24 07:28:00,0.9933333333333333,0.7628615559770258,2023-03-24 07:53:00,2023-03-24 08:21:00,28.0,10.09
J856,M04,Failed,2023-03-24 06:30:00,2023-03-24 07:32:00,0.9666666666666667,0.6907768801489491,2023-03-24 08:21:00,2023-03-24 09:23:00,62.0,7.53
J868,M04,Delayed,2023-03-24 08:30:00,2023-03-24 09:03:00,0.9933333333333333,0.8475862242333877,2023-03-24 09:23:00,2023-03-24 09:56:00,33.0,7.36
J764,M04,Completed,2023-03-23 15:10:00,2023-03-23 16:47:00,0.0,0.40725471736822705,2023-03-24 09:56:00,2023-03-24 11:33:00,97.0,3.23
J810,M04,Completed,2023-03-23 22:50:00,2023-03-24 00:14:00,0.0,0.40526299558249,2023-03-24 11:33:00,2023-03-24 12:57:00,84.0,3.53
J792,M04,Completed,2023-03-23 19:50:00,2023-03-23 21:00:00,0.0,0.38369922494032205,2023-03-24 12:57:00,2023-03-24 14:07:00,70.0,4.08
J821,M04,Completed,2023-03-24 00:40:00,2023-03-24 01:04:00,0.0,0.37687602971929646,2023-03-24 14:07:00,2023-03-24 14:31:00,24.0,8.58
J886,M04,Completed,2023-03-24 11:30:00,2023-03-24 11:55:00,0.013333333333333334,0.3717688322686931,2023-03-24 14:31:00,2023-03-24 14:56:00,25.0,9.4
J719,M04,Completed,2023-03-23 07:40:00,2023-03-23 09:12:00,0.0,0.36144982348737015,2023-03-24 14:56:00,2023-03-24 16:28:00,92.0,4.96
J912,M04,Failed,2023-03-24 15:50:00,2023-03-24 17:02:00,1.0,0.5635485935464504,2023-03-24 16:28:00,2023-03-24 17:40:00,72.0,13.88
J918,M04,Failed,2023-03-24 16:50:00,2023-03-24 18:46:00,0.9666666666666667,0.5411545127482179,2023-03-24 17:40:00,2023-03-24 19:36:00,116.0,12.06
J924,M04,Delayed,2023-03-24 17:50:00,2023-03-24 19:14:00,0.9733333333333334,0.7382030322584174,2023-03-24 19:36:00,2023-03-24 21:00:00,84.0,3.01
J943,M04,Failed,2023-03-24 21:00:00,2023-03-24 22:11:00,0.9866666666666667,0.5582430977375922,2023-03-24 21:00:00,2023-03-24 22:11:00,71.0,12.6
J945,M04,Delayed,2023-03-24 21:20:00,2023-03-24 21:53:00,0.9933333333333333,0.8714510134189863,2023-03-24 22:11:00,2023-03-24 22:44:00,33.0,2.46
J942,M04,Completed,2023-03-24 20:50:00,2023-03-24 21:10:00,0.006666666666666667,0.4815693976707098,2023-03-24 22:44:00,2023-03-24 23:04:00,20.0,4.97
J955,M04,Failed,2023-03-24 23:00:00,2023-03-24 23:55:00,0.9066666666666666,0.5233772129368965,2023-03-24 23:04:00,2023-03-24 23:59:00,55.0,14.79
J960,M04,Completed,2023-03-24 23:50:00,2023-03-25 01:18:00,0.0,0.44040709329539185,2023-03-24 23:59:00,2023-03-25 01:27:00,88.0,3.03
J917,M04,Completed,2023-03-24 16:40:00,2023-03-24 17:20:00,0.0,0.3990009333391905,2023-03-25 01:27:00,2023-03-25 02:07:00,40.0,6.24
J970,M04,Completed,2023-03-25 01:30:00,2023-03-25 02:45:00,0.006666666666666667,0.42685893222200005,2023-03-25 02:07:00,2023-03-25 03:22:00,75.0,4.4
J920,M04,Completed,2023-03-24 17:10:00,2023-03-24 17:53:00,0.013333333333333334,0.37874249618768774,2023-03-25 03:22:00,2023-03-25 04:05:00,43.0,9.59
J984,M04,Delayed,2023-03-25 03:50:00,2023-03-25 05:04:00,1.0,0.708110051150676,2023-03-25 04:05:00,2023-03-25 05:19:00,74.0,9.05
J950,M04,Completed,2023-03-24 22:10:00,2023-03-24 23:42:00,0.0,0.3626022805739715,2023-03-25 05:19:00,2023-03-25 06:51:00,92.0,4.0
J757,M04,Completed,2023-03-23 14:00:00,2023-03-23 15:07:00,0.0,0.3606240311769278,2023-03-25 06:51:00,2023-03-25 07:58:00,67.0,7.84
J961,M04,Completed,2023-03-25 00:00:00,2023-03-25 01:33:00,0.0,0.3592063466364539,2023-03-25 07:58:00,2023-03-25 09:31:00,93.0,2.24
J896,M04,Completed,2023-03-24 13:10:00,2023-03-24 14:59:00,0.04,0.3476011037522778,2023-03-25 09:31:00,2023-03-25 11:20:00,109.0,2.05
J711,M04,Completed,2023-03-23 06:20:00,2023-03-23 06:58:00,0.0,0.3225156028265632,2023-03-25 11:20:00,2023-03-25 11:58:00,38.0,11.54
J768,M04,Completed,2023-03-23 15:50:00,2023-03-23 17:17:00,0.013333333333333334,0.3162872756353491,2023-03-25 11:58:00,2023-03-25 13:25:00,87.0,5.3
J785,M04,Completed,2023-03-23 18:40:00,2023-03-23 20:17:00,0.0,0.309750355080905,2023-03-25 13:25:00,2023-03-25 15:02:00,97.0,5.17
J844,M04,Completed,2023-03-24 04:30:00,2023-03-24 05:28:00,0.0,0.2838912470244757,2023-03-25 15:02:00,2023-03-25 16:00:00,58.0,8.75
J722,M04,Completed,2023-03-23 08:10:00,2023-03-23 08:50:00,0.0,0.27156515036959317,2023-03-25 16:00:00,2023-03-25 16:40:00,40.0,14.48
J988,M04,Completed,2023-03-25 04:30:00,2023-03-25 06:14:00,0.0,0.26372503349246335,2023-03-25 16:40:00,2023-03-25 18:24:00,104.0,8.83
J869,M04,Completed,2023-03-24 08:40:00,2023-03-24 09:19:00,0.0,0.25713452098215395,2023-03-25 18:24:00,2023-03-25 19:03:00,39.0,13.37
J865,M04,Completed,2023-03-24 08:00:00,2023-03-24 09:17:00,0.006666666666666667,0.25566743769068073,2023-03-25 19:03:00,2023-03-25 20:20:00,77.0,7.76
J623,M04,Completed,2023-03-22 15:40:00,2023-03-22 17:29:00,0.0,0.2513551921586218,2023-03-25 20:20:00,2023-03-25 22:09:00,109.0,9.16
J268,M04,Completed,2023-03-20 04:30:00,2023-03-20 06:15:00,0.006666666666666667,0.24928801959785765,2023-03-25 22:09:00,2023-03-25 23:54:00,105.0,6.98
J834,M04,Completed,2023-03-24 02:50:00,2023-03-24 04:01:00,0.0,0.24680493448453547,2023-03-25 23:54:00,2023-03-26 01:05:00,71.0,12.87
J473,M04,Completed,2023-03-21 14:40:00,2023-03-21 16:00:00,0.013333333333333334,0.2441411083750585,2023-03-26 01:05:00,2023-03-26 02:25:00,80.0,12.21
J650,M04,Completed,2023-03-22 20:10:00,2023-03-22 21:50:00,0.0,0.23905044030375217,2023-03-26 02:25:00,2023-03-26 04:05:00,100.0,9.56
J272,M04,Completed,2023-03-20 05:10:00,2023-03-20 06:05:00,0.0,0.23901675934575434,2023-03-26 04:05:00,2023-03-26 05:00:00,55.0,13.68
J376,M04,Completed,2023-03-20 22:30:00,2023-03-20 23:22:00,0.006666666666666667,0.23796464177099658,2023-03-26 05:00:00,2023-03-26 05:52:00,52.0,13.19
J963,M04,Completed,2023-03-25 00:20:00,2023-03-25 02:01:00,0.006666666666666667,0.22509226421500894,2023-03-26 05:52:00,2023-03-26 07:33:00,101.0,11.33
J860,M04,Completed,2023-03-24 07:10:00,2023-03-24 08:52:00,0.0,0.21688300939046107,2023-03-26 07:33:00,2023-03-26 09:15:00,102.0,8.07
J292,M04,Completed,2023-03-20 08:30:00,2023-03-20 10:03:00,0.0,0.21592022077074302,2023-03-26 09:15:00,2023-03-26 10:48:00,93.0,9.8
J115,M04,Completed,2023-03-19 03:00:00,2023-03-19 04:54:00,0.0,0.20740640345802114,2023-03-26 10:48:00,2023-03-26 12:42:00,114.0,9.49
J857,M04,Completed,2023-03-24 06:40:00,2023-03-24 07:42:00,0.0,0.20668295258638103,2023-03-26 12:42:00,2023-03-26 13:44:00,62.0,13.79
J327,M04,Completed,2023-03-20 14:20:00,2023-03-20 15:33:00,0.0,0.20566659905569631,2023-03-26 13:44:00,2023-03-26 14:57:00,73.0,11.29
J193,M04,Completed,2023-03-19 16:00:00,2023-03-19 17:20:00,0.0,0.20081727064724342,2023-03-26 14:57:00,2023-03-26 16:17:00,80.0,14.08
J042,M04,Completed,2023-03-18 14:50:00,2023-03-18 15:38:00,0.0,0.19766635558268997,2023-03-26 16:17:00,2023-03-26 17:05:00,48.0,13.57
J270,M04,Completed,2023-03-20 04:50:00,2023-03-20 06:05:00,0.0,0.19722720450351833,2023-03-26 17:05:00,2023-03-26 18:20:00,75.0,14.44
J845,M04,Completed,2023-03-24 04:40:00,2023-03-24 05:20:00,0.02,0.19679925335649243,2023-03-26 18:20:00,2023-03-26 19:00:00,40.0,14.19
J517,M04,Completed,2023-03-21 22:00:00,2023-03-21 23:06:00,0.013333333333333334,0.1955189438711086,2023-03-26 19:00:00,2023-03-26 20:06:00,66.0,14.84
J183,M04,Completed,2023-03-19 14:20:00,2023-03-19 16:06:00,0.006666666666666667,0.19381238757835334,2023-03-26 20:06:00,2023-03-26 21:52:00,106.0,12.25
J349,M04,Completed,2023-03-20 18:00:00,2023-03-20 19:26:00,0.006666666666666667,0.1926242205539497,2023-03-26 21:52:00,2023-03-26 23:18:00,86.0,10.39
J855,M04,Completed,2023-03-24 06:20:00,2023-03-24 07:50:00,0.006666666666666667,0.1902485357768889,2023-03-26 23:18:00,2023-03-27 00:48:00,90.0,13.56
J184,M04,Completed,2023-03-19 14:30:00,2023-03-19 15:59:00,0.0,0.18412798768419691,2023-03-27 00:48:00,2023-03-27 02:17:00,89.0,9.7
J549,M04,Completed,2023-03-22 03:20:00,2023-03-22 04:21:00,0.0,0.18237122106206685,2023-03-27 02:17:00,2023-03-27 03:18:00,61.0,14.7
J887,M04,Completed,2023-03-24 11:40:00,2023-03-24 13:25:00,0.0,0.1743452501929725,2023-03-27 03:18:00,2023-03-27 05:03:00,105.0,11.47
J762,M04,Completed,2023-03-23 14:50:00,2023-03-23 16:06:00,0.0,0.17381341559729965,2023-03-27 05:03:00,2023-03-27 06:19:00,76.0,11.27
J469,M04,Completed,2023-03-21 14:00:00,2023-03-21 15:59:00,0.0,0.17322915231284233,2023-03-27 06:19:00,2023-03-27 08:18:00,119.0,9.17
J572,M04,Completed,2023-03-22 07:10:00,2023-03-22 08:40:00,0.0,0.16819705395221743,2023-03-27 08:18:00,2023-03-27 09:48:00,90.0,11.44
J293,M04,Completed,2023-03-20 08:40:00,2023-03-20 10:23:00,0.0,0.16718995254398816,2023-03-27 09:48:00,2023-03-27 11:31:00,103.0,13.09
J073,M04,Completed,2023-03-18 20:00:00,2023-03-18 21:52:00,0.0,0.1475059043349803,2023-03-27 11:31:00,2023-03-27 13:23:00,112.0,11.57
J959,M04,Completed,2023-03-24 23:40:00,2023-03-25 01:04:00,0.0,0.1423850992424795,2023-03-27 13:23:00,2023-03-27 14:47:00,84.0,14.44
J402,M04,Completed,2023-03-21 02:50:00,2023-03-21 04:43:00,0.006666666666666667,0.1401297190734804,2023-03-27 14:47:00,2023-03-27 16:40:00,113.0,10.78
J080,M04,Completed,2023-03-18 21:10:00,2023-03-18 22:32:00,0.006666666666666667,0.1396251538873971,2023-03-27 16:40:00,2023-03-27 18:02:00,82.0,14.62
J661,M04,Completed,2023-03-22 22:00:00,2023-03-22 23:19:00,0.0,0.13826749992417287,2023-03-27 18:02:00,2023-03-27 19:21:00,79.0,13.23
J739,M04,Completed,2023-03-23 11:00:00,2023-03-23 12:38:00,0.0,0.1287745810405965,2023-03-27 19:21:00,2023-03-27 20:59:00,98.0,11.77
J725,M04,Completed,2023-03-23 08:40:00,2023-03-23 10:37:00,0.0,0.12235758635574048,2023-03-27 20:59:00,2023-03-27 22:56:00,117.0,12.68
J893,M04,Completed,2023-03-24 12:40:00,2023-03-24 14:35:00,0.0,0.1216706570045413,2023-03-27 22:56:00,2023-03-28 00:51:00,115.0,12.2
J382,M04,Completed,2023-03-20 23:30:00,2023-03-21 00:42:00,0.0,0.10733384736857506,2023-03-28 00:51:00,2023-03-28 02:03:00,72.0,14.49
J909,M04,Completed,2023-03-24 15:20:00,2023-03-24 17:16:00,0.0,0.10307770971896489,2023-03-28 02:03:00,2023-03-28 03:59:00,116.0,13.6
J102,M04,Completed,2023-03-19 00:50:00,2023-03-19 02:40:00,0.006666666666666667,0.09027612982394441,2023-03-28 03:59:00,2023-03-28 05:49:00,110.0,14.56
J008,M05,Completed,2023-03-18 09:10:00,2023-03-18 10:29:00,0.0,0.15001119996043288,2023-03-18 09:10:00,2023-03-18 10:29:00,79.0,13.86
J015,M05,Completed,2023-03-18 10:20:00,2023-03-18 12:04:00,0.0,0.29886685875247443,2023-03-18 10:29:00,2023-03-18 12:13:00,104.0,3.67
J018,M05,Completed,2023-03-18 10:50:00,2023-03-18 11:45:00,0.0,0.24953090129065902,2023-03-18 12:13:00,2023-03-18 13:08:00,55.0,10.95
J030,M05,Completed,2023-03-18 12:50:00,2023-03-18 13:56:00,0.006666666666666667,0.27016023483553236,2023-03-18 13:08:00,2023-03-18 14:14:00,66.0,10.36
J020,M05,Completed,2023-03-18 11:10:00,2023-03-18 11:52:00,0.0,0.21637820073129144,2023-03-18 14:14:00,2023-03-18 14:56:00,42.0,14.19
J052,M05,Completed,2023-03-18 16:30:00,2023-03-18 16:53:00,0.006666666666666667,0.4198334888987569,2023-03-18 16:30:00,2023-03-18 16:53:00,23.0,9.2
J054,M05,Delayed,2023-03-18 16:50:00,2023-03-18 17:54:00,1.0,0.7939177855935762,2023-03-18 16:53:00,2023-03-18 17:57:00,64.0,6.66
J059,M05,Delayed,2023-03-18 17:40:00,2023-03-18 18:42:00,1.0,0.7802170186420524,2023-03-18 17:57:00,2023-03-18 18:59:00,62.0,6.06
J055,M05,Completed,2023-03-18 17:00:00,2023-03-18 18:56:00,0.006666666666666667,0.0541516319955097,2023-03-18 18:59:00,2023-03-18 20:55:00,116.0,13.1
J075,M05,Completed,2023-03-18 20:20:00,2023-03-18 21:45:00,0.0,0.3214994116098483,2023-03-18 20:55:00,2023-03-18 22:20:00,85.0,7.52
J079,M05,Delayed,2023-03-18 21:00:00,2023-03-18 22:24:00,0.9933333333333333,0.6544934189801418,2023-03-18 22:20:00,2023-03-18 23:44:00,84.0,7.43
J094,M05,Delayed,2023-03-18 23:30:00,2023-03-19 00:21:00,1.0,0.7768913683579572,2023-03-18 23:44:00,2023-03-19 00:35:00,51.0,7.61
J099,M05,Failed,2023-03-19 00:20:00,2023-03-19 00:53:00,0.92,0.9151688508293941,2023-03-19 00:35:00,2023-03-19 01:08:00,33.0,3.17
J084,M05,Delayed,2023-03-18 21:50:00,2023-03-18 23:07:00,0.9933333333333333,0.5881176530488677,2023-03-19 01:08:00,2023-03-19 02:25:00,77.0,11.36
J103,M05,Delayed,2023-03-19 01:00:00,2023-03-19 02:45:00,1.0,0.5616722797810225,2023-03-19 02:25:00,2023-03-19 04:10:00,105.0,9.97
J096,M05,Delayed,2023-03-18 23:50:00,2023-03-19 01:40:00,0.9866666666666667,0.5143582622852549,2023-03-19 04:10:00,2023-03-19 06:00:00,110.0,10.67
J101,M05,Completed,2023-03-19 00:40:00,2023-03-19 01:17:00,0.0,0.43992768738424026,2023-03-19 06:00:00,2023-03-19 06:37:00,37.0,4.73
J129,M05,Completed,2023-03-19 05:20:00,2023-03-19 06:05:00,0.0,0.3961794424498594,2023-03-19 06:37:00,2023-03-19 07:22:00,45.0,7.75
J121,M05,Completed,2023-03-19 04:00:00,2023-03-19 04:39:00,0.0,0.3641669439739616,2023-03-19 07:22:00,2023-03-19 08:01:00,39.0,8.06
J145,M05,Completed,2023-03-19 08:00:00,2023-03-19 08:22:00,0.0,0.3850922371605632,2023-03-19 08:01:00,2023-03-19 08:23:00,22.0,7.26
J109,M05,Completed,2023-03-19 02:00:00,2023-03-19 03:42:00,0.013333333333333334,0.3478828605854474,2023-03-19 08:23:00,2023-03-19 10:05:00,102.0,5.14
J149,M05,Failed,2023-03-19 08:40:00,2023-03-19 10:20:00,0.9733333333333334,0.5230151087251074,2023-03-19 10:05:00,2023-03-19 11:45:00,100.0,11.84
J164,M05,Delayed,2023-03-19 11:10:00,2023-03-19 12:06:00,0.9933333333333333,0.7847416842013052,2023-03-19 11:45:00,2023-03-19 12:41:00,56.0,4.22
J153,M05,Completed,2023-03-19 09:20:00,2023-03-19 10:26:00,0.0,0.37580018667540943,2023-03-19 12:41:00,2023-03-19 13:47:00,66.0,5.45
J176,M05,Completed,2023-03-19 13:10:00,2023-03-19 14:50:00,0.006666666666666667,0.3496098148265058,2023-03-19 13:47:00,2023-03-19 15:27:00,100.0,2.62
J104,M05,Completed,2023-03-19 01:10:00,2023-03-19 02:12:00,0.0,0.330198758282332,2023-03-19 15:27:00,2023-03-19 16:29:00,62.0,8.45
J072,M05,Completed,2023-03-18 19:50:00,2023-03-18 20:58:00,0.0,0.31055358521003557,2023-03-19 16:29:00,2023-03-19 17:37:00,68.0,6.05
J197,M05,Delayed,2023-03-19 16:40:00,2023-03-19 17:01:00,0.98,0.7688662090952888,2023-03-19 17:37:00,2023-03-19 17:58:00,21.0,9.75
J203,M05,Delayed,2023-03-19 17:40:00,2023-03-19 18:41:00,1.0,0.8289970373048552,2023-03-19 17:58:00,2023-03-19 18:59:00,61.0,3.81
J207,M05,Completed,2023-03-19 18:20:00,2023-03-19 18:41:00,0.006666666666666667,0.5549822938230694,2023-03-19 18:59:00,2023-03-19 19:20:00,21.0,3.53
J158,M05,Completed,2023-03-19 10:10:00,2023-03-19 12:03:00,0.0,0.28261989207058635,2023-03-19 19:20:00,2023-03-19 21:13:00,113.0,7.69
J218,M05,Delayed,2023-03-19 20:10:00,2023-03-19 21:21:00,1.0,0.6750198429809238,2023-03-19 21:13:00,2023-03-19 22:24:00,71.0,10.74
J227,M05,Delayed,2023-03-19 21:40:00,2023-03-19 23:29:00,1.0,0.702010550274377,2023-03-19 22:24:00,2023-03-20 00:13:00,109.0,6.97
J224,M05,Delayed,2023-03-19 21:10:00,2023-03-19 22:35:00,0.9933333333333333,0.5910804416685657,2023-03-20 00:13:00,2023-03-20 01:38:00,85.0,9.63
J220,M05,Completed,2023-03-19 20:30:00,2023-03-19 21:40:00,0.0,0.4436188775769425,2023-03-20 01:38:00,2023-03-20 02:48:00,70.0,4.22
J254,M05,Delayed,2023-03-20 02:10:00,2023-03-20 02:48:00,1.0,0.6147202853052477,2023-03-20 02:48:00,2023-03-20 03:26:00,38.0,14.38
J258,M05,Completed,2023-03-20 02:50:00,2023-03-20 03:18:00,0.006666666666666667,0.3775606325113341,2023-03-20 03:26:00,2023-03-20 03:54:00,28.0,9.23
J262,M05,Failed,2023-03-20 03:30:00,2023-03-20 05:24:00,0.9466666666666667,0.6864545168018414,2023-03-20 03:54:00,2023-03-20 05:48:00,114.0,4.24
J266,M05,Delayed,2023-03-20 04:10:00,2023-03-20 05:46:00,1.0,0.5267038911958748,2023-03-20 05:48:00,2023-03-20 07:24:00,96.0,12.26
J274,M05,Completed,2023-03-20 05:30:00,2023-03-20 05:50:00,0.013333333333333334,0.4631225635441364,2023-03-20 07:24:00,2023-03-20 07:44:00,20.0,4.29
J238,M05,Completed,2023-03-19 23:30:00,2023-03-20 01:05:00,0.006666666666666667,0.28571459103707186,2023-03-20 07:44:00,2023-03-20 09:19:00,95.0,7.18
J280,M05,Completed,2023-03-20 06:30:00,2023-03-20 07:36:00,0.0,0.28368477865602026,2023-03-20 09:19:00,2023-03-20 10:25:00,66.0,9.66
J303,M05,Completed,2023-03-20 10:20:00,2023-03-20 10:58:00,0.006666666666666667,0.37952630227304346,2023-03-20 10:25:00,2023-03-20 11:03:00,38.0,6.46
J140,M05,Completed,2023-03-19 07:10:00,2023-03-19 08:50:00,0.0,0.26264334700972036,2023-03-20 11:03:00,2023-03-20 12:43:00,100.0,8.54
J313,M05,Failed,2023-03-20 12:00:00,2023-03-20 12:59:00,1.0,0.7872517952511305,2023-03-20 12:43:00,2023-03-20 13:42:00,59.0,4.65
J315,M05,Completed,2023-03-20 12:20:00,2023-03-20 13:11:00,0.0,0.4185786633205076,2023-03-20 13:42:00,2023-03-20 14:33:00,51.0,4.67
J324,M05,Delayed,2023-03-20 13:50:00,2023-03-20 14:11:00,0.9733333333333334,0.7011993395384107,2023-03-20 14:33:00,2023-03-20 14:54:00,21.0,11.65
J329,M05,Delayed,2023-03-20 14:40:00,2023-03-20 15:54:00,0.98,0.8167963312284424,2023-03-20 14:54:00,2023-03-20 16:08:00,74.0,2.64
J317,M05,Completed,2023-03-20 12:40:00,2023-03-20 13:50:00,0.0,0.3963681370042671,2023-03-20 16:08:00,2023-03-20 17:18:00,70.0,4.67
J340,M05,Delayed,2023-03-20 16:30:00,2023-03-20 17:28:00,0.9933333333333333,0.7473812978879601,2023-03-20 17:18:00,2023-03-20 18:16:00,58.0,6.8
J345,M05,Failed,2023-03-20 17:20:00,2023-03-20 17:57:00,0.9933333333333333,0.8440337346816956,2023-03-20 18:16:00,2023-03-20 18:53:00,37.0,6.03
J336,M05,Completed,2023-03-20 15:50:00,2023-03-20 16:15:00,0.02,0.36709467192394696,2023-03-20 18:53:00,2023-03-20 19:18:00,25.0,10.4
J332,M05,Completed,2023-03-20 15:10:00,2023-03-20 17:04:00,0.04,0.24902828389355655,2023-03-20 19:18:00,2023-03-20 21:12:00,114.0,9.52
J361,M05,Completed,2023-03-20 20:00:00,2023-03-20 21:23:00,0.006666666666666667,0.3943755495180168,2023-03-20 21:12:00,2023-03-20 22:35:00,83.0,4.43
J375,M05,Failed,2023-03-20 22:20:00,2023-03-21 00:10:00,1.0,0.574701131787805,2023-03-20 22:35:00,2023-03-21 00:25:00,110.0,12.16
J386,M05,Completed,2023-03-21 00:10:00,2023-03-21 01:23:00,0.0,0.3771270543450864,2023-03-21 00:25:00,2023-03-21 01:38:00,73.0,5.47
J373,M05,Completed,2023-03-20 22:00:00,2023-03-20 23:35:00,0.0,0.3554457655394252,2023-03-21 01:38:00,2023-03-21 03:13:00,95.0,4.05
J397,M05,Failed,2023-03-21 02:00:00,2023-03-21 02:23:00,0.9466666666666667,0.8168252508878622,2023-03-21 03:13:00,2023-03-21 03:36:00,23.0,8.52
J360,M05,Completed,2023-03-20 19:50:00,2023-03-20 20:19:00,0.0,0.35397581464853023,2023-03-21 03:36:00,2023-03-21 04:05:00,29.0,8.0
J409,M05,Delayed,2023-03-21 04:00:00,2023-03-21 04:31:00,0.9933333333333333,0.708405605001085,2023-03-21 04:05:00,2023-03-21 04:36:00,31.0,12.64
J410,M05,Completed,2023-03-21 04:10:00,2023-03-21 05:43:00,0.0,0.3785262346363863,2023-03-21 04:36:00,2023-03-21 06:09:00,93.0,2.77
J364,M05,Completed,2023-03-20 20:30:00,2023-03-20 22:25:00,0.006666666666666667,0.3056301857260873,2023-03-21 06:09:00,2023-03-21 08:04:00,115.0,6.41
J426,M05,Delayed,2023-03-21 06:50:00,2023-03-21 08:04:00,1.0,0.7108775713377211,2023-03-21 08:04:00,2023-03-21 09:18:00,74.0,7.11
J423,M05,Delayed,2023-03-21 06:20:00,2023-03-21 08:05:00,0.9933333333333333,0.5276133313364706,2023-03-21 09:18:00,2023-03-21 11:03:00,105.0,12.92
J450,M05,Delayed,2023-03-21 10:50:00,2023-03-21 12:25:00,1.0,0.7280911411099829,2023-03-21 11:03:00,2023-03-21 12:38:00,95.0,4.55
J456,M05,Delayed,2023-03-21 11:50:00,2023-03-21 13:05:00,1.0,0.7451434480556594,2023-03-21 12:38:00,2023-03-21 13:53:00,75.0,7.59
J462,M05,Delayed,2023-03-21 12:50:00,2023-03-21 13:36:00,1.0,0.820783345793829,2023-03-21 13:53:00,2023-03-21 14:39:00,46.0,7.51
J468,M05,Completed,2023-03-21 13:50:00,2023-03-21 14:32:00,0.0,0.37407815608286926,2023-03-21 14:39:00,2023-03-21 15:21:00,42.0,9.42
J442,M05,Completed,2023-03-21 09:30:00,2023-03-21 11:07:00,0.0,0.3719181106259989,2023-03-21 15:21:00,2023-03-21 16:58:00,97.0,3.62
J478,M05,Delayed,2023-03-21 15:30:00,2023-03-21 16:04:00,1.0,0.787988312724408,2023-03-21 16:58:00,2023-03-21 17:32:00,34.0,7.69
J490,M05,Completed,2023-03-21 17:30:00,2023-03-21 18:51:00,0.006666666666666667,0.322844972888174,2023-03-21 17:32:00,2023-03-21 18:53:00,81.0,5.42
J494,M05,Delayed,2023-03-21 18:10:00,2023-03-21 19:21:00,1.0,0.7281546074120737,2023-03-21 18:53:00,2023-03-21 20:04:00,71.0,6.85
J502,M05,Delayed,2023-03-21 19:30:00,2023-03-21 21:01:00,1.0,0.5908328527633537,2023-03-21 20:04:00,2023-03-21 21:35:00,91.0,10.83
J512,M05,Completed,2023-03-21 21:10:00,2023-03-21 22:48:00,0.0,0.33909394149275773,2023-03-21 21:35:00,2023-03-21 23:13:00,98.0,4.27
J518,M05,Completed,2023-03-21 22:10:00,2023-03-21 23:11:00,0.0,0.4330468692999798,2023-03-21 23:13:00,2023-03-22 00:14:00,61.0,4.09
J428,M05,Completed,2023-03-21 07:10:00,2023-03-21 07:47:00,0.0,0.3129463945324754,2023-03-22 00:14:00,2023-03-22 00:51:00,37.0,11.13
J499,M05,Completed,2023-03-21 19:00:00,2023-03-21 20:09:00,0.0,0.3086225703187996,2023-03-22 00:51:00,2023-03-22 02:00:00,69.0,8.55
J540,M05,Completed,2023-03-22 01:50:00,2023-03-22 02:50:00,0.0,0.40381284746958024,2023-03-22 02:00:00,2023-03-22 03:00:00,60.0,3.62
J545,M05,Completed,2023-03-22 02:40:00,2023-03-22 03:30:00,0.013333333333333334,0.390177711053156,2023-03-22 03:00:00,2023-03-22 03:50:00,50.0,6.67
J543,M05,Completed,2023-03-22 02:20:00,2023-03-22 03:47:00,0.0,0.3871743700099106,2023-03-22 03:50:00,2023-03-22 05:17:00,87.0,3.37
J556,M05,Failed,2023-03-22 04:30:00,2023-03-22 05:06:00,0.9533333333333334,0.7768786805265008,2023-03-22 05:17:00,2023-03-22 05:53:00,36.0,5.37
J563,M05,Completed,2023-03-22 05:40:00,2023-03-22 07:00:00,0.0,0.3482140973208128,2023-03-22 05:53:00,2023-03-22 07:13:00,80.0,7.48
J488,M05,Completed,2023-03-21 17:10:00,2023-03-21 18:45:00,0.006666666666666667,0.3069335984610934,2023-03-22 07:13:00,2023-03-22 08:48:00,95.0,5.58
J575,M05,Delayed,2023-03-22 07:40:00,2023-03-22 09:40:00,0.98,0.7189528868435969,2023-03-22 08:48:00,2023-03-22 10:48:00,120.0,2.21
J584,M05,Failed,2023-03-22 09:10:00,2023-03-22 09:42:00,0.9733333333333334,0.8309909233437041,2023-03-22 10:48:00,2023-03-22 11:20:00,32.0,4.86
J585,M05,Failed,2023-03-22 09:20:00,2023-03-22 10:01:00,0.98,0.8089498028071676,2023-03-22 11:20:00,2023-03-22 12:01:00,41.0,5.15
J587,M05,Delayed,2023-03-22 09:40:00,2023-03-22 11:00:00,0.9933333333333333,0.6905419520302678,2023-03-22 12:01:00,2023-03-22 13:21:00,80.0,6.9
J591,M05,Failed,2023-03-22 10:20:00,2023-03-22 11:30:00,0.9866666666666667,0.5984202677235945,2023-03-22 13:21:00,2023-03-22 14:31:00,70.0,13.68
J595,M05,Completed,2023-03-22 11:00:00,2023-03-22 11:26:00,0.02,0.39933157489631793,2023-03-22 14:31:00,2023-03-22 14:57:00,26.0,9.83
J388,M05,Completed,2023-03-21 00:30:00,2023-03-21 00:54:00,0.013333333333333334,0.2892783075816754,2023-03-22 14:57:00,2023-03-22 15:21:00,24.0,11.46
J621,M05,Completed,2023-03-22 15:20:00,2023-03-22 16:18:00,0.0,0.32755881996387415,2023-03-22 15:21:00,2023-03-22 16:19:00,58.0,8.91
J626,M05,Completed,2023-03-22 16:10:00,2023-03-22 17:02:00,0.013333333333333334,0.5153097160759962,2023-03-22 16:19:00,2023-03-22 17:11:00,52.0,2.68
J630,M05,Delayed,2023-03-22 16:50:00,2023-03-22 17:29:00,0.9933333333333333,0.7944589264222381,2023-03-22 17:11:00,2023-03-22 17:50:00,39.0,6.18
J636,M05,Delayed,2023-03-22 17:50:00,2023-03-22 19:03:00,1.0,0.8396437929745647,2023-03-22 17:50:00,2023-03-22 19:03:00,73.0,4.36
J639,M05,Delayed,2023-03-22 18:20:00,2023-03-22 20:02:00,0.9933333333333333,0.8181809570102951,2023-03-22 19:03:00,2023-03-22 20:45:00,102.0,2.21
J643,M05,Delayed,2023-03-22 19:00:00,2023-03-22 20:01:00,1.0,0.7719788171247631,2023-03-22 20:45:00,2023-03-22 21:46:00,61.0,5.82
J638,M05,Completed,2023-03-22 18:10:00,2023-03-22 19:43:00,0.0,0.3644776204269238,2023-03-22 21:46:00,2023-03-22 23:19:00,93.0,4.06
J664,M05,Completed,2023-03-22 22:30:00,2023-03-23 00:07:00,0.05333333333333334,0.43020311378067083,2023-03-22 23:19:00,2023-03-23 00:56:00,97.0,2.25
J419,M05,Completed,2023-03-21 05:40:00,2023-03-21 06:23:00,0.0,0.2875389360271725,2023-03-23 00:56:00,2023-03-23 01:39:00,43.0,13.53
J430,M05,Completed,2023-03-21 07:30:00,2023-03-21 08:14:00,0.013333333333333334,0.2839859324642789,2023-03-23 01:39:00,2023-03-23 02:23:00,44.0,12.69
J437,M05,Completed,2023-03-21 08:40:00,2023-03-21 09:37:00,0.0,0.2627690622283401,2023-03-23 02:23:00,2023-03-23 03:20:00,57.0,11.57
J690,M05,Delayed,2023-03-23 02:50:00,2023-03-23 03:30:00,0.9933333333333333,0.6798711733163353,2023-03-23 03:20:00,2023-03-23 04:00:00,40.0,10.82
J691,M05,Completed,2023-03-23 03:00:00,2023-03-23 04:27:00,0.0,0.32170750315518504,2023-03-23 04:00:00,2023-03-23 05:27:00,87.0,4.38
J704,M05,Delayed,2023-03-23 05:10:00,2023-03-23 05:49:00,1.0,0.7604701534112265,2023-03-23 05:27:00,2023-03-23 06:06:00,39.0,9.13
J708,M05,Delayed,2023-03-23 05:50:00,2023-03-23 07:24:00,1.0,0.6944136667793602,2023-03-23 06:06:00,2023-03-23 07:40:00,94.0,6.32
J698,M05,Delayed,2023-03-23 04:10:00,2023-03-23 05:06:00,1.0,0.6598021341015206,2023-03-23 07:40:00,2023-03-23 08:36:00,56.0,13.15
J713,M05,Failed,2023-03-23 06:40:00,2023-03-23 08:00:00,0.9866666666666667,0.6024798383916101,2023-03-23 08:36:00,2023-03-23 09:56:00,80.0,13.55
J726,M05,Failed,2023-03-23 08:50:00,2023-03-23 10:47:00,0.9866666666666667,0.6622216717615554,2023-03-23 09:56:00,2023-03-23 11:53:00,117.0,5.72
J702,M05,Delayed,2023-03-23 04:50:00,2023-03-23 05:35:00,0.9933333333333333,0.5754995464925626,2023-03-23 11:53:00,2023-03-23 12:38:00,45.0,14.9
J716,M05,Completed,2023-03-23 07:10:00,2023-03-23 07:37:00,0.0,0.5323904557111325,2023-03-23 12:38:00,2023-03-23 13:05:00,27.0,3.19
J715,M05,Completed,2023-03-23 07:00:00,2023-03-23 07:51:00,0.0,0.4868820354710224,2023-03-23 13:05:00,2023-03-23 13:56:00,51.0,4.22
J751,M05,Completed,2023-03-23 13:00:00,2023-03-23 14:30:00,0.006666666666666667,0.4094020479127719,2023-03-23 13:56:00,2023-03-23 15:26:00,90.0,2.72
J763,M05,Failed,2023-03-23 15:00:00,2023-03-23 16:24:00,0.9933333333333333,0.6423074026700643,2023-03-23 15:26:00,2023-03-23 16:50:00,84.0,11.37
J773,M05,Failed,2023-03-23 16:40:00,2023-03-23 18:40:00,0.94,0.6246629059387592,2023-03-23 16:50:00,2023-03-23 18:50:00,120.0,6.96
J770,M05,Delayed,2023-03-23 16:10:00,2023-03-23 17:55:00,0.9866666666666667,0.5723597231433232,2023-03-23 18:50:00,2023-03-23 20:35:00,105.0,9.96
J794,M05,Delayed,2023-03-23 20:10:00,2023-03-23 21:43:00,0.98,0.7384441013910757,2023-03-23 20:35:00,2023-03-23 22:08:00,93.0,6.66
J799,M05,Delayed,2023-03-23 21:00:00,2023-03-23 22:44:00,0.9933333333333333,0.6252510377763827,2023-03-23 22:08:00,2023-03-23 23:52:00,104.0,7.42
J736,M05,Completed,2023-03-23 10:30:00,2023-03-23 10:57:00,0.013333333333333334,0.40246022535891657,2023-03-23 23:52:00,2023-03-24 00:19:00,27.0,6.99
J737,M05,Completed,2023-03-23 10:40:00,2023-03-23 11:00:00,0.04,0.3728356125490204,2023-03-24 00:19:00,2023-03-24 00:39:00,20.0,10.93
J819,M05,Completed,2023-03-24 00:20:00,2023-03-24 01:32:00,0.013333333333333334,0.374173490787078,2023-03-24 00:39:00,2023-03-24 01:51:00,72.0,7.28
J824,M05,Completed,2023-03-24 01:10:00,2023-03-24 02:43:00,0.006666666666666667,0.39923859378824933,2023-03-24 01:51:00,2023-03-24 03:24:00,93.0,2.9
J837,M05,Failed,2023-03-24 03:20:00,2023-03-24 04:12:00,0.98,0.8710954019580059,2023-03-24 03:24:00,2023-03-24 04:16:00,52.0,3.56
J831,M05,Delayed,2023-03-24 02:20:00,2023-03-24 03:40:00,0.9933333333333333,0.6335399636421956,2023-03-24 04:16:00,2023-03-24 05:36:00,80.0,12.55
J850,M05,Failed,2023-03-24 05:30:00,2023-03-24 07:21:00,0.9666666666666667,0.6481800372295775,2023-03-24 05:36:00,2023-03-24 07:27:00,111.0,6.5
J849,M05,Completed,2023-03-24 05:20:00,2023-03-24 06:13:00,0.013333333333333334,0.36810823899419615,2023-03-24 07:27:00,2023-03-24 08:20:00,53.0,8.73
J771,M05,Completed,2023-03-23 16:20:00,2023-03-23 18:03:00,0.0,0.3504265714463374,2023-03-24 08:20:00,2023-03-24 10:03:00,103.0,2.21
J877,M05,Delayed,2023-03-24 10:00:00,2023-03-24 10:23:00,0.9866666666666667,0.7748655868720649,2023-03-24 10:03:00,2023-03-24 10:26:00,23.0,6.93
J879,M05,Failed,2023-03-24 10:20:00,2023-03-24 11:12:00,0.9866666666666667,0.6679632616748217,2023-03-24 10:26:00,2023-03-24 11:18:00,52.0,13.14
J812,M05,Completed,2023-03-23 23:10:00,2023-03-23 23:34:00,0.0,0.3470419997744594,2023-03-24 11:18:00,2023-03-24 11:42:00,24.0,10.78
J882,M05,Completed,2023-03-24 10:50:00,2023-03-24 11:50:00,0.006666666666666667,0.3430497369204319,2023-03-24 11:42:00,2023-03-24 12:42:00,60.0,7.5
J790,M05,Completed,2023-03-23 19:30:00,2023-03-23 19:58:00,0.0,0.3354466582972474,2023-03-24 12:42:00,2023-03-24 13:10:00,28.0,8.66
J878,M05,Completed,2023-03-24 10:10:00,2023-03-24 12:06:00,0.0,0.33166189182189537,2023-03-24 13:10:00,2023-03-24 15:06:00,116.0,3.49
J898,M05,Delayed,2023-03-24 13:30:00,2023-03-24 13:50:00,0.98,0.7800047068426608,2023-03-24 15:06:00,2023-03-24 15:26:00,20.0,9.81
J904,M05,Failed,2023-03-24 14:30:00,2023-03-24 15:35:00,0.9733333333333334,0.6313059012398877,2023-03-24 15:26:00,2023-03-24 16:31:00,65.0,12.46
J901,M05,Delayed,2023-03-24 14:00:00,2023-03-24 15:34:00,0.9933333333333333,0.5695053899314787,2023-03-24 16:31:00,2023-03-24 18:05:00,94.0,12.06
J843,M05,Completed,2023-03-24 04:20:00,2023-03-24 05:21:00,0.0,0.3222527289846979,2023-03-24 18:05:00,2023-03-24 19:06:00,61.0,8.88
J885,M05,Completed,2023-03-24 11:20:00,2023-03-24 12:05:00,0.0,0.31677352596712444,2023-03-24 19:06:00,2023-03-24 19:51:00,45.0,8.68
J936,M05,Completed,2023-03-24 19:50:00,2023-03-24 20:12:00,0.0,0.32253897660638076,2023-03-24 19:51:00,2023-03-24 20:13:00,22.0,13.15
J747,M05,Completed,2023-03-23 12:20:00,2023-03-23 12:56:00,0.0,0.3126414803592528,2023-03-24 20:13:00,2023-03-24 20:49:00,36.0,13.05
J919,M05,Completed,2023-03-24 17:00:00,2023-03-24 17:48:00,0.006666666666666667,0.3099828213713805,2023-03-24 20:49:00,2023-03-24 21:37:00,48.0,11.56
J813,M05,Completed,2023-03-23 23:20:00,2023-03-24 01:19:00,0.03333333333333333,0.30238442288765777,2023-03-24 21:37:00,2023-03-24 23:36:00,119.0,3.48
J958,M05,Completed,2023-03-24 23:30:00,2023-03-25 00:14:00,0.0,0.4382963113326599,2023-03-24 23:36:00,2023-03-25 00:20:00,44.0,2.83
J951,M05,Completed,2023-03-24 22:20:00,2023-03-24 23:41:00,0.0,0.41994294526398457,2023-03-25 00:20:00,2023-03-25 01:41:00,81.0,4.52
J895,M05,Completed,2023-03-24 13:00:00,2023-03-24 14:22:00,0.0,0.294703079995689,2023-03-25 01:41:00,2023-03-25 03:03:00,82.0,6.89
J976,M05,Failed,2023-03-25 02:30:00,2023-03-25 04:11:00,0.9666666666666667,0.620823790023254,2023-03-25 03:03:00,2023-03-25 04:44:00,101.0,9.23
J974,M05,Delayed,2023-03-25 02:10:00,2023-03-25 02:51:00,1.0,0.6165845875406305,2023-03-25 04:44:00,2023-03-25 05:25:00,41.0,14.04
J983,M05,Delayed,2023-03-25 03:40:00,2023-03-25 04:26:00,1.0,0.6104599273936628,2023-03-25 05:25:00,2023-03-25 06:11:00,46.0,14.1
J997,M05,Failed,2023-03-25 06:00:00,2023-03-25 07:00:00,1.0,0.8089583244865769,2023-03-25 06:11:00,2023-03-25 07:11:00,60.0,3.17
J993,M05,Delayed,2023-03-25 05:20:00,2023-03-25 07:05:00,0.9933333333333333,0.5647313770253247,2023-03-25 07:11:00,2023-03-25 08:56:00,105.0,9.95
J986,M05,Completed,2023-03-25 04:10:00,2023-03-25 05:10:00,0.006666666666666667,0.4190875569847912,2023-03-25 08:56:00,2023-03-25 09:56:00,60.0,3.53
J1000,M05,Completed,2023-03-25 06:30:00,2023-03-25 08:21:00,0.02,0.32485160086048687,2023-03-25 09:56:00,2023-03-25 11:47:00,111.0,3.88
J750,M05,Completed,2023-03-23 12:50:00,2023-03-23 14:04:00,0.006666666666666667,0.2918585670158521,2023-03-25 11:47:00,2023-03-25 13:01:00,74.0,7.82
J807,M05,Completed,2023-03-23 22:20:00,2023-03-23 23:59:00,0.006666666666666667,0.2906716173727472,2023-03-25 13:01:00,2023-03-25 14:40:00,99.0,7.53
J913,M05,Completed,2023-03-24 16:00:00,2023-03-24 16:31:00,0.0,0.2714545307208111,2023-03-25 14:40:00,2023-03-25 15:11:00,31.0,12.76
J926,M05,Completed,2023-03-24 18:10:00,2023-03-24 20:05:00,0.0,0.2706825467785545,2023-03-25 15:11:00,2023-03-25 17:06:00,115.0,4.62
J470,M05,Completed,2023-03-21 14:10:00,2023-03-21 15:06:00,0.0,0.26054879683900845,2023-03-25 17:06:00,2023-03-25 18:02:00,56.0,11.98
J967,M05,Completed,2023-03-25 01:00:00,2023-03-25 02:04:00,0.0,0.2604397192079911,2023-03-25 18:02:00,2023-03-25 19:06:00,64.0,8.79
J367,M05,Completed,2023-03-20 21:00:00,2023-03-20 21:38:00,0.006666666666666667,0.25838439585903916,2023-03-25 19:06:00,2023-03-25 19:44:00,38.0,12.38
J448,M05,Completed,2023-03-21 10:30:00,2023-03-21 11:24:00,0.0,0.25697666682330106,2023-03-25 19:44:00,2023-03-25 20:38:00,54.0,12.99
J897,M05,Completed,2023-03-24 13:20:00,2023-03-24 14:20:00,0.006666666666666667,0.25427807763138843,2023-03-25 20:38:00,2023-03-25 21:38:00,60.0,9.29
J328,M05,Completed,2023-03-20 14:30:00,2023-03-20 15:27:00,0.0,0.24872450596688256,2023-03-25 21:38:00,2023-03-25 22:35:00,57.0,13.77
J335,M05,Completed,2023-03-20 15:40:00,2023-03-20 16:39:00,0.0,0.2412509029150987,2023-03-25 22:35:00,2023-03-25 23:34:00,59.0,13.01
J506,M05,Completed,2023-03-21 20:10:00,2023-03-21 22:07:00,0.013333333333333334,0.23935751870998329,2023-03-25 23:34:00,2023-03-26 01:31:00,117.0,8.99
J854,M05,Completed,2023-03-24 06:10:00,2023-03-24 07:18:00,0.0,0.23423982471804083,2023-03-26 01:31:00,2023-03-26 02:39:00,68.0,12.99
J994,M05,Completed,2023-03-25 05:30:00,2023-03-25 07:04:00,0.0,0.2339299598434542,2023-03-26 02:39:00,2023-03-26 04:13:00,94.0,9.39
J521,M05,Completed,2023-03-21 22:40:00,2023-03-21 23:42:00,0.0,0.22802775638387565,2023-03-26 04:13:00,2023-03-26 05:15:00,62.0,14.46
J427,M05,Completed,2023-03-21 07:00:00,2023-03-21 08:04:00,0.0,0.22666948019748762,2023-03-26 05:15:00,2023-03-26 06:19:00,64.0,10.25
J786,M05,Completed,2023-03-23 18:50:00,2023-03-23 20:40:00,0.0,0.22499939132316576,2023-03-26 06:19:00,2023-03-26 08:09:00,110.0,7.71
J252,M05,Completed,2023-03-20 01:50:00,2023-03-20 02:28:00,0.0,0.22234922698564416,2023-03-26 08:09:00,2023-03-26 08:47:00,38.0,13.14
J314,M05,Completed,2023-03-20 12:10:00,2023-03-20 14:03:00,0.0,0.21716114111187074,2023-03-26 08:47:00,2023-03-26 10:40:00,113.0,10.52
J781,M05,Completed,2023-03-23 18:00:00,2023-03-23 19:43:00,0.0,0.2170256056655064,2023-03-26 10:40:00,2023-03-26 12:23:00,103.0,8.66
J305,M05,Completed,2023-03-20 10:40:00,2023-03-20 12:09:00,0.0,0.2150251998742071,2023-03-26 12:23:00,2023-03-26 13:52:00,89.0,12.46
J110,M05,Completed,2023-03-19 02:10:00,2023-03-19 03:57:00,0.006666666666666667,0.21244705056308424,2023-03-26 13:52:00,2023-03-26 15:39:00,107.0,9.31
J171,M05,Completed,2023-03-19 12:20:00,2023-03-19 13:32:00,0.0,0.2100486142336329,2023-03-26 15:39:00,2023-03-26 16:51:00,72.0,13.69
J594,M05,Completed,2023-03-22 10:50:00,2023-03-22 12:14:00,0.0,0.2063424096302094,2023-03-26 16:51:00,2023-03-26 18:15:00,84.0,12.13
J816,M05,Completed,2023-03-23 23:50:00,2023-03-24 00:24:00,0.006666666666666667,0.2027151997428796,2023-03-26 18:15:00,2023-03-26 18:49:00,34.0,14.45
J399,M05,Completed,2023-03-21 02:20:00,2023-03-21 03:40:00,0.0,0.18687010512322394,2023-03-26 18:49:00,2023-03-26 20:09:00,80.0,12.18
J808,M05,Completed,2023-03-23 22:30:00,2023-03-24 00:24:00,0.0,0.1846250862502799,2023-03-26 20:09:00,2023-03-26 22:03:00,114.0,10.93
J434,M05,Completed,2023-03-21 08:10:00,2023-03-21 09:37:00,0.0,0.18357902855048583,2023-03-26 22:03:00,2023-03-26 23:30:00,87.0,14.22
J365,M05,Completed,2023-03-20 20:40:00,2023-03-20 22:26:00,0.0,0.1806072312814187,2023-03-26 23:30:00,2023-03-27 01:16:00,106.0,9.52
J152,M05,Completed,2023-03-19 09:10:00,2023-03-19 10:56:00,0.013333333333333334,0.18004030895892417,2023-03-27 01:16:00,2023-03-27 03:02:00,106.0,9.32
J290,M05,Completed,2023-03-20 08:10:00,2023-03-20 09:31:00,0.0,0.17653508097806872,2023-03-27 03:02:00,2023-03-27 04:23:00,81.0,10.72
J108,M05,Completed,2023-03-19 01:50:00,2023-03-19 03:08:00,0.006666666666666667,0.17024009524887618,2023-03-27 04:23:00,2023-03-27 05:41:00,78.0,14.78
J562,M05,Completed,2023-03-22 05:30:00,2023-03-22 07:18:00,0.0,0.16996031329347633,2023-03-27 05:41:00,2023-03-27 07:29:00,108.0,10.49
J242,M05,Completed,2023-03-20 00:10:00,2023-03-20 01:52:00,0.0,0.15408221403733743,2023-03-27 07:29:00,2023-03-27 09:11:00,102.0,10.33
J839,M05,Completed,2023-03-24 03:40:00,2023-03-24 04:54:00,0.006666666666666667,0.15174169813829474,2023-03-27 09:11:00,2023-03-27 10:25:00,74.0,12.74
J934,M05,Completed,2023-03-24 19:30:00,2023-03-24 20:58:00,0.006666666666666667,0.14201463568535405,2023-03-27 10:25:00,2023-03-27 11:53:00,88.0,11.95
J086,M05,Completed,2023-03-18 22:10:00,2023-03-18 23:27:00,0.0,0.13862752102612683,2023-03-27 11:53:00,2023-03-27 13:10:00,77.0,14.07
J219,M05,Completed,2023-03-19 20:20:00,2023-03-19 22:07:00,0.006666666666666667,0.12685682210620935,2023-03-27 13:10:00,2023-03-27 14:57:00,107.0,11.19
J403,M05,Completed,2023-03-21 03:00:00,2023-03-21 04:53:00,0.006666666666666667,0.11063655671701769,2023-03-27 14:57:00,2023-03-27 16:50:00,113.0,11.6
J357,M05,Completed,2023-03-20 19:20:00,2023-03-20 21:16:00,0.0,0.09288820357041458,2023-03-27 16:50:00,2023-03-27 18:46:00,116.0,11.31
J565,M05,Completed,2023-03-22 06:00:00,2023-03-22 07:50:00,0.006666666666666667,0.07309478015103235,2023-03-27 18:46:00,2023-03-27 20:36:00,110.0,13.71
J647,M05,Completed,2023-03-22 19:40:00,2023-03-22 21:17:00,0.006666666666666667,0.06410715689292862,2023-03-27 20:36:00,2023-03-27 22:13:00,97.0,14.54
